lat,lon,mean,slope
7.0,-129.5,1905.64643,-10.09069
8.0,-129.5,1889.73179,1.02099
9.0,-129.5,1887.98096,-0.24522
10.0,-129.5,1899.15573,0.19083
11.0,-129.5,1895.68951,-0.17937
12.0,-129.5,1909.80173,0.001
13.0,-129.5,1907.09091,-0.03036
14.0,-129.5,1902.40898,-0.07561
15.0,-129.5,1903.7813,0.16656
16.0,-129.5,1913.88106,-0.12099
17.0,-129.5,1915.36633,-0.16208
18.0,-129.5,1910.12409,-0.14105
19.0,-129.5,1903.37018,0.05104
20.0,-129.5,1900.53861,-0.00086
21.0,-129.5,1912.56854,-0.39238
22.0,-129.5,1915.64262,-0.30842
23.0,-129.5,1921.70236,-0.12454
24.0,-129.5,1932.99944,0.23669
25.0,-129.5,1927.13036,-0.07096
26.0,-129.5,1922.5167,0.00755
27.0,-129.5,1926.23289,0.41394
28.0,-129.5,1920.61872,0.14012
29.0,-129.5,1915.67968,0.05325
30.0,-129.5,1910.92876,0.00673
31.0,-129.5,1908.07965,0.02525
32.0,-129.5,1918.88474,-0.03996
33.0,-129.5,1914.35969,-0.06066
34.0,-129.5,1907.33254,-0.01498
35.0,-129.5,1909.80574,0.11882
36.0,-129.5,1902.37547,0.05885
37.0,-129.5,1909.06861,0.04458
38.0,-129.5,1910.44376,0.02699
39.0,-129.5,1906.28054,0.02801
40.0,-129.5,1902.38607,-0.1731
41.0,-129.5,1896.5377,-0.09034
42.0,-129.5,1898.8749,-0.13704
43.0,-129.5,1901.35215,0.17987
44.0,-129.5,1900.36172,0.52153
45.0,-129.5,1897.32723,0.84147
46.0,-129.5,1891.50684,2.50694
47.0,-129.5,1890.53929,0.16601
48.0,-129.5,1864.48479,-2.8
50.0,-129.5,1887.6062,0.64404
51.0,-129.5,1885.21324,-0.0
52.0,-129.5,1821.98533,0.03347
53.0,-129.5,1847.66081,0.17252
54.0,-129.5,1849.18903,-3.1632
55.0,-129.5,1853.99351,0.00676
56.0,-129.5,1843.94912,-0.15625
58.0,-129.5,1847.10212,0.2933
59.0,-129.5,1847.99217,0.26599
60.0,-129.5,1861.91436,-0.02901
61.0,-129.5,1862.34309,-0.17962
62.0,-129.5,1860.43149,0.14969
63.0,-129.5,1863.58194,-0.00299
64.0,-129.5,1830.54864,0.39387
65.0,-129.5,1860.17128,0.03458
66.0,-129.5,1870.26339,0.04259
67.0,-129.5,1870.63825,0.04844
68.0,-129.5,1871.71972,0.03336
69.0,-129.5,1871.30285,0.02295
70.0,-129.5,1871.2359,0.0164
7.0,-128.5,1912.76896,0.06267
8.0,-128.5,1910.53691,-0.42912
9.0,-128.5,1895.58043,6.13497
10.0,-128.5,1895.20754,2.22558
11.0,-128.5,1897.67117,0.48459
12.0,-128.5,1911.8367,0.12847
13.0,-128.5,1901.79675,0.00899
14.0,-128.5,1900.49546,-0.09967
15.0,-128.5,1904.78461,0.04305
16.0,-128.5,1908.72594,0.1185
17.0,-128.5,1905.81345,-0.16585
18.0,-128.5,1898.89898,-0.16361
19.0,-128.5,1907.55113,-0.03509
20.0,-128.5,1903.41513,-0.04595
21.0,-128.5,1904.88506,-0.28715
22.0,-128.5,1914.95736,-0.33957
23.0,-128.5,1917.41854,0.21296
24.0,-128.5,1908.57811,0.11711
25.0,-128.5,1914.82282,-0.03973
26.0,-128.5,1918.93754,-1.13358
27.0,-128.5,1933.93586,0.219
28.0,-128.5,1918.88032,0.23385
29.0,-128.5,1904.69438,-0.14463
30.0,-128.5,1904.02304,0.03921
31.0,-128.5,1907.96115,0.01562
32.0,-128.5,1911.51796,-0.00273
33.0,-128.5,1908.88035,-0.00575
34.0,-128.5,1899.9229,0.0351
35.0,-128.5,1905.7023,0.03546
36.0,-128.5,1905.33918,-0.00691
37.0,-128.5,1905.65484,0.02789
38.0,-128.5,1907.78797,0.03542
39.0,-128.5,1904.07778,0.0019
40.0,-128.5,1904.72777,-0.02625
41.0,-128.5,1900.00287,-0.0228
42.0,-128.5,1901.42778,-0.03889
43.0,-128.5,1902.28398,-0.03533
44.0,-128.5,1898.92962,0.02647
45.0,-128.5,1904.01115,1.14904
46.0,-128.5,1904.78131,2.364
47.0,-128.5,1889.5353,0.61771
48.0,-128.5,1891.55579,3.38303
49.0,-128.5,1888.80271,14.58503
50.0,-128.5,1845.72492,-0.66737
51.0,-128.5,1858.30965,0.29555
52.0,-128.5,1852.21876,0.06089
53.0,-128.5,1861.82433,0.02809
54.0,-128.5,1855.18095,0.07774
55.0,-128.5,1859.22031,0.26344
56.0,-128.5,1848.11693,0.77489
57.0,-128.5,1848.69868,0.04015
58.0,-128.5,1860.12264,-0.12486
59.0,-128.5,1857.10474,-0.16429
60.0,-128.5,1863.48933,-0.00473
61.0,-128.5,1854.35438,0.27492
62.0,-128.5,1864.31138,10.14508
63.0,-128.5,1856.51113,3.14877
64.0,-128.5,1864.26637,0.08509
65.0,-128.5,1863.42932,0.03505
66.0,-128.5,1870.25424,0.03931
67.0,-128.5,1870.43416,0.049
68.0,-128.5,1869.81154,0.04385
69.0,-128.5,1871.6011,0.02932
70.0,-128.5,1872.50496,-0.64055
71.0,-128.5,1875.20557,-0.25371
7.0,-127.5,1908.06541,-0.03803
8.0,-127.5,1905.55854,1.69653
9.0,-127.5,1906.54311,-0.55788
10.0,-127.5,1906.82114,-1.74196
11.0,-127.5,1911.10874,-0.10734
12.0,-127.5,1900.82877,0.02697
13.0,-127.5,1903.66032,-0.01879
14.0,-127.5,1903.09902,-0.01202
15.0,-127.5,1901.34915,-0.01336
16.0,-127.5,1910.68368,0.13168
17.0,-127.5,1909.80602,-0.01908
18.0,-127.5,1893.54779,0.02805
19.0,-127.5,1900.90367,-0.20514
20.0,-127.5,1912.5947,0.03188
21.0,-127.5,1904.92379,-0.85287
22.0,-127.5,1910.54819,-0.20011
23.0,-127.5,1919.16755,-0.3347
24.0,-127.5,1916.00284,0.00293
25.0,-127.5,1917.67652,0.45587
26.0,-127.5,1910.57358,-0.15158
27.0,-127.5,1914.14195,0.20214
28.0,-127.5,1909.96706,0.05214
29.0,-127.5,1905.51839,-0.14463
30.0,-127.5,1906.65791,-0.0577
31.0,-127.5,1911.96455,0.12236
32.0,-127.5,1914.02835,0.10408
33.0,-127.5,1906.39248,-0.13481
34.0,-127.5,1904.75137,-0.01291
35.0,-127.5,1911.13193,0.01913
36.0,-127.5,1909.63988,0.00285
37.0,-127.5,1906.6047,0.01351
38.0,-127.5,1907.46178,0.01657
39.0,-127.5,1904.98454,0.00195
40.0,-127.5,1903.5448,0.00741
41.0,-127.5,1902.11258,0.03198
42.0,-127.5,1898.83263,-0.12322
43.0,-127.5,1900.96345,-0.15355
44.0,-127.5,1901.22159,-1.53421
45.0,-127.5,1896.88232,-0.0
47.0,-127.5,1880.25001,-1.65161
48.0,-127.5,1903.09342,-1.60984
49.0,-127.5,1877.11909,0.16301
50.0,-127.5,1848.51797,0.22783
51.0,-127.5,1851.43837,0.0288
52.0,-127.5,1830.52527,0.05714
53.0,-127.5,1821.41141,-2.75412
54.0,-127.5,1876.11947,0.00358
55.0,-127.5,1864.87659,0.12293
56.0,-127.5,1864.10238,0.06226
57.0,-127.5,1847.914,2.99519
58.0,-127.5,1851.61758,0.14712
59.0,-127.5,1861.99133,-0.02144
60.0,-127.5,1859.19781,0.02377
61.0,-127.5,1861.26697,-0.00427
64.0,-127.5,1839.40778,-0.32679
65.0,-127.5,1864.79848,0.02591
66.0,-127.5,1869.75742,0.03832
67.0,-127.5,1869.4988,0.04711
68.0,-127.5,1867.76328,0.04671
69.0,-127.5,1874.34583,0.03639
70.0,-127.5,1879.37121,-1.08043
71.0,-127.5,1879.30468,0.02255
7.0,-126.5,1908.84711,-0.08362
8.0,-126.5,1904.58247,0.124
9.0,-126.5,1906.42796,-3.30166
10.0,-126.5,1902.8432,0.03828
11.0,-126.5,1897.89169,0.66426
12.0,-126.5,1905.36978,0.09307
13.0,-126.5,1902.81664,-0.04921
14.0,-126.5,1901.87499,0.03199
15.0,-126.5,1906.2807,0.07844
16.0,-126.5,1904.65683,-0.04464
17.0,-126.5,1900.44107,0.03069
18.0,-126.5,1897.84413,-0.18048
19.0,-126.5,1899.76036,-0.07632
20.0,-126.5,1909.00283,-0.11851
21.0,-126.5,1914.79574,-0.24506
22.0,-126.5,1914.79498,-0.03468
23.0,-126.5,1915.72442,-0.03371
24.0,-126.5,1923.67373,-0.04668
25.0,-126.5,1924.8527,-0.27795
26.0,-126.5,1920.20788,0.06333
27.0,-126.5,1917.51231,-0.29492
28.0,-126.5,1911.09089,0.02571
29.0,-126.5,1905.44125,-0.4331
30.0,-126.5,1907.21423,-0.45583
31.0,-126.5,1914.25055,0.17292
32.0,-126.5,1910.92934,-0.03439
33.0,-126.5,1909.88622,0.02471
34.0,-126.5,1909.75381,-0.08253
35.0,-126.5,1913.68669,0.05674
36.0,-126.5,1913.54112,0.02554
37.0,-126.5,1907.64195,0.00022
38.0,-126.5,1905.96386,0.00655
39.0,-126.5,1903.81808,-0.01051
40.0,-126.5,1903.51959,-0.0071
41.0,-126.5,1902.16465,0.02242
42.0,-126.5,1904.67055,0.03824
43.0,-126.5,1890.34195,0.03328
44.0,-126.5,1895.35197,-0.03209
45.0,-126.5,1910.45112,0.38214
46.0,-126.5,1897.83807,-3.88984
47.0,-126.5,1876.63109,-0.19171
48.0,-126.5,1869.81526,-0.54642
49.0,-126.5,1858.85424,0.08653
50.0,-126.5,1823.02228,-0.23372
51.0,-126.5,1839.23123,-0.13291
53.0,-126.5,1878.51313,0.2228
54.0,-126.5,1872.95899,0.06286
55.0,-126.5,1863.86296,-0.11346
56.0,-126.5,1861.16115,0.00395
57.0,-126.5,1839.80316,-0.09707
58.0,-126.5,1825.24693,-0.66442
59.0,-126.5,1847.41278,-0.64344
60.0,-126.5,1860.99534,-0.01179
61.0,-126.5,1860.21552,-0.18372
63.0,-126.5,1846.92897,0.16753
64.0,-126.5,1856.34253,-0.04396
65.0,-126.5,1861.08447,0.03316
66.0,-126.5,1866.97069,0.04073
67.0,-126.5,1861.7812,0.04977
68.0,-126.5,1866.51767,0.04716
69.0,-126.5,1874.68692,0.02991
70.0,-126.5,1875.12477,0.05316
72.0,-126.5,1884.4692,0.3103
7.0,-125.5,1897.15895,0.93245
8.0,-125.5,1905.88423,1.81458
9.0,-125.5,1906.04674,0.27318
10.0,-125.5,1901.75057,-1.41679
11.0,-125.5,1904.1073,-0.06296
12.0,-125.5,1908.5606,0.42189
13.0,-125.5,1901.95416,1.52933
14.0,-125.5,1911.82935,-0.3417
15.0,-125.5,1899.38071,-0.09409
16.0,-125.5,1893.41527,0.22999
17.0,-125.5,1896.69904,0.04751
18.0,-125.5,1912.94631,-0.01553
19.0,-125.5,1904.21729,-0.26726
20.0,-125.5,1909.1261,-0.17098
21.0,-125.5,1918.67635,-0.39548
22.0,-125.5,1916.669,0.0039
23.0,-125.5,1920.88351,-0.08512
24.0,-125.5,1916.71715,0.11692
25.0,-125.5,1920.51802,-1.97793
26.0,-125.5,1912.40522,0.01209
27.0,-125.5,1904.81241,0.18508
28.0,-125.5,1920.94939,0.47555
29.0,-125.5,1923.43131,-0.23307
30.0,-125.5,1915.81781,0.01946
31.0,-125.5,1922.70061,0.18332
32.0,-125.5,1924.65661,0.20916
33.0,-125.5,1915.23236,0.04671
34.0,-125.5,1906.28797,0.00433
35.0,-125.5,1905.42942,0.01879
36.0,-125.5,1906.70417,0.01475
37.0,-125.5,1906.14405,0.02514
38.0,-125.5,1905.74293,0.01675
39.0,-125.5,1901.74907,0.02777
40.0,-125.5,1902.21332,0.04552
41.0,-125.5,1901.79145,0.03272
42.0,-125.5,1901.62941,-0.01357
43.0,-125.5,1907.06862,0.12514
44.0,-125.5,1903.38932,0.25611
45.0,-125.5,1905.83484,0.5129
46.0,-125.5,1892.62626,-1.21691
47.0,-125.5,1884.2518,0.57285
48.0,-125.5,1877.20509,-0.09478
49.0,-125.5,1865.70091,0.03717
50.0,-125.5,1845.9196,0.01893
51.0,-125.5,1840.55744,-4.27638
52.0,-125.5,1873.16488,0.01898
53.0,-125.5,1882.07068,0.01271
54.0,-125.5,1877.2056,-0.00603
55.0,-125.5,1864.72015,-0.11789
56.0,-125.5,1870.11404,-0.18853
57.0,-125.5,1851.70768,-0.01863
58.0,-125.5,1826.72405,-0.13725
59.0,-125.5,1865.31261,0.06483
60.0,-125.5,1858.68151,0.08756
61.0,-125.5,1862.65672,-0.10283
62.0,-125.5,1856.97547,-0.64666
63.0,-125.5,1852.72444,0.02162
64.0,-125.5,1861.12571,0.0555
65.0,-125.5,1867.35713,0.0339
66.0,-125.5,1867.17665,0.02896
67.0,-125.5,1860.85097,0.0512
68.0,-125.5,1867.34561,0.03377
69.0,-125.5,1874.00158,0.02786
70.0,-125.5,1878.13433,1.53101
72.0,-125.5,1874.52415,-0.57351
73.0,-125.5,1876.8102,-0.36349
74.0,-125.5,1870.37174,-4.13075
7.0,-124.5,1906.32943,0.31844
8.0,-124.5,1897.92998,3.73234
9.0,-124.5,1894.77874,-11.31078
10.0,-124.5,1895.7021,1.53891
11.0,-124.5,1902.09642,-0.26297
12.0,-124.5,1907.20111,-0.16684
13.0,-124.5,1898.36586,0.23873
14.0,-124.5,1901.96109,0.00507
15.0,-124.5,1895.97601,0.06557
16.0,-124.5,1898.45709,0.09529
17.0,-124.5,1903.9626,0.11417
18.0,-124.5,1906.63614,0.00124
19.0,-124.5,1906.27017,-0.11064
20.0,-124.5,1908.77422,-0.21794
21.0,-124.5,1926.5308,0.02196
22.0,-124.5,1920.62886,1.79301
23.0,-124.5,1932.65879,0.0869
24.0,-124.5,1915.53689,-0.00031
25.0,-124.5,1914.96865,-0.50091
26.0,-124.5,1892.47391,-0.7968
27.0,-124.5,1902.91511,-0.54515
28.0,-124.5,1919.44003,0.17901
29.0,-124.5,1917.55253,0.01546
30.0,-124.5,1916.2144,-0.01411
31.0,-124.5,1914.19504,0.05456
32.0,-124.5,1912.18845,0.04922
33.0,-124.5,1911.33936,0.02349
34.0,-124.5,1906.70284,0.01161
35.0,-124.5,1905.42299,0.01798
36.0,-124.5,1904.34064,0.04519
37.0,-124.5,1902.25726,0.04736
38.0,-124.5,1903.21088,0.02608
39.0,-124.5,1900.37906,0.02382
40.0,-124.5,1891.91909,0.03697
41.0,-124.5,1893.48309,0.02951
42.0,-124.5,1882.79287,0.04218
43.0,-124.5,1884.95462,0.14226
44.0,-124.5,1891.38163,0.22624
45.0,-124.5,1883.82272,0.34723
46.0,-124.5,1879.03275,-0.16092
47.0,-124.5,1873.83056,0.09538
48.0,-124.5,1861.65959,-0.90981
49.0,-124.5,1848.60341,0.06152
50.0,-124.5,1820.09067,0.62616
51.0,-124.5,1885.85687,-0.89645
52.0,-124.5,1879.56445,0.00545
53.0,-124.5,1880.26704,0.04046
54.0,-124.5,1878.03956,0.04039
55.0,-124.5,1872.6417,0.05207
56.0,-124.5,1853.21486,0.07027
57.0,-124.5,1837.84681,-0.15929
58.0,-124.5,1852.5448,-0.0
59.0,-124.5,1858.93829,0.00685
60.0,-124.5,1864.46682,0.05624
61.0,-124.5,1853.05526,-0.18348
62.0,-124.5,1863.60227,-4.39146
63.0,-124.5,1861.54656,-0.00826
64.0,-124.5,1860.33143,0.0327
65.0,-124.5,1871.59816,0.03271
66.0,-124.5,1863.52521,0.0202
67.0,-124.5,1864.26008,0.03594
68.0,-124.5,1868.81461,0.01981
69.0,-124.5,1875.35452,0.03193
70.0,-124.5,1876.27276,0.02734
71.0,-124.5,1813.32575,-0.18661
72.0,-124.5,1877.79926,-4.51904
73.0,-124.5,1879.3115,0.20379
74.0,-124.5,1880.98017,0.0354
75.0,-124.5,1884.49681,-0.02204
7.0,-123.5,1892.58287,-0.10902
8.0,-123.5,1897.54685,-20.74476
9.0,-123.5,1902.49245,-0.36307
10.0,-123.5,1896.03524,6.58268
11.0,-123.5,1906.4056,1.56074
12.0,-123.5,1898.43455,-0.16717
13.0,-123.5,1902.00959,0.12183
14.0,-123.5,1904.61005,0.08695
15.0,-123.5,1908.73432,0.01718
16.0,-123.5,1905.09903,0.20228
17.0,-123.5,1905.94181,0.16639
18.0,-123.5,1906.91801,0.04559
19.0,-123.5,1902.79445,-0.60462
20.0,-123.5,1906.136,-0.33099
21.0,-123.5,1917.01159,0.18812
22.0,-123.5,1923.89694,0.51263
23.0,-123.5,1931.91217,0.15536
24.0,-123.5,1922.50206,-0.44941
25.0,-123.5,1907.0445,-0.29663
26.0,-123.5,1909.63727,0.10345
27.0,-123.5,1905.49047,-0.94152
28.0,-123.5,1904.20395,-0.03355
29.0,-123.5,1906.26413,0.01788
30.0,-123.5,1910.10967,0.03445
31.0,-123.5,1911.23804,0.03514
32.0,-123.5,1915.21404,0.02738
33.0,-123.5,1910.84044,0.02101
34.0,-123.5,1906.14783,0.03632
35.0,-123.5,1905.54207,0.04136
36.0,-123.5,1903.43751,0.05597
37.0,-123.5,1901.16776,0.03253
38.0,-123.5,1892.69071,0.0204
39.0,-123.5,1877.96063,0.0176
40.0,-123.5,1875.23121,0.125
41.0,-123.5,1887.5782,0.02153
42.0,-123.5,1884.65935,0.02823
43.0,-123.5,1893.80053,0.0022
44.0,-123.5,1887.93815,0.0117
45.0,-123.5,1894.89228,0.01831
46.0,-123.5,1878.89675,0.00635
47.0,-123.5,1875.32387,0.00232
48.0,-123.5,1856.35554,-0.01622
49.0,-123.5,1841.90442,-0.0132
50.0,-123.5,1836.92098,0.02544
51.0,-123.5,1866.17392,0.08175
52.0,-123.5,1884.61829,0.03371
53.0,-123.5,1879.18788,0.04238
54.0,-123.5,1873.548,0.01467
55.0,-123.5,1873.62143,0.04128
56.0,-123.5,1849.83669,-0.15603
57.0,-123.5,1869.46585,-0.14507
58.0,-123.5,1860.32536,0.00595
59.0,-123.5,1865.63024,0.01308
60.0,-123.5,1867.89827,0.03061
61.0,-123.5,1863.68543,0.01863
62.0,-123.5,1868.31146,0.0471
63.0,-123.5,1865.92611,0.02656
64.0,-123.5,1865.09111,0.0395
65.0,-123.5,1874.73906,0.02748
66.0,-123.5,1863.89165,0.06841
67.0,-123.5,1865.48012,0.03131
68.0,-123.5,1871.65881,0.02376
69.0,-123.5,1876.11801,0.0233
70.0,-123.5,1876.44736,-0.03514
71.0,-123.5,1835.47621,-0.09539
72.0,-123.5,1880.18852,0.03014
73.0,-123.5,1882.1459,0.03365
74.0,-123.5,1884.15537,0.05887
75.0,-123.5,1893.7593,-155.08499
76.0,-123.5,1883.7553,-0.45173
7.0,-122.5,1900.90384,11.71677
8.0,-122.5,1898.26468,-4.60029
9.0,-122.5,1903.89126,0.64233
10.0,-122.5,1909.05398,-2.36708
11.0,-122.5,1901.39662,-0.33201
12.0,-122.5,1911.47305,-0.18889
13.0,-122.5,1903.98399,-0.37585
14.0,-122.5,1907.15649,-0.04
15.0,-122.5,1910.40152,-0.00252
16.0,-122.5,1911.86574,-0.08478
17.0,-122.5,1909.18331,-0.01812
18.0,-122.5,1910.14679,0.01073
19.0,-122.5,1908.8488,-0.0759
20.0,-122.5,1912.8527,-0.17972
21.0,-122.5,1920.50914,0.30752
22.0,-122.5,1910.8662,0.095
23.0,-122.5,1923.51078,0.55777
24.0,-122.5,1921.30195,-0.17183
25.0,-122.5,1901.39914,-1.15313
26.0,-122.5,1898.79998,-0.08087
27.0,-122.5,1907.08594,-0.24053
28.0,-122.5,1907.63646,-0.0985
29.0,-122.5,1908.90476,0.01569
30.0,-122.5,1906.54112,0.0061
31.0,-122.5,1908.72395,0.02525
32.0,-122.5,1910.98061,0.05239
33.0,-122.5,1909.31438,0.0424
34.0,-122.5,1904.67538,0.04646
35.0,-122.5,1902.81864,0.03393
36.0,-122.5,1899.03696,0.03441
37.0,-122.5,1891.79264,0.02654
38.0,-122.5,1892.40546,0.01404
39.0,-122.5,1902.50664,0.02431
40.0,-122.5,1907.541,0.02384
41.0,-122.5,1893.60637,0.03162
42.0,-122.5,1893.24234,0.00785
43.0,-122.5,1876.48123,-0.15825
44.0,-122.5,1892.02924,0.01004
45.0,-122.5,1897.21491,0.01467
46.0,-122.5,1892.00116,0.00995
47.0,-122.5,1882.52197,0.01219
48.0,-122.5,1869.14541,0.0221
49.0,-122.5,1880.01568,0.02056
51.0,-122.5,1877.54758,0.05371
52.0,-122.5,1882.21058,0.03362
53.0,-122.5,1869.24185,0.02432
54.0,-122.5,1867.93387,0.02513
55.0,-122.5,1867.72598,0.01352
56.0,-122.5,1865.19938,0.01432
57.0,-122.5,1869.54463,-0.01354
58.0,-122.5,1869.18151,0.01561
59.0,-122.5,1874.84999,0.01564
60.0,-122.5,1878.40472,0.0296
61.0,-122.5,1868.93326,0.01478
62.0,-122.5,1870.99657,0.01874
63.0,-122.5,1873.10417,0.02582
64.0,-122.5,1878.3557,0.03309
65.0,-122.5,1868.7847,0.10903
66.0,-122.5,1864.29691,0.07644
67.0,-122.5,1869.43532,0.05205
68.0,-122.5,1875.21015,0.03394
69.0,-122.5,1878.54595,0.0381
70.0,-122.5,1885.23225,0.12683
71.0,-122.5,1865.6158,1.15938
72.0,-122.5,1883.70878,0.03764
73.0,-122.5,1883.82117,0.03154
74.0,-122.5,1885.57245,0.04957
75.0,-122.5,1881.85885,0.03655
76.0,-122.5,1883.71516,-0.0223
77.0,-122.5,1881.83027,-1.87822
7.0,-121.5,1903.06837,0.2106
8.0,-121.5,1916.46751,-0.15351
9.0,-121.5,1908.65354,-0.45509
10.0,-121.5,1906.43773,2.34123
11.0,-121.5,1900.99694,-0.04884
12.0,-121.5,1909.01045,0.15925
13.0,-121.5,1907.93044,-0.12947
14.0,-121.5,1910.75202,-0.08227
15.0,-121.5,1909.16142,0.01242
16.0,-121.5,1912.65863,0.03679
17.0,-121.5,1907.78275,-0.03002
18.0,-121.5,1909.84073,0.03412
19.0,-121.5,1913.74782,0.00925
20.0,-121.5,1903.88586,-0.25862
21.0,-121.5,1907.8239,0.04872
22.0,-121.5,1910.87264,-0.00724
23.0,-121.5,1914.29551,-0.00732
24.0,-121.5,1915.27243,0.08531
25.0,-121.5,1906.42097,0.03679
26.0,-121.5,1905.23481,-0.0015
27.0,-121.5,1907.03471,-0.07286
28.0,-121.5,1906.43918,-0.1233
29.0,-121.5,1906.5272,0.0047
30.0,-121.5,1904.77799,-0.01615
31.0,-121.5,1904.2646,0.02051
32.0,-121.5,1904.92321,0.03078
33.0,-121.5,1903.83297,0.04183
34.0,-121.5,1903.81627,0.05015
35.0,-121.5,1899.37152,0.04538
36.0,-121.5,1885.82136,0.00438
37.0,-121.5,1909.01394,0.01456
38.0,-121.5,1910.61956,0.01837
39.0,-121.5,1908.64548,0.02011
40.0,-121.5,1897.82713,-0.01984
41.0,-121.5,1890.18813,0.02417
42.0,-121.5,1896.87596,0.018
43.0,-121.5,1892.00243,0.00881
44.0,-121.5,1891.41883,0.01805
45.0,-121.5,1898.51563,-0.0032
46.0,-121.5,1888.5146,0.03299
47.0,-121.5,1875.67635,0.2277
48.0,-121.5,1877.25337,0.02134
49.0,-121.5,1877.30539,0.04892
50.0,-121.5,1858.27904,-0.18417
51.0,-121.5,1892.23219,0.02657
52.0,-121.5,1874.25237,0.06829
53.0,-121.5,1857.15507,-0.0634
54.0,-121.5,1854.55252,-0.16477
55.0,-121.5,1859.80356,0.27434
56.0,-121.5,1873.81164,0.01047
57.0,-121.5,1876.4031,0.01367
58.0,-121.5,1876.95299,0.00805
59.0,-121.5,1882.7976,0.01571
60.0,-121.5,1881.88402,0.0206
61.0,-121.5,1867.68129,0.01927
62.0,-121.5,1870.82197,0.03499
63.0,-121.5,1872.94389,0.03987
64.0,-121.5,1873.87324,0.02833
65.0,-121.5,1864.12132,-0.0402
66.0,-121.5,1855.14466,-0.2124
67.0,-121.5,1872.33274,-0.15137
68.0,-121.5,1878.44758,0.04187
69.0,-121.5,1880.61335,0.0335
70.0,-121.5,1882.35134,-0.28581
71.0,-121.5,1839.8794,0.21077
72.0,-121.5,1881.79911,0.04573
73.0,-121.5,1882.69815,0.03784
74.0,-121.5,1888.02087,0.03607
75.0,-121.5,1883.58139,-0.05313
76.0,-121.5,1882.68819,-0.07643
77.0,-121.5,1876.6941,-0.95123
7.0,-120.5,1902.63673,0.31227
8.0,-120.5,1914.37876,0.40085
9.0,-120.5,1910.57375,-1.38034
10.0,-120.5,1902.47224,-0.69839
11.0,-120.5,1903.7272,0.18677
12.0,-120.5,1905.58259,0.25935
13.0,-120.5,1903.5721,0.11896
14.0,-120.5,1899.88134,0.23984
15.0,-120.5,1907.19083,-1.08123
16.0,-120.5,1909.25672,0.09825
17.0,-120.5,1910.93174,-0.0886
18.0,-120.5,1909.02588,0.2423
19.0,-120.5,1910.93947,0.12222
20.0,-120.5,1913.50711,0.04335
21.0,-120.5,1912.68294,-0.12371
22.0,-120.5,1918.71328,-0.01104
23.0,-120.5,1921.65879,-0.02256
24.0,-120.5,1910.60418,-0.0292
25.0,-120.5,1906.12491,-0.06695
26.0,-120.5,1907.51489,-0.01412
27.0,-120.5,1906.35598,-0.06833
28.0,-120.5,1905.28216,-0.20477
29.0,-120.5,1912.93076,0.00455
30.0,-120.5,1904.40052,0.02082
31.0,-120.5,1899.87794,0.01359
32.0,-120.5,1903.77077,0.00735
33.0,-120.5,1903.24036,0.02759
34.0,-120.5,1894.93347,0.02217
35.0,-120.5,1900.88255,0.01812
36.0,-120.5,1915.31273,0.01618
37.0,-120.5,1922.33906,0.01327
38.0,-120.5,1904.65901,0.01843
39.0,-120.5,1871.66076,0.0025
40.0,-120.5,1892.16536,0.05382
41.0,-120.5,1896.25426,0.0168
42.0,-120.5,1896.984,0.13469
43.0,-120.5,1903.20486,0.01037
44.0,-120.5,1902.85323,0.01695
45.0,-120.5,1905.07255,0.02448
46.0,-120.5,1908.65182,0.02545
47.0,-120.5,1899.46481,0.02893
48.0,-120.5,1905.78381,0.02929
49.0,-120.5,1879.4037,0.02515
50.0,-120.5,1887.16675,0.06072
51.0,-120.5,1880.3115,-0.05052
52.0,-120.5,1860.89318,0.11695
53.0,-120.5,1851.76795,0.10811
54.0,-120.5,1857.29293,-0.07693
55.0,-120.5,1870.67094,0.0565
56.0,-120.5,1884.12043,0.0105
57.0,-120.5,1875.89383,0.01219
58.0,-120.5,1874.33088,0.01056
59.0,-120.5,1882.10974,0.01481
60.0,-120.5,1882.79793,0.01602
61.0,-120.5,1874.07205,0.01843
62.0,-120.5,1870.38699,0.03545
63.0,-120.5,1875.56666,0.03943
64.0,-120.5,1872.79249,0.05324
65.0,-120.5,1871.59845,0.04091
66.0,-120.5,1874.27182,0.02908
67.0,-120.5,1872.78387,0.03243
68.0,-120.5,1879.54935,0.04282
69.0,-120.5,1874.60962,0.04717
70.0,-120.5,1843.54704,0.20783
71.0,-120.5,1860.40643,0.19977
72.0,-120.5,1870.96647,0.0221
73.0,-120.5,1882.76759,0.02428
74.0,-120.5,1885.89913,0.01822
75.0,-120.5,1867.82591,-0.28455
76.0,-120.5,1880.05193,-0.31244
77.0,-120.5,1876.02148,0.00125
7.0,-119.5,1902.50668,-0.38564
8.0,-119.5,1899.5377,-2.2968
9.0,-119.5,1902.45297,1.06002
10.0,-119.5,1903.40227,-0.11221
11.0,-119.5,1908.66182,0.87227
12.0,-119.5,1907.6854,0.11479
13.0,-119.5,1908.40633,-0.81454
14.0,-119.5,1926.20835,-0.31609
15.0,-119.5,1919.28019,-0.92235
16.0,-119.5,1911.20982,-0.01915
17.0,-119.5,1912.25361,-0.02098
18.0,-119.5,1910.11068,0.02613
19.0,-119.5,1917.10138,0.02685
20.0,-119.5,1920.93384,-0.04036
21.0,-119.5,1919.17803,-0.02227
22.0,-119.5,1921.84781,-0.04863
23.0,-119.5,1925.76965,-0.01939
24.0,-119.5,1920.82423,-0.20781
25.0,-119.5,1905.2154,-0.06902
26.0,-119.5,1904.34812,-0.18295
27.0,-119.5,1907.26283,-0.01964
28.0,-119.5,1904.37928,-0.09617
29.0,-119.5,1908.64174,-0.04736
30.0,-119.5,1904.00031,0.01188
31.0,-119.5,1900.50389,0.02325
32.0,-119.5,1900.76433,-0.0071
33.0,-119.5,1905.85737,0.00789
34.0,-119.5,1892.10372,-0.00354
35.0,-119.5,1920.27639,0.00082
36.0,-119.5,1931.50574,0.00825
37.0,-119.5,1923.40082,0.0193
38.0,-119.5,1884.33054,0.16425
39.0,-119.5,1893.00061,-0.10251
40.0,-119.5,1894.81363,0.01345
41.0,-119.5,1905.16337,0.01621
42.0,-119.5,1901.27232,0.00764
43.0,-119.5,1905.03782,0.01559
44.0,-119.5,1899.59363,0.00746
45.0,-119.5,1900.88712,0.0156
46.0,-119.5,1909.22477,0.0176
47.0,-119.5,1908.60953,0.01315
48.0,-119.5,1908.9146,0.02711
49.0,-119.5,1896.27885,-0.56853
50.0,-119.5,1874.89621,0.02922
51.0,-119.5,1886.04712,0.21391
52.0,-119.5,1881.33901,0.33155
54.0,-119.5,1872.44621,0.28
55.0,-119.5,1881.53409,0.01906
56.0,-119.5,1884.34965,0.00168
57.0,-119.5,1868.41173,-0.0083
58.0,-119.5,1872.26563,0.00291
59.0,-119.5,1877.94096,-0.00028
60.0,-119.5,1879.84244,0.01808
61.0,-119.5,1877.98799,0.02112
62.0,-119.5,1872.46401,0.02356
63.0,-119.5,1875.45821,0.03548
64.0,-119.5,1869.19823,0.05211
65.0,-119.5,1871.36695,0.05785
66.0,-119.5,1869.92072,-0.02894
67.0,-119.5,1874.50273,0.02866
68.0,-119.5,1874.48305,0.03827
69.0,-119.5,1874.39956,0.04285
70.0,-119.5,1843.79652,0.10141
71.0,-119.5,1860.973,0.50722
72.0,-119.5,1866.62331,0.07682
73.0,-119.5,1884.72782,0.01397
74.0,-119.5,1882.66529,-0.00708
75.0,-119.5,1887.58576,5.95143
76.0,-119.5,1881.13249,-0.08922
77.0,-119.5,1878.62927,0.72409
7.0,-118.5,1903.67863,-23.10594
8.0,-118.5,1899.23954,3.31569
9.0,-118.5,1905.12162,0.743
10.0,-118.5,1911.62339,-0.67185
11.0,-118.5,1916.08289,0.03502
12.0,-118.5,1911.69012,0.0782
13.0,-118.5,1914.0659,-0.15308
14.0,-118.5,1916.70024,-0.1428
15.0,-118.5,1915.86137,-0.13514
16.0,-118.5,1924.65826,-0.03418
17.0,-118.5,1921.67709,-0.02187
18.0,-118.5,1916.12879,-0.02421
19.0,-118.5,1915.55793,-0.08059
20.0,-118.5,1915.54049,-0.05848
21.0,-118.5,1916.22492,0.00302
22.0,-118.5,1917.82436,-0.0129
23.0,-118.5,1920.71837,-0.08975
24.0,-118.5,1914.84701,-0.03398
25.0,-118.5,1910.28965,-0.04681
26.0,-118.5,1903.50953,-0.03105
27.0,-118.5,1903.15041,-0.00911
28.0,-118.5,1900.58479,-0.00633
29.0,-118.5,1892.32826,-0.03377
30.0,-118.5,1905.12103,0.0398
31.0,-118.5,1901.26042,0.00019
32.0,-118.5,1902.34159,-0.02305
33.0,-118.5,1888.71401,0.02153
34.0,-118.5,1900.97051,0.00479
35.0,-118.5,1918.58386,0.00679
36.0,-118.5,1918.27155,-0.00549
37.0,-118.5,1891.82222,0.0205
38.0,-118.5,1900.62388,0.02815
39.0,-118.5,1905.97625,0.01245
40.0,-118.5,1909.65097,0.01147
41.0,-118.5,1909.31518,0.01658
42.0,-118.5,1903.11139,0.00678
43.0,-118.5,1900.50356,0.01474
44.0,-118.5,1900.59244,0.00467
45.0,-118.5,1891.87154,0.0116
46.0,-118.5,1906.77521,0.02628
47.0,-118.5,1911.72521,0.0226
48.0,-118.5,1905.00522,0.29221
49.0,-118.5,1893.63744,0.06822
50.0,-118.5,1877.04215,-0.00517
51.0,-118.5,1804.61138,-0.08177
53.0,-118.5,1872.53301,1.47398
54.0,-118.5,1871.92655,0.03972
55.0,-118.5,1879.28137,0.00534
56.0,-118.5,1887.89112,-0.01034
57.0,-118.5,1867.01252,-0.00212
58.0,-118.5,1874.29085,-0.00303
59.0,-118.5,1878.2501,-0.00041
60.0,-118.5,1877.86316,0.0203
61.0,-118.5,1875.41743,0.02126
62.0,-118.5,1873.13079,0.01837
63.0,-118.5,1874.36079,0.04314
64.0,-118.5,1870.84583,0.05209
65.0,-118.5,1867.86442,0.06453
66.0,-118.5,1866.1822,0.06237
67.0,-118.5,1874.13589,0.03603
68.0,-118.5,1877.48926,0.03718
69.0,-118.5,1876.78292,0.09824
71.0,-118.5,1846.90174,15.51488
72.0,-118.5,1875.4429,-0.45822
73.0,-118.5,1885.03618,-0.6497
74.0,-118.5,1890.14147,0.50198
75.0,-118.5,1881.79613,0.15879
76.0,-118.5,1878.73202,-0.08993
77.0,-118.5,1880.25614,0.02886
7.0,-117.5,1875.3718,-1.06312
8.0,-117.5,1894.35423,-0.10284
9.0,-117.5,1908.51605,0.47864
10.0,-117.5,1906.31175,0.9282
11.0,-117.5,1910.33695,0.21535
12.0,-117.5,1912.57081,0.53807
13.0,-117.5,1911.89992,0.30187
14.0,-117.5,1912.49314,0.05448
15.0,-117.5,1920.3125,-0.01395
16.0,-117.5,1916.97106,0.02262
17.0,-117.5,1916.99586,-0.01899
18.0,-117.5,1910.64491,-0.18667
19.0,-117.5,1907.56036,-0.20633
20.0,-117.5,1915.48668,-0.04906
21.0,-117.5,1920.58655,-0.04389
22.0,-117.5,1917.37067,-0.0254
23.0,-117.5,1912.79933,-0.588
24.0,-117.5,1915.39791,-0.02445
25.0,-117.5,1918.0127,-0.04986
26.0,-117.5,1913.63968,-0.01877
27.0,-117.5,1909.74481,-0.01164
28.0,-117.5,1905.21098,-0.01394
29.0,-117.5,1904.9977,0.02028
30.0,-117.5,1903.81239,-0.04277
31.0,-117.5,1899.79373,0.47919
32.0,-117.5,1898.41743,0.01835
33.0,-117.5,1894.94989,0.00973
34.0,-117.5,1912.93604,-0.00108
35.0,-117.5,1916.10668,0.0032
36.0,-117.5,1912.78872,0.00405
37.0,-117.5,1906.69215,0.02076
38.0,-117.5,1904.807,0.01335
39.0,-117.5,1900.55633,0.02407
40.0,-117.5,1903.23383,0.00944
41.0,-117.5,1901.61602,0.00461
42.0,-117.5,1900.94244,0.01563
43.0,-117.5,1902.16425,0.01772
44.0,-117.5,1907.73836,0.01336
45.0,-117.5,1901.50357,0.01806
46.0,-117.5,1898.10985,0.00954
47.0,-117.5,1904.73139,0.01829
48.0,-117.5,1892.31557,0.01841
49.0,-117.5,1879.70436,0.0881
51.0,-117.5,1827.51373,-0.06952
53.0,-117.5,1866.42249,0.01166
54.0,-117.5,1873.67521,0.02009
55.0,-117.5,1880.50156,0.00156
56.0,-117.5,1888.6606,-0.01297
57.0,-117.5,1879.48477,-0.00797
58.0,-117.5,1878.49509,0.00132
59.0,-117.5,1871.33282,0.008
60.0,-117.5,1876.81129,0.01334
61.0,-117.5,1876.86072,0.02958
62.0,-117.5,1879.11973,0.05518
63.0,-117.5,1875.85684,0.05232
64.0,-117.5,1871.76215,0.06225
65.0,-117.5,1865.67772,0.07249
66.0,-117.5,1868.749,0.04409
67.0,-117.5,1874.02395,0.03993
68.0,-117.5,1876.38731,0.03854
69.0,-117.5,1875.78901,0.04585
70.0,-117.5,1869.89188,-0.15507
71.0,-117.5,1866.535,1.26793
72.0,-117.5,1873.01452,0.05462
73.0,-117.5,1883.6442,0.00241
74.0,-117.5,1884.7257,0.0506
75.0,-117.5,1880.61782,-2.78584
76.0,-117.5,1877.84514,-1.1004
77.0,-117.5,1878.50337,0.02758
78.0,-117.5,1870.5309,-0.0797
7.0,-116.5,1872.83741,-3.18907
8.0,-116.5,1901.84784,0.36842
9.0,-116.5,1913.06233,-0.10691
10.0,-116.5,1895.74497,0.22875
11.0,-116.5,1896.50684,0.28041
12.0,-116.5,1907.12908,0.07361
13.0,-116.5,1903.82879,-0.08742
14.0,-116.5,1911.63343,-0.12616
15.0,-116.5,1916.79764,-0.01642
16.0,-116.5,1921.08141,-0.04078
17.0,-116.5,1923.59366,-0.04051
18.0,-116.5,1913.38762,-0.05347
19.0,-116.5,1914.24439,-0.06279
20.0,-116.5,1915.14644,-0.05807
21.0,-116.5,1918.73971,-0.02256
22.0,-116.5,1914.28769,-0.05231
23.0,-116.5,1916.22284,-0.05593
24.0,-116.5,1914.55739,-0.05134
25.0,-116.5,1913.96084,-0.01628
26.0,-116.5,1912.20894,-0.20451
27.0,-116.5,1914.16407,0.12931
28.0,-116.5,1906.37048,-0.14697
29.0,-116.5,1901.43041,-0.00146
30.0,-116.5,1898.54153,-0.01877
31.0,-116.5,1894.90192,-0.00645
32.0,-116.5,1898.44228,0.01378
33.0,-116.5,1916.67815,0.11339
34.0,-116.5,1917.08131,-0.0015
35.0,-116.5,1918.53731,0.0057
36.0,-116.5,1911.14482,0.00287
37.0,-116.5,1908.89081,0.00672
38.0,-116.5,1906.07081,0.00631
39.0,-116.5,1902.38976,0.00656
40.0,-116.5,1900.07532,0.02778
41.0,-116.5,1898.72395,0.0122
42.0,-116.5,1898.24263,0.01823
43.0,-116.5,1901.946,0.01918
44.0,-116.5,1903.02486,0.00272
45.0,-116.5,1893.03754,0.0107
46.0,-116.5,1899.11456,0.03242
47.0,-116.5,1887.93138,0.02058
48.0,-116.5,1873.06795,-0.09142
49.0,-116.5,1877.36605,-0.18679
50.0,-116.5,1887.30938,0.10506
51.0,-116.5,1867.56607,3.58316
52.0,-116.5,1870.23672,-0.11904
53.0,-116.5,1874.14325,0.0273
54.0,-116.5,1873.84461,0.02578
55.0,-116.5,1877.36463,0.01004
56.0,-116.5,1875.02455,0.00908
57.0,-116.5,1867.7736,0.01144
58.0,-116.5,1880.43197,-0.00203
59.0,-116.5,1867.4623,0.0114
60.0,-116.5,1879.46123,0.02154
61.0,-116.5,1880.00797,0.02612
62.0,-116.5,1884.16631,0.04952
63.0,-116.5,1876.54052,0.03464
64.0,-116.5,1874.73355,0.07938
65.0,-116.5,1871.77836,0.05528
66.0,-116.5,1872.99874,0.03624
67.0,-116.5,1873.98455,0.0331
68.0,-116.5,1877.53453,0.03362
69.0,-116.5,1876.17254,0.02542
70.0,-116.5,1872.78117,0.07047
71.0,-116.5,1870.63135,0.05377
72.0,-116.5,1879.72378,0.05281
73.0,-116.5,1885.54173,0.00084
74.0,-116.5,1883.51996,0.53532
75.0,-116.5,1874.57858,-0.17415
76.0,-116.5,1870.92325,-0.04434
77.0,-116.5,1876.07619,-0.01093
78.0,-116.5,1872.34844,-0.0232
7.0,-115.5,1895.60861,-0.46601
8.0,-115.5,1905.70467,-1.91974
9.0,-115.5,1905.144,4.05421
10.0,-115.5,1914.97202,-0.3999
11.0,-115.5,1907.06465,0.21891
12.0,-115.5,1899.42603,-0.11599
13.0,-115.5,1903.38698,-0.47915
14.0,-115.5,1914.85833,0.03122
15.0,-115.5,1920.2363,-0.15052
16.0,-115.5,1922.67847,-0.07568
17.0,-115.5,1917.44755,0.03378
18.0,-115.5,1911.60815,-0.00778
19.0,-115.5,1915.1045,-0.16777
20.0,-115.5,1913.95822,-0.37465
21.0,-115.5,1912.49842,-0.05333
22.0,-115.5,1912.58343,-0.02168
23.0,-115.5,1913.1451,-0.0156
24.0,-115.5,1913.70408,-0.14756
25.0,-115.5,1911.25615,-0.00576
26.0,-115.5,1908.95853,0.28894
27.0,-115.5,1905.8368,-0.0024
28.0,-115.5,1892.05422,-0.15462
29.0,-115.5,1899.72078,-0.00224
30.0,-115.5,1902.41571,0.00439
31.0,-115.5,1913.25695,0.01924
32.0,-115.5,1915.94437,0.01205
33.0,-115.5,1920.87593,0.00614
34.0,-115.5,1923.5635,0.00792
35.0,-115.5,1917.04334,-0.03056
36.0,-115.5,1911.07891,0.00902
37.0,-115.5,1909.75097,0.00244
38.0,-115.5,1906.24596,0.00325
39.0,-115.5,1904.68482,0.01092
40.0,-115.5,1902.05261,0.0144
41.0,-115.5,1899.40032,0.00898
42.0,-115.5,1897.87216,0.01413
43.0,-115.5,1905.19182,0.01192
44.0,-115.5,1887.87852,0.09147
45.0,-115.5,1888.35886,0.18779
46.0,-115.5,1873.57471,0.10661
47.0,-115.5,1878.27711,-0.10558
48.0,-115.5,1876.04483,0.04861
49.0,-115.5,1877.70176,-0.01686
50.0,-115.5,1888.22617,0.01186
51.0,-115.5,1861.08837,0.0119
52.0,-115.5,1867.038,-0.03407
53.0,-115.5,1874.23716,0.03493
54.0,-115.5,1876.65348,0.01235
55.0,-115.5,1871.87664,0.013
56.0,-115.5,1866.76462,0.01822
57.0,-115.5,1869.15428,0.01615
58.0,-115.5,1872.65377,0.00697
59.0,-115.5,1875.16903,0.00958
60.0,-115.5,1873.60286,0.02159
61.0,-115.5,1874.75353,-0.03915
62.0,-115.5,1876.48052,0.06149
63.0,-115.5,1882.58313,0.04643
64.0,-115.5,1876.05223,0.075
65.0,-115.5,1874.01905,0.04485
66.0,-115.5,1872.78512,0.03112
67.0,-115.5,1876.94474,0.03644
68.0,-115.5,1881.70731,0.04304
69.0,-115.5,1875.42586,0.03835
70.0,-115.5,1866.85423,0.08276
71.0,-115.5,1875.80197,0.03571
72.0,-115.5,1876.86612,0.03522
73.0,-115.5,1885.66417,0.02796
74.0,-115.5,1886.42508,-6.07683
75.0,-115.5,1874.3138,0.01719
76.0,-115.5,1870.28092,0.01569
77.0,-115.5,1869.23729,0.29641
78.0,-115.5,1869.41042,0.27205
7.0,-114.5,1913.02924,0.61497
8.0,-114.5,1918.0819,0.23393
9.0,-114.5,1916.61342,0.77618
10.0,-114.5,1903.01561,-0.9999
11.0,-114.5,1904.91046,-0.0214
12.0,-114.5,1908.11681,0.14893
13.0,-114.5,1908.85515,-0.07249
14.0,-114.5,1915.92136,-0.0092
15.0,-114.5,1917.50392,-0.04629
16.0,-114.5,1919.28331,-0.03113
17.0,-114.5,1919.80729,-0.0338
18.0,-114.5,1912.44257,-0.03093
19.0,-114.5,1914.8881,-0.0467
20.0,-114.5,1914.26437,-0.01986
21.0,-114.5,1914.70299,0.00857
22.0,-114.5,1910.5915,0.01962
23.0,-114.5,1913.7992,-0.00253
24.0,-114.5,1910.33278,-0.00076
25.0,-114.5,1905.8238,0.01468
26.0,-114.5,1904.62561,0.00083
27.0,-114.5,1902.54711,-0.0027
28.0,-114.5,1907.02259,-0.01401
29.0,-114.5,1904.36771,0.00429
30.0,-114.5,1889.78619,0.01301
31.0,-114.5,1890.0968,0.01943
32.0,-114.5,1918.19429,0.00679
33.0,-114.5,1918.14277,0.00493
34.0,-114.5,1918.47537,0.00247
35.0,-114.5,1912.93986,0.00462
36.0,-114.5,1909.46216,0.0046
37.0,-114.5,1912.20065,-0.00778
38.0,-114.5,1900.59428,0.00559
39.0,-114.5,1902.18652,0.02133
40.0,-114.5,1902.63777,0.02085
41.0,-114.5,1903.02053,-0.00796
42.0,-114.5,1899.36421,0.01068
43.0,-114.5,1904.46654,0.00751
44.0,-114.5,1886.98012,-0.36609
45.0,-114.5,1885.30219,-0.03686
46.0,-114.5,1886.4393,0.02384
47.0,-114.5,1895.30585,0.02515
48.0,-114.5,1879.07611,0.11769
49.0,-114.5,1868.39429,0.02765
50.0,-114.5,1887.32248,0.02283
51.0,-114.5,1885.89645,0.01999
52.0,-114.5,1886.18107,0.01716
53.0,-114.5,1885.72697,0.02593
54.0,-114.5,1886.68661,0.00532
55.0,-114.5,1872.44455,0.00944
56.0,-114.5,1875.90293,0.01533
57.0,-114.5,1870.4391,0.01006
58.0,-114.5,1874.02637,0.01818
59.0,-114.5,1880.72996,0.01814
60.0,-114.5,1873.30805,0.01912
61.0,-114.5,1873.19709,0.02035
62.0,-114.5,1870.12973,0.07948
63.0,-114.5,1880.77761,0.05593
64.0,-114.5,1877.21422,0.05959
65.0,-114.5,1875.66762,0.04613
66.0,-114.5,1872.79761,0.03677
67.0,-114.5,1875.33954,0.03811
68.0,-114.5,1876.61732,-0.06858
69.0,-114.5,1871.52063,-0.26188
70.0,-114.5,1875.53025,0.03894
71.0,-114.5,1879.33576,0.03169
72.0,-114.5,1874.59886,0.05974
73.0,-114.5,1884.74163,0.02569
74.0,-114.5,1874.31781,-0.23033
75.0,-114.5,1876.90384,-0.01636
76.0,-114.5,1874.27349,0.00224
77.0,-114.5,1869.03994,0.09905
78.0,-114.5,1872.95592,-0.03177
7.0,-113.5,1935.42627,0.97575
8.0,-113.5,1931.83724,0.14123
9.0,-113.5,1911.03812,0.02868
10.0,-113.5,1900.7949,-0.16667
11.0,-113.5,1904.94406,0.61429
12.0,-113.5,1904.21493,-0.3956
13.0,-113.5,1905.21812,0.2286
14.0,-113.5,1912.59309,0.01916
15.0,-113.5,1917.17048,0.01219
16.0,-113.5,1912.94847,-0.00791
17.0,-113.5,1909.23779,-0.00047
18.0,-113.5,1907.06226,0.0066
19.0,-113.5,1904.70491,0.02347
20.0,-113.5,1906.98012,0.03546
21.0,-113.5,1910.98973,0.02962
22.0,-113.5,1912.38249,0.04246
23.0,-113.5,1912.25744,0.01531
24.0,-113.5,1907.12443,0.01358
25.0,-113.5,1908.03734,-0.00174
26.0,-113.5,1907.52632,-0.00078
27.0,-113.5,1918.42802,0.00783
28.0,-113.5,1922.41987,0.00693
29.0,-113.5,1867.42758,0.05374
30.0,-113.5,1888.23875,-0.01075
31.0,-113.5,1899.68323,0.00359
32.0,-113.5,1920.05289,0.00186
33.0,-113.5,1919.01465,0.00399
34.0,-113.5,1914.75787,0.00523
35.0,-113.5,1902.80496,0.00518
36.0,-113.5,1901.90523,0.00789
37.0,-113.5,1904.82498,0.00952
38.0,-113.5,1903.58722,0.00399
39.0,-113.5,1908.48929,0.00866
40.0,-113.5,1911.33605,0.012
41.0,-113.5,1908.10716,-0.00118
42.0,-113.5,1903.93719,0.01959
43.0,-113.5,1900.26669,0.01339
44.0,-113.5,1894.38451,0.01226
45.0,-113.5,1887.86284,0.00919
46.0,-113.5,1891.80112,0.0441
47.0,-113.5,1887.51231,0.03358
48.0,-113.5,1868.02852,0.0952
49.0,-113.5,1889.25352,0.01054
50.0,-113.5,1896.81929,0.01407
51.0,-113.5,1894.88236,0.0046
52.0,-113.5,1895.78333,8e-05
53.0,-113.5,1892.89751,0.00267
54.0,-113.5,1893.41349,0.00116
55.0,-113.5,1875.64064,0.00562
56.0,-113.5,1871.54357,0.01328
57.0,-113.5,1879.80402,0.02189
58.0,-113.5,1874.7783,0.02684
59.0,-113.5,1878.99243,0.00839
60.0,-113.5,1877.40525,0.0248
61.0,-113.5,1875.36899,0.01036
62.0,-113.5,1883.86864,0.02604
63.0,-113.5,1880.7907,0.03857
64.0,-113.5,1879.41265,0.04692
65.0,-113.5,1875.45467,0.04748
66.0,-113.5,1871.64824,0.04736
67.0,-113.5,1872.39616,0.04564
68.0,-113.5,1874.00644,0.16273
69.0,-113.5,1876.96026,-0.10479
70.0,-113.5,1873.09493,-0.04063
71.0,-113.5,1877.95742,0.01611
72.0,-113.5,1874.22097,0.03392
73.0,-113.5,1876.23921,0.09895
74.0,-113.5,1869.91104,-0.18285
75.0,-113.5,1877.902,-0.2076
76.0,-113.5,1872.92545,-0.00369
77.0,-113.5,1865.22189,-0.02293
78.0,-113.5,1868.11887,-0.01722
79.0,-113.5,1869.78914,-0.00831
7.0,-112.5,1928.76795,0.15076
8.0,-112.5,1935.4555,0.11982
9.0,-112.5,1921.85421,0.13956
10.0,-112.5,1909.0703,1.60938
11.0,-112.5,1902.78095,0.19914
12.0,-112.5,1910.74689,0.275
13.0,-112.5,1910.84852,0.04902
14.0,-112.5,1912.68961,0.06053
15.0,-112.5,1909.61141,-0.03962
16.0,-112.5,1911.78658,0.00836
17.0,-112.5,1908.56654,0.06469
18.0,-112.5,1908.48894,-0.00139
19.0,-112.5,1910.15842,0.00146
20.0,-112.5,1910.92559,0.01799
21.0,-112.5,1911.65896,0.01184
22.0,-112.5,1907.12809,-0.00257
23.0,-112.5,1905.72702,-0.00327
24.0,-112.5,1906.8812,-0.01265
25.0,-112.5,1906.77258,0.00128
26.0,-112.5,1911.32999,0.00092
27.0,-112.5,1901.13602,0.01225
28.0,-112.5,1873.74448,0.03025
29.0,-112.5,1878.33365,0.02475
30.0,-112.5,1904.32768,0.00632
31.0,-112.5,1917.38099,0.00772
32.0,-112.5,1913.9671,0.00934
33.0,-112.5,1916.12957,0.00374
34.0,-112.5,1907.93548,0.48772
35.0,-112.5,1896.85337,0.0107
36.0,-112.5,1900.89347,0.01015
37.0,-112.5,1899.95646,0.03813
38.0,-112.5,1894.75879,0.01909
39.0,-112.5,1902.53027,0.0156
40.0,-112.5,1906.9012,0.01963
41.0,-112.5,1884.18229,0.01697
42.0,-112.5,1901.20406,0.00531
43.0,-112.5,1898.76916,0.01345
44.0,-112.5,1903.5855,0.00702
45.0,-112.5,1891.8648,-0.02961
46.0,-112.5,1896.81482,0.0579
47.0,-112.5,1897.62664,0.00872
48.0,-112.5,1899.72472,0.01495
49.0,-112.5,1898.71895,0.0082
50.0,-112.5,1900.07551,0.00579
51.0,-112.5,1896.48763,0.00227
52.0,-112.5,1896.54871,0.00013
53.0,-112.5,1895.78322,-0.00917
54.0,-112.5,1889.02872,-0.00985
55.0,-112.5,1877.97082,-0.00882
56.0,-112.5,1873.82159,0.01402
57.0,-112.5,1873.84975,0.02572
58.0,-112.5,1872.46631,0.02171
59.0,-112.5,1876.54428,0.02029
60.0,-112.5,1883.41679,0.02216
61.0,-112.5,1882.72595,0.02691
62.0,-112.5,1881.62636,0.05948
63.0,-112.5,1881.38805,0.025
64.0,-112.5,1878.55491,0.03322
65.0,-112.5,1877.08597,0.04484
66.0,-112.5,1875.07941,0.04995
67.0,-112.5,1873.90739,0.04677
68.0,-112.5,1872.85813,0.05792
69.0,-112.5,1879.07054,0.03348
70.0,-112.5,1873.84514,0.00356
71.0,-112.5,1881.97622,0.0169
72.0,-112.5,1880.75313,0.04235
73.0,-112.5,1878.3876,0.03379
74.0,-112.5,1873.70225,-0.09143
75.0,-112.5,1877.29676,-0.12688
76.0,-112.5,1871.26659,-0.14752
77.0,-112.5,1864.47466,-4.36082
78.0,-112.5,1868.3034,-0.01369
79.0,-112.5,1861.69196,-0.01941
7.0,-111.5,1926.231,-0.30921
8.0,-111.5,1926.22432,-0.34174
9.0,-111.5,1935.61165,0.27565
10.0,-111.5,1920.01838,-0.01089
11.0,-111.5,1910.54326,-3.2806
12.0,-111.5,1895.95833,-0.00777
13.0,-111.5,1910.19625,-0.03237
14.0,-111.5,1914.47544,0.06635
15.0,-111.5,1908.69152,0.00943
16.0,-111.5,1908.45111,0.00558
17.0,-111.5,1910.57899,0.02406
18.0,-111.5,1911.73814,0.02353
19.0,-111.5,1907.50593,-0.00026
20.0,-111.5,1907.42426,-0.01555
21.0,-111.5,1907.89229,-0.00468
22.0,-111.5,1907.38448,-0.02357
23.0,-111.5,1908.18497,-0.00707
24.0,-111.5,1904.45637,0.00164
25.0,-111.5,1916.74549,0.00781
26.0,-111.5,1891.65113,0.00985
27.0,-111.5,1890.96581,-0.00337
28.0,-111.5,1895.30053,0.00944
29.0,-111.5,1917.99216,0.00226
30.0,-111.5,1910.74116,0.00989
31.0,-111.5,1907.98637,0.01251
32.0,-111.5,1909.17446,0.01414
33.0,-111.5,1913.08424,0.00413
34.0,-111.5,1895.99504,0.00046
35.0,-111.5,1886.92387,0.01059
36.0,-111.5,1904.20196,0.00959
37.0,-111.5,1909.25327,0.00493
38.0,-111.5,1902.5065,0.01069
39.0,-111.5,1902.94503,0.01266
40.0,-111.5,1884.01431,0.13222
41.0,-111.5,1888.33107,-0.00053
42.0,-111.5,1883.86851,0.06195
43.0,-111.5,1888.26044,-0.09061
44.0,-111.5,1886.7717,0.01394
45.0,-111.5,1881.25092,-0.0412
46.0,-111.5,1894.07277,0.02159
47.0,-111.5,1893.35488,-0.00841
48.0,-111.5,1905.46619,0.01444
49.0,-111.5,1903.21361,-0.00214
50.0,-111.5,1902.4761,0.00505
51.0,-111.5,1899.16868,0.01107
52.0,-111.5,1896.56212,0.00441
53.0,-111.5,1894.8814,-0.0084
54.0,-111.5,1890.13165,-0.01169
55.0,-111.5,1873.37579,-0.00401
56.0,-111.5,1874.1625,0.00391
57.0,-111.5,1886.19395,0.01938
58.0,-111.5,1879.27026,0.0039
59.0,-111.5,1878.45276,0.0188
60.0,-111.5,1883.24986,0.02754
61.0,-111.5,1887.5871,0.04049
62.0,-111.5,1876.36806,0.03272
63.0,-111.5,1876.59287,0.03413
64.0,-111.5,1879.48727,0.03074
65.0,-111.5,1880.94606,0.03322
66.0,-111.5,1878.82504,0.05203
67.0,-111.5,1881.21982,0.05226
68.0,-111.5,1876.59736,-0.00673
69.0,-111.5,1880.0289,0.02468
70.0,-111.5,1882.18907,0.03699
71.0,-111.5,1879.01259,0.02969
72.0,-111.5,1880.76107,-0.01993
73.0,-111.5,1877.95155,0.0611
74.0,-111.5,1861.89248,-0.61476
75.0,-111.5,1877.8171,-0.00012
76.0,-111.5,1875.39873,0.04331
77.0,-111.5,1871.4539,-5.59488
78.0,-111.5,1866.94313,0.12674
79.0,-111.5,1871.09325,-0.07435
7.0,-110.5,1912.3474,0.62391
8.0,-110.5,1922.89045,-1.40116
9.0,-110.5,1920.57209,-0.05638
10.0,-110.5,1904.75188,-0.62705
11.0,-110.5,1895.45553,0.16691
12.0,-110.5,1893.20948,-0.35656
13.0,-110.5,1908.61099,-0.44251
14.0,-110.5,1903.78387,-0.02331
15.0,-110.5,1909.02215,-0.00651
16.0,-110.5,1909.15258,0.02286
17.0,-110.5,1913.11178,0.03955
18.0,-110.5,1908.87572,0.00409
19.0,-110.5,1907.94606,-0.01114
20.0,-110.5,1908.58136,0.0055
21.0,-110.5,1909.3655,0.01133
22.0,-110.5,1909.15516,0.01627
23.0,-110.5,1904.90154,0.01056
24.0,-110.5,1901.05673,0.00926
25.0,-110.5,1884.24709,-9e-05
26.0,-110.5,1893.41174,0.01097
27.0,-110.5,1898.44967,0.02295
28.0,-110.5,1908.03163,0.00433
29.0,-110.5,1907.47979,0.00338
30.0,-110.5,1898.85146,0.00655
31.0,-110.5,1899.52396,0.00723
32.0,-110.5,1902.38585,0.00948
33.0,-110.5,1900.81743,1.0664
34.0,-110.5,1893.51707,-0.00041
35.0,-110.5,1906.02768,0.00771
36.0,-110.5,1902.89883,0.00128
37.0,-110.5,1908.00721,0.00486
38.0,-110.5,1910.56515,0.01709
39.0,-110.5,1911.79594,0.006
40.0,-110.5,1907.99393,0.00414
41.0,-110.5,1891.12289,-0.03263
42.0,-110.5,1896.94368,0.01385
43.0,-110.5,1885.38905,-0.05677
44.0,-110.5,1863.73474,-0.05618
45.0,-110.5,1874.70777,-0.08036
46.0,-110.5,1892.52484,0.03418
47.0,-110.5,1893.69122,0.00997
48.0,-110.5,1905.67315,0.01026
49.0,-110.5,1903.8387,0.00558
50.0,-110.5,1899.44323,0.00483
51.0,-110.5,1900.5083,0.01059
52.0,-110.5,1895.98526,0.00564
53.0,-110.5,1893.38207,-0.01342
54.0,-110.5,1887.37795,-0.00217
55.0,-110.5,1874.39165,0.01069
56.0,-110.5,1873.32956,-0.00916
57.0,-110.5,1879.41819,0.02048
58.0,-110.5,1881.1473,0.02093
59.0,-110.5,1882.97965,0.05671
60.0,-110.5,1879.16317,0.02668
61.0,-110.5,1880.77092,0.03921
62.0,-110.5,1872.47658,0.03701
63.0,-110.5,1871.88776,0.03203
64.0,-110.5,1881.42922,0.01479
65.0,-110.5,1879.38074,0.024
66.0,-110.5,1877.94762,0.04825
67.0,-110.5,1882.92002,0.03941
68.0,-110.5,1880.31234,0.02782
69.0,-110.5,1880.56802,0.02497
70.0,-110.5,1882.78199,0.04558
71.0,-110.5,1879.64835,0.03805
72.0,-110.5,1879.41014,0.06127
73.0,-110.5,1876.89884,-0.31177
74.0,-110.5,1836.51277,131.16099
75.0,-110.5,1876.22339,0.28093
76.0,-110.5,1868.45548,0.00085
77.0,-110.5,1872.51766,0.06888
78.0,-110.5,1866.11967,0.00644
79.0,-110.5,1867.50703,0.01346
7.0,-109.5,1911.29649,0.06894
8.0,-109.5,1900.2828,-2.00828
9.0,-109.5,1922.32949,-0.18324
10.0,-109.5,1901.11198,-1.58338
11.0,-109.5,1889.87826,0.18739
12.0,-109.5,1890.07969,0.55003
13.0,-109.5,1901.47985,0.06423
14.0,-109.5,1908.09472,-0.0178
15.0,-109.5,1909.74133,-0.05435
16.0,-109.5,1913.72477,-0.04199
17.0,-109.5,1913.28961,-0.01291
18.0,-109.5,1909.56975,-0.01925
19.0,-109.5,1907.44037,0.00117
20.0,-109.5,1905.79619,0.02377
21.0,-109.5,1910.47859,0.02049
22.0,-109.5,1909.34091,0.02471
23.0,-109.5,1903.90495,0.01459
24.0,-109.5,1891.66687,0.01862
25.0,-109.5,1901.59899,0.0227
26.0,-109.5,1901.84931,0.00895
27.0,-109.5,1906.96923,0.00521
28.0,-109.5,1901.04559,0.00121
29.0,-109.5,1893.03711,0.00473
30.0,-109.5,1895.57767,0.0074
31.0,-109.5,1901.71028,0.0072
32.0,-109.5,1909.30526,-0.01395
33.0,-109.5,1903.44353,-0.21431
34.0,-109.5,1888.31439,-0.00048
35.0,-109.5,1903.07274,0.01061
36.0,-109.5,1898.16363,0.00786
37.0,-109.5,1910.02782,0.00068
38.0,-109.5,1902.87046,-0.00621
39.0,-109.5,1907.27025,0.00296
40.0,-109.5,1907.42308,0.00895
41.0,-109.5,1901.87651,-0.00159
42.0,-109.5,1902.29378,0.0049
43.0,-109.5,1893.26114,-0.33659
44.0,-109.5,1895.25354,0.2311
45.0,-109.5,1898.15217,0.03507
46.0,-109.5,1897.57794,0.03476
47.0,-109.5,1894.44413,0.01943
48.0,-109.5,1897.95489,0.01274
49.0,-109.5,1902.1786,0.00732
50.0,-109.5,1897.61023,-0.0025
51.0,-109.5,1900.79475,0.00959
52.0,-109.5,1897.36751,0.01043
53.0,-109.5,1895.1067,-0.00323
54.0,-109.5,1883.95587,-0.00413
55.0,-109.5,1870.41457,0.00276
56.0,-109.5,1874.15316,-0.00143
57.0,-109.5,1877.96256,0.02699
58.0,-109.5,1876.75717,0.02715
59.0,-109.5,1881.82612,0.17197
60.0,-109.5,1871.95218,0.02547
61.0,-109.5,1873.53476,0.02971
62.0,-109.5,1868.40046,0.0388
63.0,-109.5,1873.99814,0.02543
64.0,-109.5,1881.6729,0.03273
65.0,-109.5,1878.14404,0.02865
66.0,-109.5,1880.6062,0.04408
67.0,-109.5,1886.95124,0.0333
68.0,-109.5,1874.67183,0.1093
69.0,-109.5,1882.20119,0.02401
70.0,-109.5,1881.88237,0.05274
71.0,-109.5,1880.80995,0.04834
72.0,-109.5,1880.55661,0.02172
73.0,-109.5,1881.47191,0.03773
75.0,-109.5,1875.48163,-0.03508
76.0,-109.5,1868.32469,-0.74427
77.0,-109.5,1868.93456,-0.06655
78.0,-109.5,1861.46662,0.0535
79.0,-109.5,1868.61188,12.35515
7.0,-108.5,1907.47042,-2.84742
8.0,-108.5,1922.38684,-1.68646
9.0,-108.5,1919.69966,0.71998
10.0,-108.5,1894.36411,-2.76529
11.0,-108.5,1908.57935,-0.61578
12.0,-108.5,1913.95309,-0.11335
13.0,-108.5,1910.52641,0.00516
14.0,-108.5,1910.50205,-0.03804
15.0,-108.5,1917.02536,-0.0045
16.0,-108.5,1914.13874,-0.00735
17.0,-108.5,1910.53351,-0.01967
18.0,-108.5,1908.25763,0.01338
19.0,-108.5,1909.89836,0.02033
20.0,-108.5,1908.74016,0.02335
21.0,-108.5,1910.01688,0.01245
22.0,-108.5,1909.80419,0.01116
23.0,-108.5,1909.61222,-0.00649
24.0,-108.5,1901.31185,-0.01337
25.0,-108.5,1896.05373,-0.00922
26.0,-108.5,1910.09031,-0.00339
27.0,-108.5,1903.28355,0.11028
28.0,-108.5,1895.89501,-0.00984
29.0,-108.5,1897.47241,-0.16827
30.0,-108.5,1891.48478,-0.07589
31.0,-108.5,1910.50226,0.0026
32.0,-108.5,1912.2292,0.00571
33.0,-108.5,1897.92508,-0.00285
34.0,-108.5,1896.03065,0.00046
35.0,-108.5,1894.879,-0.00051
36.0,-108.5,1905.99877,0.00799
37.0,-108.5,1905.47586,-0.00233
38.0,-108.5,1895.87065,0.01352
39.0,-108.5,1900.57514,-0.02047
40.0,-108.5,1895.82347,0.00443
41.0,-108.5,1903.634,-0.00202
42.0,-108.5,1903.0381,0.00569
43.0,-108.5,1901.54749,0.02703
44.0,-108.5,1904.36321,0.02937
45.0,-108.5,1904.63994,0.02156
46.0,-108.5,1898.89191,0.02379
47.0,-108.5,1902.40187,0.01672
48.0,-108.5,1901.04808,0.00785
49.0,-108.5,1901.37711,-0.00305
50.0,-108.5,1897.52125,-0.00139
51.0,-108.5,1898.49381,0.01222
52.0,-108.5,1895.95691,0.01786
53.0,-108.5,1893.12128,-0.00132
54.0,-108.5,1881.67354,-0.00365
55.0,-108.5,1869.40464,0.00065
56.0,-108.5,1872.52929,-0.00273
57.0,-108.5,1877.95889,0.02346
58.0,-108.5,1881.18644,0.01631
59.0,-108.5,1878.49961,-0.06494
60.0,-108.5,1872.24262,0.02564
61.0,-108.5,1871.08811,0.02444
62.0,-108.5,1871.08186,0.02288
63.0,-108.5,1878.95007,0.0107
64.0,-108.5,1879.57525,0.02779
65.0,-108.5,1880.624,0.02899
66.0,-108.5,1885.06194,0.03806
67.0,-108.5,1881.89596,0.03981
68.0,-108.5,1874.4287,0.06396
69.0,-108.5,1877.3631,0.04797
70.0,-108.5,1882.21737,0.04094
71.0,-108.5,1880.77161,0.0418
72.0,-108.5,1878.48077,0.00353
73.0,-108.5,1875.93369,-2.59482
74.0,-108.5,1873.81005,0.00141
75.0,-108.5,1872.6877,0.03618
76.0,-108.5,1870.26177,0.01879
77.0,-108.5,1864.36074,-5.56972
78.0,-108.5,1870.43751,0.2064
79.0,-108.5,1866.48096,0.11758
7.0,-107.5,1912.94355,-25.33142
8.0,-107.5,1923.22202,-1.90694
9.0,-107.5,1917.82037,9.00083
10.0,-107.5,1921.67943,0.23658
11.0,-107.5,1915.22856,0.01931
12.0,-107.5,1913.20358,-2.46169
13.0,-107.5,1914.69874,0.02619
14.0,-107.5,1913.52136,0.04462
15.0,-107.5,1917.94583,0.02953
16.0,-107.5,1911.56247,0.00419
17.0,-107.5,1911.93681,0.00899
18.0,-107.5,1910.20528,-0.00934
19.0,-107.5,1910.34346,-0.00989
20.0,-107.5,1910.834,0.00714
21.0,-107.5,1909.47164,0.00533
22.0,-107.5,1907.46149,-0.0051
23.0,-107.5,1907.3807,-0.00591
24.0,-107.5,1899.72214,0.00141
25.0,-107.5,1908.31408,-0.01368
26.0,-107.5,1896.54397,-0.00974
27.0,-107.5,1904.54834,-0.02159
28.0,-107.5,1902.96027,-0.01823
29.0,-107.5,1904.4264,-0.01139
30.0,-107.5,1906.24497,0.07629
31.0,-107.5,1912.32989,-0.00138
32.0,-107.5,1912.98801,-0.00326
33.0,-107.5,1903.45346,-0.01106
34.0,-107.5,1902.3008,0.00024
35.0,-107.5,1903.68446,0.00021
36.0,-107.5,1905.17934,-0.00052
37.0,-107.5,1899.45583,-0.04107
38.0,-107.5,1882.44461,-0.0394
39.0,-107.5,1892.06087,0.4491
40.0,-107.5,1888.28767,0.01891
41.0,-107.5,1893.71091,-0.0058
42.0,-107.5,1901.79749,0.00162
43.0,-107.5,1900.71554,0.01263
44.0,-107.5,1896.72137,0.0197
45.0,-107.5,1890.96016,0.02339
46.0,-107.5,1898.06956,0.02389
47.0,-107.5,1902.68857,0.01439
48.0,-107.5,1903.29585,0.00529
49.0,-107.5,1899.56426,-0.00012
50.0,-107.5,1898.58031,0.00413
51.0,-107.5,1897.33277,0.02008
52.0,-107.5,1896.42196,0.01818
53.0,-107.5,1889.25498,0.0064
54.0,-107.5,1878.26581,0.00894
55.0,-107.5,1879.6517,0.02789
56.0,-107.5,1881.92984,0.01301
57.0,-107.5,1877.59097,0.01648
58.0,-107.5,1881.2699,-0.00638
59.0,-107.5,1876.9987,0.00773
60.0,-107.5,1873.38315,0.01852
61.0,-107.5,1873.50595,0.02014
62.0,-107.5,1874.66605,0.01553
63.0,-107.5,1881.47751,0.00742
64.0,-107.5,1881.29992,0.01516
65.0,-107.5,1882.46003,0.03009
66.0,-107.5,1881.43038,0.04893
67.0,-107.5,1872.4861,0.04352
68.0,-107.5,1879.42705,0.02798
69.0,-107.5,1876.02824,-0.65819
70.0,-107.5,1882.01055,0.03601
71.0,-107.5,1880.8686,0.0352
72.0,-107.5,1879.75231,-0.02608
73.0,-107.5,1878.50527,0.00556
74.0,-107.5,1875.4225,-0.07212
75.0,-107.5,1870.46004,0.02385
76.0,-107.5,1868.15899,0.02321
77.0,-107.5,1847.93954,-0.03408
78.0,-107.5,1871.48182,0.14815
7.0,-106.5,1903.86497,4.27178
8.0,-106.5,1912.70289,-0.62247
9.0,-106.5,1913.78688,-0.16197
10.0,-106.5,1900.13361,0.30685
11.0,-106.5,1916.09347,2.46189
12.0,-106.5,1915.79882,0.86662
13.0,-106.5,1917.93631,0.04873
14.0,-106.5,1912.88265,0.01989
15.0,-106.5,1919.17809,0.01311
16.0,-106.5,1916.78311,0.01863
17.0,-106.5,1912.48326,0.01093
18.0,-106.5,1909.78655,0.0099
19.0,-106.5,1910.95069,0.01214
20.0,-106.5,1912.09388,0.01638
21.0,-106.5,1907.94975,0.01229
22.0,-106.5,1904.43824,0.01143
23.0,-106.5,1905.60226,0.00184
24.0,-106.5,1903.26748,-0.08871
25.0,-106.5,1900.51274,-0.08205
26.0,-106.5,1898.55729,-0.09398
27.0,-106.5,1906.08486,-0.00164
28.0,-106.5,1908.68534,-0.00979
29.0,-106.5,1909.01988,-0.03109
30.0,-106.5,1910.87025,-0.00972
31.0,-106.5,1918.55332,-0.00227
32.0,-106.5,1915.35361,-0.0021
33.0,-106.5,1910.42482,-0.00344
34.0,-106.5,1904.46672,-0.00186
35.0,-106.5,1902.60851,0.00155
36.0,-106.5,1897.5352,-0.08647
37.0,-106.5,1894.6049,-0.03085
38.0,-106.5,1893.58759,-0.13351
39.0,-106.5,1885.98757,-0.16797
40.0,-106.5,1884.60285,0.01455
41.0,-106.5,1886.45375,0.04481
42.0,-106.5,1896.99797,0.01625
43.0,-106.5,1898.19664,0.01839
44.0,-106.5,1901.36436,0.0504
45.0,-106.5,1897.27643,0.02922
46.0,-106.5,1898.58832,0.02054
47.0,-106.5,1905.3525,0.01342
48.0,-106.5,1902.0575,0.00532
49.0,-106.5,1900.01417,0.00552
50.0,-106.5,1898.12637,0.00638
51.0,-106.5,1898.52145,0.01216
52.0,-106.5,1895.65174,0.02035
53.0,-106.5,1893.23937,0.01082
54.0,-106.5,1875.22127,0.02422
55.0,-106.5,1881.63577,0.02768
56.0,-106.5,1884.57984,0.01947
57.0,-106.5,1878.70515,0.01178
58.0,-106.5,1878.32363,0.0023
59.0,-106.5,1876.85406,0.00869
60.0,-106.5,1870.67034,0.02264
61.0,-106.5,1875.87429,0.02901
62.0,-106.5,1877.88,0.01616
63.0,-106.5,1881.73149,0.03355
64.0,-106.5,1882.60417,0.03344
65.0,-106.5,1883.1449,0.03266
66.0,-106.5,1883.35865,0.04092
67.0,-106.5,1885.06817,0.04027
68.0,-106.5,1881.15801,0.04229
69.0,-106.5,1881.35507,-0.15949
70.0,-106.5,1883.12331,0.03874
71.0,-106.5,1883.35804,0.03501
72.0,-106.5,1883.53223,0.06014
73.0,-106.5,1875.5184,0.02015
74.0,-106.5,1877.62094,0.05179
75.0,-106.5,1873.05458,0.02928
76.0,-106.5,1868.55726,0.0459
77.0,-106.5,1865.40316,-0.14419
78.0,-106.5,1871.47781,0.4401
79.0,-106.5,1869.73431,0.05167
7.0,-105.5,1902.88855,-3.26817
8.0,-105.5,1894.93425,-9.69471
9.0,-105.5,1898.87718,0.06218
10.0,-105.5,1908.47642,-0.2187
11.0,-105.5,1919.34975,0.29776
12.0,-105.5,1917.07945,0.01276
13.0,-105.5,1916.07815,0.78018
14.0,-105.5,1910.60524,-0.62656
15.0,-105.5,1918.35256,0.08463
16.0,-105.5,1920.43173,0.04043
17.0,-105.5,1917.3756,0.02628
18.0,-105.5,1913.4691,0.02019
19.0,-105.5,1911.11071,0.01651
20.0,-105.5,1905.19387,0.00251
21.0,-105.5,1900.71073,0.00273
22.0,-105.5,1901.81754,0.10849
23.0,-105.5,1907.48762,-0.01
24.0,-105.5,1903.8213,-0.01265
25.0,-105.5,1906.00771,0.01963
26.0,-105.5,1910.55124,0.00251
27.0,-105.5,1914.45918,-0.00748
28.0,-105.5,1916.27228,-0.0128
29.0,-105.5,1916.37777,-0.00447
30.0,-105.5,1918.25686,-0.00417
31.0,-105.5,1915.30112,-0.0064
32.0,-105.5,1914.26197,-0.00235
33.0,-105.5,1899.85254,-0.00808
34.0,-105.5,1902.896,-0.00827
35.0,-105.5,1898.61338,-0.00582
36.0,-105.5,1892.19047,-0.01461
37.0,-105.5,1894.67854,-0.0005
38.0,-105.5,1891.77734,-0.09108
39.0,-105.5,1890.9493,0.00686
40.0,-105.5,1890.99657,-0.00321
41.0,-105.5,1893.74493,-0.00277
42.0,-105.5,1895.26766,0.01778
43.0,-105.5,1897.58089,0.02163
44.0,-105.5,1900.20007,0.02717
45.0,-105.5,1898.83053,0.02685
46.0,-105.5,1900.57067,0.01736
47.0,-105.5,1902.89373,0.01657
48.0,-105.5,1903.49701,0.01406
49.0,-105.5,1900.39508,0.00251
50.0,-105.5,1897.86797,0.01126
51.0,-105.5,1898.64034,0.01157
52.0,-105.5,1892.60645,0.02108
53.0,-105.5,1892.06129,0.00874
54.0,-105.5,1874.06544,0.02684
55.0,-105.5,1885.34516,0.01696
56.0,-105.5,1880.1757,0.01879
57.0,-105.5,1874.9828,0.01645
58.0,-105.5,1874.5064,0.01665
59.0,-105.5,1875.1366,0.01001
60.0,-105.5,1873.05807,0.02163
61.0,-105.5,1875.84886,0.02628
62.0,-105.5,1880.50648,0.03037
63.0,-105.5,1883.30368,0.03744
64.0,-105.5,1881.19179,0.04349
65.0,-105.5,1883.10735,0.04057
66.0,-105.5,1884.52131,0.05074
67.0,-105.5,1883.26755,0.04279
68.0,-105.5,1884.57399,0.04299
69.0,-105.5,1878.73156,0.04249
70.0,-105.5,1885.12863,0.04084
71.0,-105.5,1886.22311,0.03796
72.0,-105.5,1886.66795,0.05259
73.0,-105.5,1875.87054,0.04983
74.0,-105.5,1872.31925,-0.13556
75.0,-105.5,1869.15796,-0.08508
76.0,-105.5,1870.19988,-0.27543
77.0,-105.5,1869.88538,-0.03724
78.0,-105.5,1869.8808,0.04346
79.0,-105.5,1865.96487,0.03292
7.0,-104.5,1920.44845,2.71703
8.0,-104.5,1929.01299,1.23246
9.0,-104.5,1914.77299,0.00665
10.0,-104.5,1915.68381,-0.68952
11.0,-104.5,1914.94187,-0.3465
12.0,-104.5,1915.41323,0.05727
13.0,-104.5,1912.83279,-0.02648
14.0,-104.5,1919.96134,0.04605
15.0,-104.5,1918.32092,0.02519
16.0,-104.5,1912.43786,0.01407
17.0,-104.5,1911.00942,0.01753
18.0,-104.5,1911.25697,-4e-05
19.0,-104.5,1905.7235,0.00643
20.0,-104.5,1910.60825,0.00535
21.0,-104.5,1914.38872,-0.44407
22.0,-104.5,1908.09781,-0.14138
23.0,-104.5,1907.16582,0.0828
24.0,-104.5,1910.04244,-0.0071
25.0,-104.5,1911.45554,0.01383
26.0,-104.5,1916.9377,0.00888
27.0,-104.5,1919.06751,-0.00575
28.0,-104.5,1916.49157,-0.01766
29.0,-104.5,1919.00531,-0.0205
30.0,-104.5,1915.99726,-0.00621
31.0,-104.5,1917.0559,-0.00737
32.0,-104.5,1920.58386,-0.00128
33.0,-104.5,1919.28189,-0.00726
34.0,-104.5,1911.46999,-0.0029
35.0,-104.5,1902.35337,0.0043
36.0,-104.5,1895.98846,0.00441
37.0,-104.5,1892.25761,0.00828
38.0,-104.5,1901.85819,0.0151
39.0,-104.5,1894.25983,0.0067
40.0,-104.5,1901.19027,0.01182
41.0,-104.5,1900.5563,0.0106
42.0,-104.5,1899.98789,0.02291
43.0,-104.5,1896.73153,0.02564
44.0,-104.5,1892.44831,0.02497
45.0,-104.5,1895.66463,0.02808
46.0,-104.5,1899.08261,0.02215
47.0,-104.5,1899.95113,0.01766
48.0,-104.5,1901.2517,0.01767
49.0,-104.5,1899.23015,0.00796
50.0,-104.5,1898.32829,0.0048
51.0,-104.5,1896.39479,0.00242
52.0,-104.5,1894.1345,0.02193
53.0,-104.5,1892.56695,0.0275
54.0,-104.5,1886.88211,0.02227
55.0,-104.5,1876.73684,0.00999
56.0,-104.5,1876.30137,0.02266
57.0,-104.5,1874.5702,0.01592
58.0,-104.5,1875.49104,0.03426
59.0,-104.5,1873.91323,0.02307
60.0,-104.5,1871.75373,0.01971
61.0,-104.5,1878.14939,0.01785
62.0,-104.5,1883.98427,0.04265
63.0,-104.5,1884.86682,0.04293
64.0,-104.5,1885.45709,0.04663
65.0,-104.5,1882.40528,0.05458
66.0,-104.5,1883.46688,0.05539
67.0,-104.5,1882.21323,0.04558
68.0,-104.5,1882.51513,0.00496
69.0,-104.5,1880.63212,-0.01857
70.0,-104.5,1882.43502,0.04277
71.0,-104.5,1885.50673,0.04333
72.0,-104.5,1881.71538,-0.27285
73.0,-104.5,1874.91054,-0.03674
74.0,-104.5,1870.78733,0.2844
75.0,-104.5,1875.43695,0.13371
76.0,-104.5,1871.16301,0.06611
77.0,-104.5,1870.85323,0.07999
78.0,-104.5,1869.82551,0.03916
79.0,-104.5,1867.22158,0.00793
7.0,-103.5,1912.80848,-1.78103
8.0,-103.5,1911.60738,-2.63337
9.0,-103.5,1900.59235,-1.04964
10.0,-103.5,1912.68952,-0.32364
11.0,-103.5,1925.89069,-1.67305
12.0,-103.5,1923.81172,0.11724
13.0,-103.5,1910.16374,-0.15834
14.0,-103.5,1906.12013,-0.01407
15.0,-103.5,1916.57033,-0.01258
16.0,-103.5,1911.84023,0.00736
17.0,-103.5,1917.12333,0.03365
18.0,-103.5,1907.52448,0.00065
19.0,-103.5,1903.18446,0.01319
20.0,-103.5,1909.38285,-0.03278
21.0,-103.5,1918.5782,-0.00034
22.0,-103.5,1910.84315,-0.00533
23.0,-103.5,1912.63487,-0.01387
24.0,-103.5,1917.17414,-0.00955
25.0,-103.5,1918.38169,0.00254
26.0,-103.5,1928.00433,0.00155
27.0,-103.5,1924.4922,-0.00039
28.0,-103.5,1921.61624,-0.01527
29.0,-103.5,1919.91851,-0.0105
30.0,-103.5,1919.83706,-0.00554
31.0,-103.5,1926.61882,-0.00784
32.0,-103.5,1930.43759,-0.00285
33.0,-103.5,1917.5019,-0.00736
34.0,-103.5,1907.46772,-0.00356
35.0,-103.5,1902.88347,0.00694
36.0,-103.5,1900.45656,0.01379
37.0,-103.5,1895.93821,0.01231
38.0,-103.5,1902.05634,0.01457
39.0,-103.5,1899.43254,0.00847
40.0,-103.5,1900.58314,0.00996
41.0,-103.5,1900.28913,0.01412
42.0,-103.5,1899.50005,0.02547
43.0,-103.5,1896.81945,0.02989
44.0,-103.5,1885.93802,0.02498
45.0,-103.5,1897.57655,0.02533
46.0,-103.5,1896.8275,0.02255
47.0,-103.5,1897.09722,0.01723
48.0,-103.5,1897.24335,0.01237
49.0,-103.5,1897.38514,-0.00226
50.0,-103.5,1898.0234,0.00453
51.0,-103.5,1895.38918,0.00288
52.0,-103.5,1889.89444,0.02203
53.0,-103.5,1890.97886,0.02068
54.0,-103.5,1879.98619,0.01934
55.0,-103.5,1876.20772,0.02317
56.0,-103.5,1882.34729,0.02312
57.0,-103.5,1875.84974,0.02201
58.0,-103.5,1873.36181,0.01275
59.0,-103.5,1872.09392,0.00141
60.0,-103.5,1873.81884,0.02184
61.0,-103.5,1878.19567,0.0325
62.0,-103.5,1883.22957,0.0386
63.0,-103.5,1884.11169,0.04263
64.0,-103.5,1883.82389,0.05587
65.0,-103.5,1882.46693,0.05489
66.0,-103.5,1882.3288,0.04686
67.0,-103.5,1878.25197,0.05241
68.0,-103.5,1879.7419,-0.18611
69.0,-103.5,1877.91398,0.01616
70.0,-103.5,1881.533,0.05358
71.0,-103.5,1880.09066,-0.19966
72.0,-103.5,1872.7842,-1.03434
73.0,-103.5,1871.34633,-1.22424
75.0,-103.5,1868.98177,-0.05903
76.0,-103.5,1874.76592,0.07522
77.0,-103.5,1865.23141,0.67191
78.0,-103.5,1865.76199,0.08957
79.0,-103.5,1867.79249,-0.01341
7.0,-102.5,1924.67995,0.5435
8.0,-102.5,1907.31819,-0.76141
9.0,-102.5,1915.02516,0.71921
10.0,-102.5,1916.95006,2.65683
11.0,-102.5,1920.61533,-0.56374
12.0,-102.5,1920.92592,-0.34263
13.0,-102.5,1911.62742,0.14803
14.0,-102.5,1911.05129,0.06666
15.0,-102.5,1912.2597,-0.43785
16.0,-102.5,1910.52856,0.06804
17.0,-102.5,1920.33303,0.06012
18.0,-102.5,1909.79163,0.02753
19.0,-102.5,1910.19232,0.26273
20.0,-102.5,1913.54031,0.017
21.0,-102.5,1919.45103,0.0138
22.0,-102.5,1915.59232,0.00318
23.0,-102.5,1915.25274,0.00048
24.0,-102.5,1912.76836,-0.01033
25.0,-102.5,1920.34447,-0.00149
26.0,-102.5,1925.04992,-0.00268
27.0,-102.5,1926.78924,-0.02058
28.0,-102.5,1922.38602,-0.02451
29.0,-102.5,1918.64285,-0.01495
30.0,-102.5,1921.91671,-0.00518
31.0,-102.5,1925.91206,-0.00985
32.0,-102.5,1925.36865,-0.01404
33.0,-102.5,1923.81765,-0.00226
34.0,-102.5,1917.24895,0.00482
35.0,-102.5,1908.88855,0.01614
36.0,-102.5,1904.4986,0.01674
37.0,-102.5,1903.03582,0.01511
38.0,-102.5,1903.83982,0.0089
39.0,-102.5,1902.78581,0.00257
40.0,-102.5,1900.78154,0.00625
41.0,-102.5,1902.28792,0.02108
42.0,-102.5,1898.77365,0.0312
43.0,-102.5,1896.8289,0.02847
44.0,-102.5,1901.88326,0.0259
45.0,-102.5,1896.83563,0.01853
46.0,-102.5,1896.27449,0.01384
47.0,-102.5,1897.57897,0.01203
48.0,-102.5,1893.56925,0.01423
49.0,-102.5,1897.54606,-0.00556
50.0,-102.5,1893.74871,0.00189
51.0,-102.5,1896.01736,0.01505
52.0,-102.5,1890.1176,0.01025
53.0,-102.5,1881.7311,0.02058
54.0,-102.5,1880.8044,0.03105
55.0,-102.5,1881.48165,0.04205
56.0,-102.5,1880.09959,0.03386
57.0,-102.5,1877.93483,0.01878
58.0,-102.5,1873.86594,0.03321
59.0,-102.5,1873.66185,0.025
60.0,-102.5,1874.55812,-0.01968
61.0,-102.5,1879.73291,0.0238
62.0,-102.5,1883.86747,0.03271
63.0,-102.5,1880.86732,0.05442
64.0,-102.5,1882.70928,0.05367
65.0,-102.5,1879.05451,0.04541
66.0,-102.5,1881.41503,0.04745
67.0,-102.5,1879.01748,0.05108
68.0,-102.5,1880.26035,-0.00726
69.0,-102.5,1885.09042,0.02955
70.0,-102.5,1880.05866,0.05139
71.0,-102.5,1874.31452,-0.078
72.0,-102.5,1873.76474,-0.14001
73.0,-102.5,1877.22298,-0.02963
75.0,-102.5,1865.23435,0.08488
76.0,-102.5,1873.57879,0.05745
77.0,-102.5,1862.49705,-0.12587
78.0,-102.5,1861.053,0.48186
79.0,-102.5,1867.54553,-0.06142
7.0,-101.5,1931.49198,-0.11592
8.0,-101.5,1922.67046,0.48977
9.0,-101.5,1920.87888,2.80768
10.0,-101.5,1925.51074,-0.16955
11.0,-101.5,1934.46985,0.00912
12.0,-101.5,1929.55621,0.03331
13.0,-101.5,1911.52495,-0.09202
14.0,-101.5,1917.61463,-0.15728
15.0,-101.5,1903.61861,-0.06295
16.0,-101.5,1912.38153,-0.08734
17.0,-101.5,1915.32462,0.00645
18.0,-101.5,1902.42574,0.0179
19.0,-101.5,1910.08157,0.05325
20.0,-101.5,1914.61823,-0.00654
21.0,-101.5,1919.03971,0.0102
22.0,-101.5,1920.20755,-0.00127
23.0,-101.5,1914.8065,-0.00686
24.0,-101.5,1913.88667,-0.01963
25.0,-101.5,1918.04344,-0.02525
26.0,-101.5,1926.16682,-0.00516
27.0,-101.5,1923.8193,-0.01667
28.0,-101.5,1919.65232,-0.018
29.0,-101.5,1920.98196,-0.02595
30.0,-101.5,1923.04432,-0.01063
31.0,-101.5,1922.23537,-0.0149
32.0,-101.5,1928.21412,-0.02094
33.0,-101.5,1924.60341,-0.00851
34.0,-101.5,1919.51766,0.00563
35.0,-101.5,1912.34634,0.01098
36.0,-101.5,1909.26715,0.0101
37.0,-101.5,1909.79948,0.0096
38.0,-101.5,1907.22573,0.00028
39.0,-101.5,1904.78778,0.00236
40.0,-101.5,1901.24902,0.0066
41.0,-101.5,1899.67048,0.01299
42.0,-101.5,1895.25781,0.02135
43.0,-101.5,1896.34641,0.01665
44.0,-101.5,1899.27804,0.01989
45.0,-101.5,1897.85845,0.01557
46.0,-101.5,1898.35749,0.01285
47.0,-101.5,1897.87184,0.00644
48.0,-101.5,1899.55726,0.00107
49.0,-101.5,1900.50031,-0.00464
50.0,-101.5,1897.31324,0.00828
51.0,-101.5,1893.59452,0.01642
52.0,-101.5,1886.7067,0.00438
53.0,-101.5,1877.93097,0.01973
54.0,-101.5,1876.56812,0.03776
55.0,-101.5,1881.73088,0.05714
56.0,-101.5,1878.71454,0.0356
57.0,-101.5,1875.50829,0.03747
58.0,-101.5,1874.93463,0.02557
59.0,-101.5,1874.60179,0.01035
60.0,-101.5,1877.49061,0.01406
61.0,-101.5,1880.10782,0.00373
62.0,-101.5,1884.66595,0.02813
63.0,-101.5,1880.09313,0.03603
64.0,-101.5,1880.34339,0.05283
65.0,-101.5,1880.52116,0.02782
66.0,-101.5,1880.66657,0.04961
67.0,-101.5,1880.00354,0.0447
68.0,-101.5,1881.74186,-0.11007
69.0,-101.5,1871.78023,-0.02436
70.0,-101.5,1877.29439,-0.02457
71.0,-101.5,1860.28142,-9.31967
72.0,-101.5,1880.5147,0.02606
73.0,-101.5,1876.67915,0.10673
74.0,-101.5,1876.70233,0.31652
75.0,-101.5,1867.00266,-0.03822
76.0,-101.5,1874.28921,0.06134
77.0,-101.5,1873.27768,0.13018
78.0,-101.5,1864.35728,-0.01344
79.0,-101.5,1863.86632,-0.0219
7.0,-100.5,1898.47878,-5.56197
8.0,-100.5,1904.54853,11.6241
9.0,-100.5,1921.88473,-6.29363
10.0,-100.5,1928.08428,-0.77124
11.0,-100.5,1923.9283,0.48836
12.0,-100.5,1925.09583,-0.00857
13.0,-100.5,1914.32458,0.39465
14.0,-100.5,1916.65873,0.03773
15.0,-100.5,1907.05241,0.00824
16.0,-100.5,1916.53348,0.00287
17.0,-100.5,1909.39014,0.00053
18.0,-100.5,1914.13616,0.00858
19.0,-100.5,1910.82211,0.01478
20.0,-100.5,1916.18746,0.03377
21.0,-100.5,1919.30387,0.01234
22.0,-100.5,1915.78447,-0.00297
23.0,-100.5,1916.60925,-0.00114
24.0,-100.5,1916.01872,-0.02399
25.0,-100.5,1918.54394,-0.02832
26.0,-100.5,1925.03644,-0.01235
27.0,-100.5,1922.14604,-0.02866
28.0,-100.5,1922.45267,-0.01776
29.0,-100.5,1922.27421,-0.02822
30.0,-100.5,1913.65494,-0.01934
31.0,-100.5,1913.52037,-0.01565
32.0,-100.5,1919.66929,-0.02049
33.0,-100.5,1918.13248,-0.01076
34.0,-100.5,1913.12498,0.00873
35.0,-100.5,1912.26727,0.00256
36.0,-100.5,1909.31799,0.00344
37.0,-100.5,1909.48845,0.01191
38.0,-100.5,1909.80308,-0.00293
39.0,-100.5,1906.84557,0.00124
40.0,-100.5,1904.36236,0.0009
41.0,-100.5,1897.19058,0.00688
42.0,-100.5,1895.28776,0.00817
43.0,-100.5,1895.44975,0.01181
44.0,-100.5,1898.36993,0.0103
45.0,-100.5,1898.22884,0.01499
46.0,-100.5,1897.2295,0.00525
47.0,-100.5,1897.40272,0.00594
48.0,-100.5,1899.32842,-0.00522
49.0,-100.5,1896.99975,-0.00736
50.0,-100.5,1896.682,0.01887
51.0,-100.5,1887.87599,0.01692
52.0,-100.5,1879.42479,0.00835
53.0,-100.5,1867.66378,0.0026
54.0,-100.5,1874.4808,0.04247
55.0,-100.5,1882.78271,0.05258
56.0,-100.5,1882.73509,0.04686
57.0,-100.5,1874.98975,0.02274
58.0,-100.5,1875.31936,0.03568
59.0,-100.5,1874.70781,0.00635
60.0,-100.5,1873.72094,-0.0058
61.0,-100.5,1884.82767,0.02861
62.0,-100.5,1883.02276,0.02785
63.0,-100.5,1878.57074,0.05338
64.0,-100.5,1879.35693,0.05222
65.0,-100.5,1882.78586,0.0467
66.0,-100.5,1877.09747,0.05401
67.0,-100.5,1882.32533,0.06156
68.0,-100.5,1884.49028,0.12711
69.0,-100.5,1874.44833,0.05433
70.0,-100.5,1871.78213,-0.01037
71.0,-100.5,1869.09515,-0.07775
72.0,-100.5,1880.21871,0.20167
73.0,-100.5,1878.12377,0.0622
74.0,-100.5,1878.88645,0.10697
75.0,-100.5,1872.10559,0.05981
76.0,-100.5,1871.53812,0.03491
77.0,-100.5,1871.1668,0.07672
78.0,-100.5,1864.17536,0.06081
79.0,-100.5,1864.83307,-0.1686
80.0,-100.5,1869.26949,0.73587
7.0,-99.5,1922.27259,-4.69525
8.0,-99.5,1920.15785,-10.80223
9.0,-99.5,1920.99605,-5.20308
10.0,-99.5,1927.68972,-0.27721
11.0,-99.5,1926.57613,-0.07223
12.0,-99.5,1925.35551,-0.29476
13.0,-99.5,1918.96369,-0.21619
14.0,-99.5,1906.69763,-0.02682
15.0,-99.5,1907.61322,0.08679
16.0,-99.5,1915.93445,0.02084
17.0,-99.5,1907.67015,0.00997
18.0,-99.5,1916.15154,0.03538
19.0,-99.5,1926.11443,0.0435
20.0,-99.5,1921.40015,0.03374
21.0,-99.5,1916.49118,-0.00203
22.0,-99.5,1915.73623,-0.03288
23.0,-99.5,1916.59743,0.00034
24.0,-99.5,1910.77211,-0.02168
25.0,-99.5,1912.88232,-0.01373
26.0,-99.5,1920.77345,-0.01105
27.0,-99.5,1922.51283,-0.01682
28.0,-99.5,1924.65101,-0.0257
29.0,-99.5,1923.07023,-0.03035
30.0,-99.5,1911.16994,-0.02475
31.0,-99.5,1909.85821,-0.02818
32.0,-99.5,1913.7786,-0.01485
33.0,-99.5,1914.91053,-0.01491
34.0,-99.5,1917.54047,-0.00243
35.0,-99.5,1916.98174,0.0029
36.0,-99.5,1909.78108,0.00502
37.0,-99.5,1907.53532,0.005
38.0,-99.5,1909.59432,0.00206
39.0,-99.5,1906.51909,-0.00348
40.0,-99.5,1904.75872,-0.0014
41.0,-99.5,1901.41507,0.00144
42.0,-99.5,1897.21809,0.00863
43.0,-99.5,1897.16356,0.00677
44.0,-99.5,1897.6608,0.00674
45.0,-99.5,1903.43776,0.01065
46.0,-99.5,1898.03702,0.00684
47.0,-99.5,1897.20333,0.00144
48.0,-99.5,1901.01913,-0.01046
49.0,-99.5,1900.29266,-0.01516
50.0,-99.5,1899.72938,0.01072
51.0,-99.5,1889.17441,0.01046
52.0,-99.5,1877.46864,0.02292
53.0,-99.5,1872.78183,0.00018
54.0,-99.5,1879.62903,0.02634
55.0,-99.5,1880.12298,0.04481
56.0,-99.5,1875.94744,0.05713
57.0,-99.5,1872.93023,0.04306
58.0,-99.5,1877.66412,0.02797
59.0,-99.5,1873.63892,0.01001
60.0,-99.5,1876.17635,-0.01874
61.0,-99.5,1886.65341,0.03258
62.0,-99.5,1883.03906,0.05153
63.0,-99.5,1879.80218,0.04548
64.0,-99.5,1880.27844,0.01752
65.0,-99.5,1882.84501,0.04233
66.0,-99.5,1878.50388,0.05278
67.0,-99.5,1885.15078,0.0621
68.0,-99.5,1884.88294,-0.5924
69.0,-99.5,1873.64733,-0.01167
70.0,-99.5,1863.72038,-0.34196
71.0,-99.5,1871.4455,-0.06982
72.0,-99.5,1886.07092,0.10938
73.0,-99.5,1886.93211,0.10448
74.0,-99.5,1879.48367,0.05411
75.0,-99.5,1875.20177,0.06047
76.0,-99.5,1873.7316,0.06489
77.0,-99.5,1870.03322,0.04562
78.0,-99.5,1866.9965,0.06829
79.0,-99.5,1867.36662,-0.21547
80.0,-99.5,1867.01321,0.21352
7.0,-98.5,1927.51195,-0.13174
8.0,-98.5,1917.63159,-0.06568
9.0,-98.5,1905.34035,0.38954
10.0,-98.5,1917.72536,-5.28621
11.0,-98.5,1925.98071,-0.0447
12.0,-98.5,1928.11471,0.01738
13.0,-98.5,1921.73658,-0.35377
14.0,-98.5,1907.824,0.06777
15.0,-98.5,1911.40943,0.02282
16.0,-98.5,1911.49103,0.00489
17.0,-98.5,1911.68026,0.00258
18.0,-98.5,1914.01372,0.0173
19.0,-98.5,1925.63368,0.03587
20.0,-98.5,1918.83353,0.02517
21.0,-98.5,1909.58265,-0.01083
22.0,-98.5,1914.14522,-0.00989
23.0,-98.5,1916.44596,0.00224
24.0,-98.5,1912.27358,-0.00552
25.0,-98.5,1918.92203,-0.0108
26.0,-98.5,1925.88087,-0.00827
27.0,-98.5,1921.18433,-0.01901
28.0,-98.5,1921.2948,-0.02537
29.0,-98.5,1926.58753,-0.03886
30.0,-98.5,1917.98724,-0.02308
31.0,-98.5,1910.9772,-0.01999
32.0,-98.5,1910.11879,-0.01005
33.0,-98.5,1908.97522,-0.01809
34.0,-98.5,1914.38448,-0.00784
35.0,-98.5,1913.37881,-0.00117
36.0,-98.5,1915.41773,0.00719
37.0,-98.5,1912.51402,0.00096
38.0,-98.5,1911.71189,-0.00165
39.0,-98.5,1905.9709,0.0025
40.0,-98.5,1906.21065,0.00379
41.0,-98.5,1905.11608,-0.00217
42.0,-98.5,1900.71947,0.00317
43.0,-98.5,1900.2675,-0.0005
44.0,-98.5,1903.75273,0.00504
45.0,-98.5,1905.21411,-0.00096
46.0,-98.5,1903.43589,-0.00688
47.0,-98.5,1904.78679,-0.00717
48.0,-98.5,1902.05678,-0.00775
49.0,-98.5,1904.5896,-0.01317
50.0,-98.5,1893.92036,0.00287
51.0,-98.5,1880.10935,0.01022
52.0,-98.5,1877.65027,0.02034
53.0,-98.5,1852.85761,-0.0006
54.0,-98.5,1871.80333,-0.91161
55.0,-98.5,1878.14747,0.04787
56.0,-98.5,1876.86599,0.06279
57.0,-98.5,1873.88857,0.03759
58.0,-98.5,1879.07923,0.03582
59.0,-98.5,1874.15011,0.03823
60.0,-98.5,1880.91151,0.04146
61.0,-98.5,1886.08873,0.03895
62.0,-98.5,1881.63646,0.04923
63.0,-98.5,1884.26455,0.04507
64.0,-98.5,1881.56007,0.02663
65.0,-98.5,1886.62307,0.03492
66.0,-98.5,1878.05047,0.04398
67.0,-98.5,1884.2637,0.06824
68.0,-98.5,1888.17204,0.03061
69.0,-98.5,1880.3424,0.07211
70.0,-98.5,1886.15803,0.11407
71.0,-98.5,1876.34273,0.2637
72.0,-98.5,1886.76283,0.12142
73.0,-98.5,1887.18663,0.10752
74.0,-98.5,1880.12839,-0.23122
75.0,-98.5,1875.29657,-0.44298
76.0,-98.5,1873.94687,0.07279
77.0,-98.5,1872.68621,0.04311
78.0,-98.5,1861.77395,-0.06416
79.0,-98.5,1869.36448,-0.4034
80.0,-98.5,1868.07027,-0.11509
7.0,-97.5,1916.7881,0.12129
8.0,-97.5,1900.4314,-2.54469
9.0,-97.5,1908.67142,0.01581
10.0,-97.5,1917.26305,-0.71956
11.0,-97.5,1924.32882,-0.15864
12.0,-97.5,1927.46058,-0.02906
13.0,-97.5,1921.35468,0.01885
14.0,-97.5,1914.46818,0.00606
15.0,-97.5,1913.57871,0.01007
16.0,-97.5,1909.51239,-0.00347
17.0,-97.5,1912.8019,-0.01017
18.0,-97.5,1917.58354,0.03336
19.0,-97.5,1921.93179,0.09343
20.0,-97.5,1915.78213,-0.02123
21.0,-97.5,1903.41821,0.01051
22.0,-97.5,1901.84895,0.01254
23.0,-97.5,1906.55213,0.00548
24.0,-97.5,1904.72821,0.01352
25.0,-97.5,1900.94751,0.01363
26.0,-97.5,1914.03052,0.00211
27.0,-97.5,1908.87761,-0.00043
28.0,-97.5,1916.31961,-0.03519
29.0,-97.5,1923.82249,-0.01932
30.0,-97.5,1922.34818,-0.01888
31.0,-97.5,1919.08049,-0.02086
32.0,-97.5,1913.4987,-0.00988
33.0,-97.5,1917.36518,-0.01697
34.0,-97.5,1910.84785,-0.0049
35.0,-97.5,1911.08102,-0.00373
36.0,-97.5,1913.83025,-0.00451
37.0,-97.5,1916.72752,-0.00729
38.0,-97.5,1912.77519,0.00165
39.0,-97.5,1908.37555,-0.00129
40.0,-97.5,1908.27761,-0.00283
41.0,-97.5,1907.83998,-0.00737
42.0,-97.5,1905.33303,-0.00611
43.0,-97.5,1904.34106,-9e-05
44.0,-97.5,1903.15445,0.00319
45.0,-97.5,1898.18267,-0.00151
46.0,-97.5,1901.71159,-0.00324
47.0,-97.5,1908.71135,-0.01255
48.0,-97.5,1909.3755,-0.01256
49.0,-97.5,1908.04335,-0.00784
50.0,-97.5,1899.49596,0.00474
51.0,-97.5,1890.66875,0.00394
52.0,-97.5,1869.87633,0.02978
53.0,-97.5,1868.78073,0.01665
54.0,-97.5,1880.97844,0.02737
55.0,-97.5,1877.71056,0.04293
56.0,-97.5,1878.29152,0.05563
57.0,-97.5,1878.53933,0.01861
58.0,-97.5,1878.44039,0.02532
59.0,-97.5,1878.90906,0.04376
60.0,-97.5,1882.93136,0.03056
61.0,-97.5,1885.38414,0.04501
62.0,-97.5,1883.84494,0.0527
63.0,-97.5,1884.44362,0.03837
64.0,-97.5,1884.35442,0.04847
65.0,-97.5,1885.06757,0.01944
66.0,-97.5,1880.24658,0.02997
67.0,-97.5,1885.17703,0.04768
68.0,-97.5,1882.17784,0.05196
69.0,-97.5,1881.52744,0.08401
70.0,-97.5,1887.06859,1.81646
71.0,-97.5,1867.20441,-0.83492
72.0,-97.5,1886.99245,0.14696
73.0,-97.5,1880.62256,0.2946
74.0,-97.5,1879.41638,0.05623
75.0,-97.5,1870.35691,0.21866
76.0,-97.5,1870.92301,0.0881
77.0,-97.5,1868.41162,-0.15088
78.0,-97.5,1863.38352,-0.00509
79.0,-97.5,1864.73221,-0.11075
80.0,-97.5,1863.36568,-1.11748
81.0,-97.5,1838.08888,-9.99024
7.0,-96.5,1919.61642,-0.07207
8.0,-96.5,1910.7747,-0.17098
9.0,-96.5,1916.05512,-0.16228
10.0,-96.5,1914.49065,0.11068
11.0,-96.5,1921.28026,0.29785
12.0,-96.5,1916.20333,0.03194
13.0,-96.5,1923.90099,0.01643
14.0,-96.5,1924.60636,0.02115
15.0,-96.5,1921.41994,0.00765
16.0,-96.5,1911.64899,-0.00052
17.0,-96.5,1918.97421,-0.00482
18.0,-96.5,1898.74489,0.02764
19.0,-96.5,1906.90818,0.0143
20.0,-96.5,1901.23577,0.01161
21.0,-96.5,1917.83497,0.02214
22.0,-96.5,1913.28276,-0.76357
23.0,-96.5,1914.77361,-0.09342
24.0,-96.5,1915.77212,-0.03782
25.0,-96.5,1910.27281,0.05503
26.0,-96.5,1911.01825,-0.00219
27.0,-96.5,1914.56442,-0.01548
28.0,-96.5,1902.21586,0.02475
29.0,-96.5,1921.73615,-0.04694
30.0,-96.5,1923.11171,-0.03214
31.0,-96.5,1919.94151,-0.02089
32.0,-96.5,1915.05509,-0.00578
33.0,-96.5,1917.1531,-0.00484
34.0,-96.5,1908.54456,-0.00589
35.0,-96.5,1907.14448,-0.00982
36.0,-96.5,1904.55951,-0.00392
37.0,-96.5,1905.11705,-0.0093
38.0,-96.5,1904.11517,-0.00592
39.0,-96.5,1903.01512,-0.0085
40.0,-96.5,1908.24743,-0.00951
41.0,-96.5,1907.76501,-0.01002
42.0,-96.5,1906.65725,-0.00472
43.0,-96.5,1907.93552,-0.00164
44.0,-96.5,1906.83969,0.00345
45.0,-96.5,1903.80699,-0.00469
46.0,-96.5,1904.87541,-0.01705
47.0,-96.5,1906.35464,-0.01612
48.0,-96.5,1906.77864,-0.01012
49.0,-96.5,1897.25712,-0.00031
50.0,-96.5,1890.44145,0.00588
51.0,-96.5,1865.01485,3.78476
52.0,-96.5,1885.66765,0.0159
53.0,-96.5,1886.23893,0.01459
54.0,-96.5,1880.01144,0.0153
55.0,-96.5,1877.88256,0.04114
56.0,-96.5,1880.83058,0.04909
57.0,-96.5,1884.2177,0.02512
58.0,-96.5,1883.18121,0.02136
59.0,-96.5,1884.27002,0.04349
60.0,-96.5,1890.7474,0.04048
61.0,-96.5,1888.91194,0.03715
62.0,-96.5,1885.42164,0.0618
63.0,-96.5,1885.40376,0.05041
64.0,-96.5,1883.73703,0.04734
65.0,-96.5,1883.83096,0.03538
66.0,-96.5,1884.14945,0.03545
67.0,-96.5,1882.77911,0.0449
68.0,-96.5,1882.58289,0.00615
69.0,-96.5,1884.42731,0.06815
70.0,-96.5,1883.61683,1.48258
71.0,-96.5,1882.10863,-0.68391
72.0,-96.5,1878.04988,0.12645
73.0,-96.5,1874.24523,0.17385
74.0,-96.5,1872.22119,0.10576
75.0,-96.5,1873.85582,-0.29884
76.0,-96.5,1872.43812,0.02083
77.0,-96.5,1875.17586,0.10714
78.0,-96.5,1863.45018,0.00875
79.0,-96.5,1859.77931,-0.01809
80.0,-96.5,1857.00886,-0.16048
81.0,-96.5,1861.26098,0.01099
7.0,-95.5,1910.04775,-0.03679
8.0,-95.5,1911.85864,0.57362
9.0,-95.5,1915.89533,-0.02807
10.0,-95.5,1917.87218,-0.00314
11.0,-95.5,1913.33758,-3.34625
12.0,-95.5,1914.93993,0.01988
13.0,-95.5,1915.28079,0.05392
14.0,-95.5,1923.18527,0.01553
15.0,-95.5,1922.31854,0.01243
16.0,-95.5,1915.76119,0.03067
17.0,-95.5,1904.76873,0.03376
18.0,-95.5,1910.23414,0.02464
19.0,-95.5,1907.42588,0.0181
20.0,-95.5,1922.28262,0.21043
21.0,-95.5,1920.58008,-6e-05
22.0,-95.5,1913.88166,0.02303
23.0,-95.5,1916.16407,0.00673
24.0,-95.5,1912.35787,0.03157
25.0,-95.5,1915.025,0.09933
26.0,-95.5,1913.7101,-0.14279
27.0,-95.5,1920.19922,-0.00601
28.0,-95.5,1926.16414,-0.00035
29.0,-95.5,1912.85315,-0.00863
30.0,-95.5,1927.11394,-0.03667
31.0,-95.5,1912.63017,-0.01748
32.0,-95.5,1912.85001,-0.00541
33.0,-95.5,1910.90512,-0.00235
34.0,-95.5,1906.13951,-0.00225
35.0,-95.5,1901.02657,1e-05
36.0,-95.5,1906.55054,-0.00629
37.0,-95.5,1908.80351,0.00066
38.0,-95.5,1908.49028,-0.00019
39.0,-95.5,1904.75779,-0.01155
40.0,-95.5,1908.05748,-0.00829
41.0,-95.5,1909.50872,-0.00558
42.0,-95.5,1908.39686,-0.0089
43.0,-95.5,1909.06519,-0.0089
44.0,-95.5,1905.85815,-0.00539
45.0,-95.5,1904.96132,-0.0178
46.0,-95.5,1898.4015,-0.01235
47.0,-95.5,1891.3765,-0.00876
48.0,-95.5,1892.41908,-0.00017
49.0,-95.5,1885.34498,0.00597
50.0,-95.5,1882.70258,0.01213
51.0,-95.5,1893.19393,0.03695
52.0,-95.5,1886.67259,0.0264
53.0,-95.5,1885.16775,0.01962
54.0,-95.5,1875.60313,0.01955
55.0,-95.5,1879.24894,0.0421
56.0,-95.5,1881.36737,0.03223
57.0,-95.5,1885.92967,0.02236
58.0,-95.5,1888.70438,0.01757
59.0,-95.5,1889.85751,0.03842
60.0,-95.5,1891.92328,0.03892
61.0,-95.5,1891.32277,0.02194
62.0,-95.5,1885.94529,0.04742
63.0,-95.5,1887.39363,0.04185
64.0,-95.5,1886.80588,0.02883
65.0,-95.5,1887.08529,0.01668
66.0,-95.5,1886.7653,0.0235
67.0,-95.5,1884.65794,0.02388
68.0,-95.5,1882.51981,-0.20745
69.0,-95.5,1884.28021,-1.81077
70.0,-95.5,1885.33945,0.02767
71.0,-95.5,1887.06807,0.03799
72.0,-95.5,1881.88765,-0.09585
73.0,-95.5,1878.38469,0.06124
74.0,-95.5,1877.22575,0.10617
75.0,-95.5,1876.83265,0.0587
76.0,-95.5,1875.17047,-0.11746
77.0,-95.5,1869.09585,0.01443
78.0,-95.5,1865.66629,0.04259
79.0,-95.5,1855.88719,0.07807
80.0,-95.5,1855.1427,-0.67141
81.0,-95.5,1855.43965,-0.84071
7.0,-94.5,1912.20184,-0.39676
8.0,-94.5,1924.87102,-0.08836
9.0,-94.5,1906.68158,2.91256
10.0,-94.5,1926.69337,-0.20712
11.0,-94.5,1920.29526,-0.07063
12.0,-94.5,1922.24014,0.0275
13.0,-94.5,1918.87467,-0.03917
14.0,-94.5,1917.27139,-0.01273
15.0,-94.5,1914.47364,0.01456
16.0,-94.5,1911.53806,0.03778
17.0,-94.5,1904.04956,0.04382
18.0,-94.5,1904.55082,0.04521
19.0,-94.5,1914.80293,0.02442
20.0,-94.5,1916.70053,-0.03475
21.0,-94.5,1921.86899,-0.00175
22.0,-94.5,1917.31347,0.01269
23.0,-94.5,1918.98319,0.01296
24.0,-94.5,1917.42762,0.00192
25.0,-94.5,1906.81986,-0.05018
26.0,-94.5,1912.16028,-0.05957
27.0,-94.5,1913.40483,-0.05462
28.0,-94.5,1922.36382,-0.01044
29.0,-94.5,1920.92092,0.00575
30.0,-94.5,1910.89539,-0.02437
31.0,-94.5,1908.67721,-0.02244
32.0,-94.5,1914.47432,-0.01262
33.0,-94.5,1907.59924,-0.01742
34.0,-94.5,1903.68856,-0.01516
35.0,-94.5,1903.33167,0.00797
36.0,-94.5,1902.94695,-0.005
37.0,-94.5,1906.3988,0.00836
38.0,-94.5,1908.28768,-0.00145
39.0,-94.5,1906.59674,-0.0086
40.0,-94.5,1907.17508,-0.00649
41.0,-94.5,1907.70744,-0.00195
42.0,-94.5,1908.78028,-0.0064
43.0,-94.5,1908.95793,-0.00624
44.0,-94.5,1906.12153,-0.0108
45.0,-94.5,1903.53776,-0.01342
46.0,-94.5,1899.80037,-0.01894
47.0,-94.5,1881.85977,-0.00868
48.0,-94.5,1881.93517,0.00836
49.0,-94.5,1873.97317,0.02421
50.0,-94.5,1873.57121,0.03692
51.0,-94.5,1887.08272,0.0345
52.0,-94.5,1882.36963,0.0383
53.0,-94.5,1883.34589,0.03211
54.0,-94.5,1877.62143,0.02264
55.0,-94.5,1880.64971,0.02781
56.0,-94.5,1883.5326,0.02068
57.0,-94.5,1886.79954,0.02607
58.0,-94.5,1890.03701,0.03329
59.0,-94.5,1883.17427,-1.87104
60.0,-94.5,1871.39679,-0.4467
61.0,-94.5,1883.55257,0.0024
62.0,-94.5,1888.29459,0.0366
63.0,-94.5,1890.16661,0.03042
64.0,-94.5,1887.26356,0.02597
65.0,-94.5,1889.23631,0.02687
66.0,-94.5,1888.01664,0.02398
67.0,-94.5,1889.66209,0.02947
68.0,-94.5,1885.71115,0.06078
69.0,-94.5,1884.92438,-0.718
70.0,-94.5,1887.71232,0.03905
71.0,-94.5,1888.97032,0.0329
72.0,-94.5,1883.84253,0.0252
73.0,-94.5,1880.82306,0.05475
74.0,-94.5,1879.30836,0.08117
75.0,-94.5,1874.52509,0.09604
76.0,-94.5,1873.45705,0.01941
77.0,-94.5,1865.92713,0.15364
78.0,-94.5,1862.96907,0.08086
79.0,-94.5,1860.54747,-0.01181
80.0,-94.5,1849.09043,-0.11061
81.0,-94.5,1856.88245,0.18856
7.0,-93.5,1924.64422,-0.33462
8.0,-93.5,1921.99486,-0.23079
9.0,-93.5,1916.26144,0.03943
10.0,-93.5,1925.32225,-0.03562
11.0,-93.5,1915.50245,-0.49728
12.0,-93.5,1924.92515,-0.12824
13.0,-93.5,1918.17317,-0.02244
14.0,-93.5,1915.34256,-0.01991
15.0,-93.5,1915.11441,0.01333
16.0,-93.5,1915.41167,0.02487
17.0,-93.5,1910.73176,-0.08494
18.0,-93.5,1904.31967,0.03227
19.0,-93.5,1917.52594,0.01321
20.0,-93.5,1917.79534,-0.02536
21.0,-93.5,1916.32875,0.00412
22.0,-93.5,1912.01044,-0.0089
23.0,-93.5,1911.18333,-0.0475
24.0,-93.5,1909.74015,-0.19967
25.0,-93.5,1915.10695,0.54808
26.0,-93.5,1917.87717,-0.11584
27.0,-93.5,1919.25693,0.00813
28.0,-93.5,1919.74341,-0.00604
29.0,-93.5,1925.27275,-0.00073
30.0,-93.5,1910.40056,-0.01315
31.0,-93.5,1910.45309,-0.00632
32.0,-93.5,1909.90939,-0.00569
33.0,-93.5,1907.33791,-0.0172
34.0,-93.5,1903.83361,-0.00853
35.0,-93.5,1901.67584,-0.00299
36.0,-93.5,1900.70628,-0.00022
37.0,-93.5,1903.65317,-0.00107
38.0,-93.5,1898.96704,0.00685
39.0,-93.5,1909.08602,-0.01348
40.0,-93.5,1906.46385,-0.00241
41.0,-93.5,1905.32626,0.00122
42.0,-93.5,1911.38943,0.00291
43.0,-93.5,1910.47894,-0.00897
44.0,-93.5,1905.66156,-0.01443
45.0,-93.5,1903.15478,0.00451
46.0,-93.5,1894.30819,-0.0112
47.0,-93.5,1887.84838,-0.00633
48.0,-93.5,1880.23152,-0.0091
49.0,-93.5,1869.24248,0.00508
50.0,-93.5,1870.05245,0.02179
51.0,-93.5,1871.22393,0.03632
52.0,-93.5,1878.34,0.05121
53.0,-93.5,1881.47538,0.02903
54.0,-93.5,1878.10125,0.02817
55.0,-93.5,1882.33255,0.02665
56.0,-93.5,1886.3407,0.01809
57.0,-93.5,1891.04765,0.03172
58.0,-93.5,1891.42887,0.02755
59.0,-93.5,1878.26448,0.08106
61.0,-93.5,1881.5653,-0.55851
62.0,-93.5,1888.62441,0.06972
63.0,-93.5,1893.37205,0.02401
64.0,-93.5,1889.65565,0.03527
65.0,-93.5,1888.65416,0.03921
66.0,-93.5,1882.57464,0.01617
67.0,-93.5,1887.26493,0.04589
68.0,-93.5,1886.5802,0.05202
69.0,-93.5,1884.96433,0.03075
70.0,-93.5,1884.79074,0.05082
71.0,-93.5,1886.412,0.03454
72.0,-93.5,1879.17441,-0.10122
73.0,-93.5,1880.57352,0.00503
74.0,-93.5,1882.95239,0.03868
75.0,-93.5,1874.4722,0.16866
76.0,-93.5,1870.92587,0.08931
77.0,-93.5,1867.41714,0.08622
78.0,-93.5,1864.68295,0.10022
79.0,-93.5,1860.50343,0.0951
80.0,-93.5,1832.30745,0.34749
81.0,-93.5,1853.0204,0.50248
7.0,-92.5,1914.18389,0.06865
8.0,-92.5,1919.82101,-0.07632
9.0,-92.5,1921.34999,0.08389
10.0,-92.5,1921.70537,-0.16225
11.0,-92.5,1921.46751,-0.18762
12.0,-92.5,1921.89467,0.07479
13.0,-92.5,1909.79999,-0.03399
14.0,-92.5,1912.53672,0.0308
15.0,-92.5,1907.60753,0.03504
16.0,-92.5,1915.40451,0.02158
17.0,-92.5,1909.58372,1.73625
18.0,-92.5,1902.22334,0.00994
19.0,-92.5,1909.86068,-0.00394
20.0,-92.5,1909.03419,-0.00959
21.0,-92.5,1911.67643,0.00164
22.0,-92.5,1912.58428,-0.02998
23.0,-92.5,1913.89323,-0.01002
24.0,-92.5,1910.99598,0.01976
25.0,-92.5,1911.87914,0.13406
26.0,-92.5,1911.54464,-0.00345
27.0,-92.5,1923.27913,-0.01239
28.0,-92.5,1923.66994,0.00939
29.0,-92.5,1927.20063,-0.04467
30.0,-92.5,1918.50582,-0.02378
31.0,-92.5,1918.43143,-0.00954
32.0,-92.5,1911.06907,-0.00205
33.0,-92.5,1906.2753,-0.00565
34.0,-92.5,1903.55052,0.0022
35.0,-92.5,1909.79465,-0.00613
36.0,-92.5,1901.49487,-0.01664
37.0,-92.5,1905.62715,-0.01223
38.0,-92.5,1900.43919,0.00228
39.0,-92.5,1905.67874,-0.00804
40.0,-92.5,1905.98728,0.00602
41.0,-92.5,1907.5321,0.00115
42.0,-92.5,1913.97091,0.00138
43.0,-92.5,1911.83686,-0.00875
44.0,-92.5,1908.91396,-0.01249
45.0,-92.5,1901.81654,-0.00491
46.0,-92.5,1891.76634,-0.00583
47.0,-92.5,1887.80996,0.0048
48.0,-92.5,1874.9667,-0.00012
49.0,-92.5,1874.79444,0.00439
50.0,-92.5,1869.9279,0.02217
51.0,-92.5,1873.46362,0.03079
52.0,-92.5,1876.24624,0.04976
53.0,-92.5,1878.51219,0.03344
54.0,-92.5,1877.67624,0.03552
55.0,-92.5,1884.17186,0.02823
56.0,-92.5,1888.09141,0.02779
57.0,-92.5,1888.37053,0.05175
58.0,-92.5,1879.14023,0.04667
59.0,-92.5,1878.10825,0.26543
62.0,-92.5,1894.65435,0.4804
63.0,-92.5,1891.31305,0.03333
64.0,-92.5,1888.74166,0.02467
65.0,-92.5,1887.65881,0.03375
66.0,-92.5,1886.61739,0.01032
67.0,-92.5,1888.0027,0.01654
68.0,-92.5,1887.39536,0.03878
69.0,-92.5,1887.78802,0.04259
70.0,-92.5,1885.57131,0.02881
71.0,-92.5,1876.33756,0.0764
73.0,-92.5,1887.18129,0.05967
74.0,-92.5,1882.74511,0.04387
75.0,-92.5,1875.85026,-0.03733
76.0,-92.5,1869.6067,-0.24772
77.0,-92.5,1865.33297,-0.21246
78.0,-92.5,1860.30394,0.03187
79.0,-92.5,1853.31061,-0.10312
80.0,-92.5,1835.4066,-0.15535
81.0,-92.5,1847.84108,-0.104
82.0,-92.5,1854.01344,6.08838
7.0,-91.5,1917.79869,1.11315
8.0,-91.5,1916.95453,-0.91624
9.0,-91.5,1919.24854,0.05869
10.0,-91.5,1921.70752,-1.5342
11.0,-91.5,1918.08112,0.00436
12.0,-91.5,1921.46355,0.01448
13.0,-91.5,1918.19897,-0.0386
14.0,-91.5,1913.23855,0.01027
15.0,-91.5,1909.83604,0.07824
16.0,-91.5,1907.20677,0.007
17.0,-91.5,1898.8084,-0.03171
18.0,-91.5,1899.41713,0.01834
19.0,-91.5,1896.02655,0.0126
20.0,-91.5,1912.6902,0.00594
21.0,-91.5,1913.97231,0.00304
22.0,-91.5,1915.31287,-0.03801
23.0,-91.5,1910.49938,0.01766
24.0,-91.5,1909.98411,-0.0161
25.0,-91.5,1913.09347,0.01878
26.0,-91.5,1910.74709,-0.01804
27.0,-91.5,1911.65047,-0.00347
28.0,-91.5,1920.09938,0.08654
29.0,-91.5,1924.57532,-0.01965
30.0,-91.5,1911.21015,-0.02834
31.0,-91.5,1915.04149,-0.01295
32.0,-91.5,1921.87806,-0.01514
33.0,-91.5,1921.75925,-0.02752
34.0,-91.5,1919.18993,-0.00975
35.0,-91.5,1921.91717,-0.01589
36.0,-91.5,1913.31668,-0.00899
37.0,-91.5,1904.61217,-0.00814
38.0,-91.5,1898.28724,-0.01643
39.0,-91.5,1906.0988,-0.01009
40.0,-91.5,1909.60611,-0.00186
41.0,-91.5,1910.40926,0.00732
42.0,-91.5,1912.23596,-0.00318
43.0,-91.5,1906.99339,-0.00436
44.0,-91.5,1901.459,0.00147
45.0,-91.5,1901.05789,0.00262
46.0,-91.5,1886.59119,0.00544
47.0,-91.5,1872.83125,-0.01038
48.0,-91.5,1877.06858,0.01905
49.0,-91.5,1876.11005,0.01847
50.0,-91.5,1872.60556,0.00762
51.0,-91.5,1870.95482,0.05286
52.0,-91.5,1876.18382,0.04065
53.0,-91.5,1879.16342,0.02644
54.0,-91.5,1879.26628,0.01985
55.0,-91.5,1885.06965,0.03084
56.0,-91.5,1885.96373,0.03385
57.0,-91.5,1888.87156,0.04639
62.0,-91.5,1902.83076,-0.21204
63.0,-91.5,1895.38913,0.00763
64.0,-91.5,1889.38131,0.02598
65.0,-91.5,1883.40584,0.04335
66.0,-91.5,1888.16913,0.01515
67.0,-91.5,1890.03774,0.04219
68.0,-91.5,1891.37512,0.01425
69.0,-91.5,1889.58618,0.02014
70.0,-91.5,1880.17414,-0.20908
71.0,-91.5,1876.42049,-2.6126
73.0,-91.5,1870.72316,-0.11643
74.0,-91.5,1879.45936,0.05732
75.0,-91.5,1880.834,0.10488
76.0,-91.5,1875.40629,0.04825
77.0,-91.5,1868.08924,0.23109
78.0,-91.5,1862.14997,0.07369
79.0,-91.5,1844.58112,-3.3424
80.0,-91.5,1831.86682,0.04557
81.0,-91.5,1855.87164,-0.74252
82.0,-91.5,1857.6168,-0.14364
7.0,-90.5,1910.82797,0.12003
8.0,-90.5,1917.68574,-0.04039
9.0,-90.5,1916.26364,-0.15624
10.0,-90.5,1923.61053,0.14461
11.0,-90.5,1923.61599,0.04346
12.0,-90.5,1924.85242,-0.01669
13.0,-90.5,1921.56359,-0.03329
14.0,-90.5,1910.93812,-0.00128
15.0,-90.5,1916.61207,0.07768
16.0,-90.5,1904.70869,0.06057
17.0,-90.5,1905.59158,0.05915
18.0,-90.5,1897.73034,0.06155
19.0,-90.5,1899.76603,0.02031
20.0,-90.5,1902.87189,0.04282
21.0,-90.5,1908.91861,0.00151
22.0,-90.5,1919.47442,0.00304
23.0,-90.5,1918.0671,-0.01551
24.0,-90.5,1916.2027,0.00241
25.0,-90.5,1922.5351,0.01542
26.0,-90.5,1921.28256,-0.00769
27.0,-90.5,1916.24449,0.01162
28.0,-90.5,1921.42994,-0.00076
29.0,-90.5,1912.36183,-0.04591
30.0,-90.5,1916.17196,-0.00667
31.0,-90.5,1915.17895,-0.00246
32.0,-90.5,1913.17712,-0.01641
33.0,-90.5,1923.50696,-0.01916
34.0,-90.5,1926.43322,-0.01126
35.0,-90.5,1925.15914,-0.01834
36.0,-90.5,1924.59044,-0.02609
37.0,-90.5,1910.67595,-0.02333
38.0,-90.5,1903.93545,-0.02247
39.0,-90.5,1908.42506,-0.00025
40.0,-90.5,1911.52409,0.00556
41.0,-90.5,1912.71845,-0.0008
42.0,-90.5,1911.00756,-0.00428
43.0,-90.5,1905.61008,0.0027
44.0,-90.5,1897.75516,0.00413
45.0,-90.5,1897.97029,0.0059
46.0,-90.5,1886.79058,0.00463
47.0,-90.5,1878.18271,0.0664
48.0,-90.5,1877.89773,0.02557
49.0,-90.5,1875.04919,0.01577
50.0,-90.5,1873.30528,0.00835
51.0,-90.5,1871.533,0.03823
52.0,-90.5,1876.86196,0.03456
53.0,-90.5,1880.18378,0.02978
54.0,-90.5,1880.74864,0.01835
55.0,-90.5,1886.23069,0.03773
56.0,-90.5,1887.05759,0.03966
57.0,-90.5,1887.55021,0.04789
63.0,-90.5,1885.43898,-0.04135
64.0,-90.5,1890.91626,0.03162
65.0,-90.5,1888.59471,0.0433
66.0,-90.5,1889.67296,0.02145
67.0,-90.5,1884.83292,0.06692
68.0,-90.5,1889.82766,0.01489
69.0,-90.5,1883.3947,0.02225
70.0,-90.5,1873.23923,0.2146
71.0,-90.5,1854.60926,-0.04005
72.0,-90.5,1872.5605,0.02967
73.0,-90.5,1862.00245,-0.7967
74.0,-90.5,1866.60283,-0.66494
75.0,-90.5,1879.80172,0.0477
76.0,-90.5,1867.23553,0.05095
77.0,-90.5,1870.12019,-0.102
78.0,-90.5,1859.38484,0.09589
79.0,-90.5,1844.75437,0.34919
80.0,-90.5,1842.79463,0.05949
81.0,-90.5,1851.54999,0.55763
82.0,-90.5,1850.73164,0.17116
7.0,-169.5,1904.52388,-0.68936
8.0,-169.5,1904.63684,-0.77261
9.0,-169.5,1902.30344,11031.64271
10.0,-169.5,1898.8014,-0.05026
11.0,-169.5,1892.60595,0.11632
12.0,-169.5,1890.23222,0.04298
13.0,-169.5,1895.5091,-0.06948
14.0,-169.5,1898.77582,-0.0867
15.0,-169.5,1910.03459,-0.09146
16.0,-169.5,1910.86309,2.57305
17.0,-169.5,1919.5154,-0.9748
18.0,-169.5,1918.22078,0.01826
19.0,-169.5,1908.83645,-0.05033
20.0,-169.5,1913.16493,-0.07614
21.0,-169.5,1914.44956,0.02233
22.0,-169.5,1915.11004,-0.12859
23.0,-169.5,1912.5431,-0.0773
24.0,-169.5,1915.02024,0.05542
25.0,-169.5,1921.27332,-0.03249
26.0,-169.5,1922.41035,-0.02949
27.0,-169.5,1922.09421,-0.00231
28.0,-169.5,1919.61428,-0.06441
29.0,-169.5,1910.40481,-0.06617
30.0,-169.5,1917.08154,0.00726
31.0,-169.5,1911.9409,0.01202
32.0,-169.5,1909.47147,0.01127
33.0,-169.5,1917.2045,-0.01227
34.0,-169.5,1920.26616,-0.04201
35.0,-169.5,1912.4834,-0.20352
36.0,-169.5,1905.88123,-0.37446
37.0,-169.5,1904.97833,-0.32284
38.0,-169.5,1904.7965,-0.1463
39.0,-169.5,1906.41196,0.03493
40.0,-169.5,1899.20813,0.07724
41.0,-169.5,1898.4929,-0.11803
42.0,-169.5,1904.82605,0.02861
43.0,-169.5,1900.80035,0.0347
44.0,-169.5,1908.60245,-0.29162
45.0,-169.5,1913.64895,-1.33934
46.0,-169.5,1914.30865,-1.08022
47.0,-169.5,1908.23542,-0.75212
53.0,-169.5,1884.43294,-2.9981
56.0,-169.5,1920.16296,4.72727
57.0,-169.5,1879.49169,-0.06775
63.0,-169.5,1895.32526,-0.24718
64.0,-169.5,1893.62553,-21.57752
66.0,-169.5,1896.5681,-9.96109
7.0,-168.5,1896.16912,0.17835
8.0,-168.5,1908.29801,6.34001
9.0,-168.5,1896.62608,-3772.45686
10.0,-168.5,1903.38154,2.9648
11.0,-168.5,1909.51683,-2.08021
12.0,-168.5,1904.21123,0.11159
13.0,-168.5,1902.71055,0.05054
14.0,-168.5,1907.99122,0.02424
15.0,-168.5,1910.67973,0.047
16.0,-168.5,1911.73621,0.00427
17.0,-168.5,1904.75829,0.01204
18.0,-168.5,1908.27612,-0.01035
19.0,-168.5,1905.98548,-0.03628
20.0,-168.5,1910.55417,-0.00712
21.0,-168.5,1915.93981,-0.07579
22.0,-168.5,1916.29232,-0.22987
23.0,-168.5,1923.04031,-0.05501
24.0,-168.5,1915.98871,-0.11085
25.0,-168.5,1917.37834,0.04938
26.0,-168.5,1918.4036,0.15728
27.0,-168.5,1919.8785,0.02477
28.0,-168.5,1918.43323,0.304
29.0,-168.5,1912.71459,0.1931
30.0,-168.5,1910.93252,0.06519
31.0,-168.5,1908.74294,0.06786
32.0,-168.5,1916.44191,0.17455
33.0,-168.5,1914.69507,0.13639
34.0,-168.5,1916.61148,-0.00672
35.0,-168.5,1917.11271,0.00048
36.0,-168.5,1912.14579,-0.32496
37.0,-168.5,1905.27558,-0.34205
38.0,-168.5,1904.71246,-0.93409
39.0,-168.5,1903.27049,-0.07374
40.0,-168.5,1906.91679,0.03246
41.0,-168.5,1901.0042,-0.29887
42.0,-168.5,1906.59199,-0.06567
43.0,-168.5,1912.88339,-0.07462
44.0,-168.5,1913.2859,0.79228
45.0,-168.5,1903.38195,0.10576
46.0,-168.5,1915.17519,-2.02712
47.0,-168.5,1907.31413,-0.64247
53.0,-168.5,1886.29598,0.25472
54.0,-168.5,1861.27542,0.65499
63.0,-168.5,1883.35035,2.57802
65.0,-168.5,1896.78789,0.35952
66.0,-168.5,1873.29397,0.30998
7.0,-167.5,1895.18181,-0.17777
8.0,-167.5,1900.2428,2.33665
9.0,-167.5,1900.55977,3.58394
10.0,-167.5,1906.83316,-46.72404
11.0,-167.5,1908.52212,-0.02409
12.0,-167.5,1915.52695,-0.29115
13.0,-167.5,1899.1809,-0.54248
14.0,-167.5,1902.74429,-0.1258
15.0,-167.5,1906.26368,0.02741
16.0,-167.5,1904.43238,-0.09616
17.0,-167.5,1906.93466,-0.04094
18.0,-167.5,1915.25384,-0.11474
19.0,-167.5,1911.03057,-0.10756
20.0,-167.5,1911.29273,-0.18966
21.0,-167.5,1909.34248,-0.10261
22.0,-167.5,1920.66102,-0.07697
23.0,-167.5,1925.85899,-0.06268
24.0,-167.5,1916.08341,-0.01173
25.0,-167.5,1924.04051,0.0043
26.0,-167.5,1922.42831,-0.02605
27.0,-167.5,1917.76751,-0.05082
28.0,-167.5,1921.89964,-0.0167
29.0,-167.5,1923.08453,0.07765
30.0,-167.5,1913.95094,0.04291
31.0,-167.5,1912.88316,-0.33169
32.0,-167.5,1913.34667,0.07997
33.0,-167.5,1915.74006,0.01145
34.0,-167.5,1912.99449,-0.01298
35.0,-167.5,1908.00425,0.02958
36.0,-167.5,1912.0787,-0.24129
37.0,-167.5,1910.58098,-0.04728
38.0,-167.5,1900.03993,-0.06997
39.0,-167.5,1906.10415,-0.01556
40.0,-167.5,1909.36366,-0.00918
41.0,-167.5,1907.85824,0.03737
42.0,-167.5,1909.78479,-0.67947
43.0,-167.5,1903.35173,-1.39508
44.0,-167.5,1888.14936,-3.84067
45.0,-167.5,1889.25102,-1.11078
46.0,-167.5,1893.36746,1.23814
47.0,-167.5,1895.42495,1.54911
48.0,-167.5,1870.63521,0.45658
49.0,-167.5,1869.03027,1.76147
53.0,-167.5,1881.01776,-0.66806
54.0,-167.5,1852.79138,-5.64452
60.0,-167.5,1893.05205,-0.14725
65.0,-167.5,1880.5733,-2.20728
66.0,-167.5,1885.40214,0.04755
68.0,-167.5,1907.92428,-0.09595
7.0,-166.5,1899.22025,-15.72262
8.0,-166.5,1901.78691,-11.29385
9.0,-166.5,1897.57024,-11.93516
10.0,-166.5,1898.88544,-0.71957
11.0,-166.5,1906.56829,0.04387
12.0,-166.5,1902.24997,-4.99756
13.0,-166.5,1892.24687,-0.36304
14.0,-166.5,1904.49171,-0.5559
15.0,-166.5,1909.63888,-0.00316
16.0,-166.5,1909.42486,-0.02352
17.0,-166.5,1909.42561,0.043
18.0,-166.5,1904.37747,0.90874
19.0,-166.5,1908.96565,-0.04563
20.0,-166.5,1916.91307,0.18278
21.0,-166.5,1914.63767,-0.10824
22.0,-166.5,1916.2047,-0.02271
23.0,-166.5,1920.52485,0.06819
24.0,-166.5,1914.49272,0.01675
25.0,-166.5,1919.2746,-0.0504
26.0,-166.5,1927.1661,0.01829
27.0,-166.5,1925.65364,0.65436
28.0,-166.5,1918.77901,0.02406
29.0,-166.5,1916.19577,0.09049
30.0,-166.5,1915.63595,0.07709
31.0,-166.5,1916.68612,0.05299
32.0,-166.5,1912.39972,0.04755
33.0,-166.5,1910.45188,0.00819
34.0,-166.5,1919.26871,-0.12633
35.0,-166.5,1915.71451,-0.10017
36.0,-166.5,1912.709,-0.0752
37.0,-166.5,1906.83148,-0.09835
38.0,-166.5,1909.92962,-0.15843
39.0,-166.5,1909.57329,-0.10428
40.0,-166.5,1904.79954,-0.19163
41.0,-166.5,1900.47131,0.02822
42.0,-166.5,1900.78651,-0.01675
43.0,-166.5,1897.74935,-0.31661
44.0,-166.5,1880.88854,-0.06918
45.0,-166.5,1905.02926,-1.37812
46.0,-166.5,1918.71689,4.0
47.0,-166.5,1909.84419,-0.70972
48.0,-166.5,1901.02476,0.46363
54.0,-166.5,1879.24713,0.55172
60.0,-166.5,1890.22467,-12.66314
61.0,-166.5,1864.84982,-0.95013
62.0,-166.5,1870.2713,-0.24242
64.0,-166.5,1873.55754,-0.51003
65.0,-166.5,1882.00753,-0.01578
66.0,-166.5,1882.9771,0.0382
68.0,-166.5,1873.36471,-0.23883
69.0,-166.5,1854.20864,0.15616
7.0,-165.5,1894.38634,0.29016
8.0,-165.5,1901.12849,18.56826
9.0,-165.5,1903.21147,-1.23232
10.0,-165.5,1904.0679,-3.95755
11.0,-165.5,1902.33043,-0.3018
12.0,-165.5,1900.77674,-0.07129
13.0,-165.5,1896.85292,-0.73309
14.0,-165.5,1900.06837,0.37356
15.0,-165.5,1904.26311,0.00865
16.0,-165.5,1904.9972,0.0478
17.0,-165.5,1911.05907,0.01962
18.0,-165.5,1911.32581,0.09068
19.0,-165.5,1912.62235,0.0794
20.0,-165.5,1916.81649,-0.03778
21.0,-165.5,1917.54564,-0.13157
22.0,-165.5,1913.90203,0.01622
23.0,-165.5,1914.78581,0.00489
24.0,-165.5,1915.81917,0.07082
25.0,-165.5,1911.80287,-0.35517
26.0,-165.5,1917.14112,0.95627
27.0,-165.5,1919.0889,0.02284
28.0,-165.5,1916.70163,1.00501
29.0,-165.5,1915.43187,0.37907
30.0,-165.5,1919.13948,0.13133
31.0,-165.5,1915.56326,0.04396
32.0,-165.5,1908.27622,-0.19186
33.0,-165.5,1910.01035,0.8951
34.0,-165.5,1918.8902,-0.11091
35.0,-165.5,1908.94601,-0.21886
36.0,-165.5,1906.74236,-0.21723
37.0,-165.5,1902.08425,0.47215
38.0,-165.5,1906.94846,-0.03724
39.0,-165.5,1907.73462,-0.04606
40.0,-165.5,1904.54716,-0.2434
41.0,-165.5,1895.19775,-0.04217
42.0,-165.5,1897.47863,0.27267
43.0,-165.5,1895.4354,0.08359
44.0,-165.5,1877.83999,0.24806
45.0,-165.5,1904.74778,-0.24714
46.0,-165.5,1923.39161,-0.56547
47.0,-165.5,1922.84697,0.0
48.0,-165.5,1918.66582,-0.28742
54.0,-165.5,1889.47561,-1.0128
55.0,-165.5,1895.01643,-0.00805
60.0,-165.5,1881.22996,4.03482
61.0,-165.5,1882.5456,-0.25127
62.0,-165.5,1891.11406,-0.18694
63.0,-165.5,1910.553,-5.58482
64.0,-165.5,1865.19212,0.17293
65.0,-165.5,1881.56403,0.04185
66.0,-165.5,1879.66247,0.02893
67.0,-165.5,1865.0391,-0.07001
68.0,-165.5,1880.79343,0.10723
69.0,-165.5,1880.89524,0.20664
7.0,-164.5,1895.51753,0.12935
8.0,-164.5,1900.94052,-2.42372
9.0,-164.5,1903.74117,-2.88719
10.0,-164.5,1901.04428,1.02467
11.0,-164.5,1898.56377,0.01758
12.0,-164.5,1890.77081,-0.36051
13.0,-164.5,1902.23858,0.31729
14.0,-164.5,1897.04904,3.08699
15.0,-164.5,1907.03749,0.01067
16.0,-164.5,1909.18252,0.07067
17.0,-164.5,1903.33279,0.01003
18.0,-164.5,1913.82863,-0.01203
19.0,-164.5,1915.45987,-0.09869
20.0,-164.5,1915.3738,-0.0464
21.0,-164.5,1913.27315,-0.04529
22.0,-164.5,1915.41881,0.07982
23.0,-164.5,1916.25809,-0.02847
24.0,-164.5,1914.88516,-0.02498
25.0,-164.5,1917.85114,-0.07127
26.0,-164.5,1922.10439,0.01321
27.0,-164.5,1919.24747,-0.36331
28.0,-164.5,1917.97855,0.03356
29.0,-164.5,1914.91287,0.06902
30.0,-164.5,1915.32971,-0.28414
31.0,-164.5,1914.92399,0.05411
32.0,-164.5,1911.67149,-0.04491
33.0,-164.5,1921.51803,0.08172
34.0,-164.5,1906.73218,-0.04356
35.0,-164.5,1908.33139,-0.02173
36.0,-164.5,1907.00201,0.02392
37.0,-164.5,1906.84345,0.47896
38.0,-164.5,1906.07078,-0.14185
39.0,-164.5,1903.80238,0.22656
40.0,-164.5,1901.27207,-0.49093
41.0,-164.5,1905.39241,0.13419
42.0,-164.5,1905.02247,0.49121
43.0,-164.5,1901.873,-3.36263
44.0,-164.5,1880.9079,-0.20063
45.0,-164.5,1900.20733,-6.12889
46.0,-164.5,1904.55734,0.32137
47.0,-164.5,1920.48074,-0.16194
48.0,-164.5,1912.61049,-4.0
54.0,-164.5,1898.49497,-1.73202
55.0,-164.5,1895.65798,34.84502
60.0,-164.5,1888.81981,-6.85054
61.0,-164.5,1892.05372,-0.04673
62.0,-164.5,1896.56071,-0.05111
63.0,-164.5,1892.24868,-0.07189
64.0,-164.5,1861.4479,0.07064
65.0,-164.5,1881.45801,0.04023
66.0,-164.5,1880.02924,0.05307
67.0,-164.5,1868.32136,-0.07139
68.0,-164.5,1878.45267,0.09487
69.0,-164.5,1875.84909,0.04744
7.0,-163.5,1892.77665,12.98273
8.0,-163.5,1899.82972,0.44657
9.0,-163.5,1900.97377,0.14125
10.0,-163.5,1904.90904,-0.09965
11.0,-163.5,1893.04827,18.56304
12.0,-163.5,1888.99414,-0.28436
13.0,-163.5,1909.54709,-0.12812
14.0,-163.5,1912.10187,0.19618
15.0,-163.5,1907.6793,-0.09843
16.0,-163.5,1911.12507,0.02015
17.0,-163.5,1910.68628,-0.00756
18.0,-163.5,1911.5598,-0.03956
19.0,-163.5,1912.97695,0.0099
20.0,-163.5,1909.61976,0.03008
21.0,-163.5,1918.9832,0.14165
22.0,-163.5,1918.47574,-0.19035
23.0,-163.5,1923.87436,-0.02812
24.0,-163.5,1926.17456,0.02183
25.0,-163.5,1919.13617,-0.09357
26.0,-163.5,1919.88089,0.00021
27.0,-163.5,1921.40755,-0.05168
28.0,-163.5,1921.54191,-0.31252
29.0,-163.5,1911.77744,0.08354
30.0,-163.5,1914.44895,0.04625
31.0,-163.5,1918.88944,0.07313
32.0,-163.5,1915.01706,-0.0274
33.0,-163.5,1915.18454,0.02383
34.0,-163.5,1902.63589,-0.18208
35.0,-163.5,1911.62199,0.11532
36.0,-163.5,1908.69606,-0.02449
37.0,-163.5,1903.82476,0.0875
38.0,-163.5,1901.9207,-0.42515
39.0,-163.5,1902.38534,-0.48603
40.0,-163.5,1890.81856,-0.16519
41.0,-163.5,1899.141,0.20383
42.0,-163.5,1902.82417,-1.01038
43.0,-163.5,1896.50944,-0.25103
44.0,-163.5,1832.72942,0.0
45.0,-163.5,1902.17185,0.25339
46.0,-163.5,1914.9003,0.22321
47.0,-163.5,1913.18655,-1.83908
55.0,-163.5,1890.6002,-0.6623
60.0,-163.5,1895.56533,-0.21496
61.0,-163.5,1886.30039,0.01155
62.0,-163.5,1890.4137,0.02386
63.0,-163.5,1888.66273,-0.06844
64.0,-163.5,1864.00683,0.01499
65.0,-163.5,1878.35608,0.03889
66.0,-163.5,1873.15184,0.0692
67.0,-163.5,1870.79679,-0.16757
68.0,-163.5,1876.66049,0.03129
69.0,-163.5,1874.56201,0.03236
70.0,-163.5,1871.94074,-0.13036
7.0,-162.5,1897.80302,-14.4871
8.0,-162.5,1902.53094,-1.19273
9.0,-162.5,1896.57974,-2.75018
10.0,-162.5,1909.46643,-0.46517
11.0,-162.5,1905.42245,0.17337
12.0,-162.5,1900.81362,-0.10233
13.0,-162.5,1908.77622,-1.19936
14.0,-162.5,1907.88898,4.67939
15.0,-162.5,1909.37141,-0.23717
16.0,-162.5,1913.26567,0.03174
17.0,-162.5,1911.24381,-0.02809
18.0,-162.5,1910.50428,-0.01153
19.0,-162.5,1909.81388,-0.01992
20.0,-162.5,1909.7568,0.09233
21.0,-162.5,1913.58937,-0.00132
22.0,-162.5,1922.18289,-0.24678
23.0,-162.5,1923.91068,-0.19828
24.0,-162.5,1922.80001,-0.01243
25.0,-162.5,1924.41552,-0.05731
26.0,-162.5,1921.99481,0.03592
27.0,-162.5,1918.72552,-0.06658
28.0,-162.5,1919.65957,-0.05103
29.0,-162.5,1918.26038,0.08583
30.0,-162.5,1912.7373,-0.00849
31.0,-162.5,1914.8192,-0.00296
32.0,-162.5,1911.01062,0.00414
33.0,-162.5,1914.74948,-0.02867
34.0,-162.5,1913.5657,0.01926
35.0,-162.5,1908.01953,-0.04426
36.0,-162.5,1903.96772,-0.07186
37.0,-162.5,1899.25747,-0.03785
38.0,-162.5,1894.89096,-0.01661
39.0,-162.5,1897.87327,-0.00353
40.0,-162.5,1898.02331,-0.03711
41.0,-162.5,1900.32463,-0.98439
42.0,-162.5,1897.47813,-0.05272
43.0,-162.5,1916.82932,4.39399
44.0,-162.5,1908.13879,16.0
46.0,-162.5,1910.20252,-1.0
47.0,-162.5,1732.8612,-0.50196
54.0,-162.5,1887.46995,0.08129
55.0,-162.5,1880.17475,-2.80895
56.0,-162.5,1897.77966,0.8406
59.0,-162.5,1895.68678,0.0299
60.0,-162.5,1887.39455,0.03351
61.0,-162.5,1891.23933,-0.05452
62.0,-162.5,1883.00938,0.05956
63.0,-162.5,1886.75084,0.04183
64.0,-162.5,1880.95633,0.03889
65.0,-162.5,1871.95757,0.04451
66.0,-162.5,1876.81829,0.02898
67.0,-162.5,1869.11811,0.09926
68.0,-162.5,1869.48642,-0.00726
69.0,-162.5,1872.02204,0.02112
70.0,-162.5,1884.66971,-0.19317
7.0,-161.5,1898.74796,-6.63014
8.0,-161.5,1897.28458,0.63022
9.0,-161.5,1896.67922,-4.29922
10.0,-161.5,1905.17506,15.05103
11.0,-161.5,1907.75103,-0.16448
12.0,-161.5,1907.0622,-0.17791
13.0,-161.5,1913.93273,-0.06885
14.0,-161.5,1917.28412,3.23973
15.0,-161.5,1912.46123,0.0293
16.0,-161.5,1914.00127,0.03324
17.0,-161.5,1906.56618,-0.01516
18.0,-161.5,1913.97833,-0.03401
19.0,-161.5,1909.6888,-0.02672
20.0,-161.5,1910.56252,0.00915
21.0,-161.5,1914.12749,-0.03676
22.0,-161.5,1914.13687,-0.07276
23.0,-161.5,1917.97741,0.11605
24.0,-161.5,1914.34715,0.23097
25.0,-161.5,1921.14823,-0.0157
26.0,-161.5,1921.54525,-0.07427
27.0,-161.5,1917.07611,-0.2585
28.0,-161.5,1916.64061,0.18352
29.0,-161.5,1919.545,0.01869
30.0,-161.5,1916.66215,0.00322
31.0,-161.5,1916.71675,0.02634
32.0,-161.5,1914.71986,0.02904
33.0,-161.5,1913.64098,-0.19476
34.0,-161.5,1906.38036,-0.00685
35.0,-161.5,1908.27848,-0.23831
36.0,-161.5,1907.98664,0.00055
37.0,-161.5,1900.70591,-0.08465
38.0,-161.5,1896.99179,-0.31978
39.0,-161.5,1897.97359,-0.18716
40.0,-161.5,1901.11495,-0.91293
41.0,-161.5,1904.71139,0.02768
42.0,-161.5,1911.81643,-2.85871
43.0,-161.5,1912.16196,-1.07244
44.0,-161.5,1912.07458,2.10296
46.0,-161.5,1901.65722,2.0
55.0,-161.5,1867.83605,-0.10405
56.0,-161.5,1887.83175,-1.18207
58.0,-161.5,1890.84082,0.0
59.0,-161.5,1893.8093,-0.2845
60.0,-161.5,1894.42254,0.05369
61.0,-161.5,1889.59702,0.03056
62.0,-161.5,1881.48119,0.05585
63.0,-161.5,1883.72839,0.0416
64.0,-161.5,1863.61694,2.32986
65.0,-161.5,1871.46735,0.058
66.0,-161.5,1877.24091,0.03301
67.0,-161.5,1869.31768,0.05878
68.0,-161.5,1862.78474,-0.27459
69.0,-161.5,1869.49861,0.0357
70.0,-161.5,1880.07177,-0.02056
7.0,-160.5,1888.97885,3.99958
8.0,-160.5,1909.28269,0.42463
9.0,-160.5,1909.85123,-0.82482
10.0,-160.5,1907.57475,3.0041
11.0,-160.5,1906.97234,0.47935
12.0,-160.5,1903.21585,1.20364
13.0,-160.5,1910.11678,-3.16803
14.0,-160.5,1914.92917,-0.11745
15.0,-160.5,1910.1555,-0.06909
16.0,-160.5,1910.20261,-0.01202
17.0,-160.5,1911.92056,-0.0248
18.0,-160.5,1912.9132,-0.07593
19.0,-160.5,1912.25864,-0.04107
20.0,-160.5,1913.96492,-0.05459
21.0,-160.5,1919.19984,0.00577
22.0,-160.5,1917.24523,-0.00977
23.0,-160.5,1915.63837,-0.0203
24.0,-160.5,1921.2328,-0.05136
25.0,-160.5,1919.6902,-0.03822
26.0,-160.5,1913.98303,0.02746
27.0,-160.5,1920.64031,0.10786
28.0,-160.5,1920.68694,0.19472
29.0,-160.5,1918.61875,-0.02062
30.0,-160.5,1911.6806,0.24464
31.0,-160.5,1914.69555,0.08573
32.0,-160.5,1913.68913,-0.05645
33.0,-160.5,1916.89771,0.04901
34.0,-160.5,1908.36713,0.05003
35.0,-160.5,1911.1952,0.02011
36.0,-160.5,1911.86565,0.02745
37.0,-160.5,1905.34521,-0.09909
38.0,-160.5,1906.45939,-0.23248
39.0,-160.5,1911.02336,0.01326
40.0,-160.5,1903.79246,-0.01386
41.0,-160.5,1905.63785,0.05873
42.0,-160.5,1911.4547,1.22525
43.0,-160.5,1905.16678,0.15632
45.0,-160.5,1888.97851,0.0
46.0,-160.5,1865.42966,1.4
55.0,-160.5,1878.85506,5.35233
56.0,-160.5,1867.71493,-3e-05
57.0,-160.5,1904.96003,4.0
59.0,-160.5,1874.34632,0.06802
60.0,-160.5,1887.08605,-0.01575
61.0,-160.5,1887.55135,0.03076
62.0,-160.5,1876.70808,0.04841
63.0,-160.5,1877.38055,0.04612
64.0,-160.5,1879.53683,0.0725
65.0,-160.5,1877.81887,0.03696
66.0,-160.5,1878.39535,0.03114
67.0,-160.5,1875.49734,0.03111
68.0,-160.5,1867.48286,0.03811
69.0,-160.5,1871.05965,0.03479
70.0,-160.5,1883.30956,0.02878
71.0,-160.5,1871.83976,0.17921
7.0,-159.5,1900.03392,-0.03976
8.0,-159.5,1908.59757,-3.36645
9.0,-159.5,1906.98286,-5.86404
10.0,-159.5,1906.40454,-0.38745
11.0,-159.5,1914.58575,1.48564
12.0,-159.5,1900.25644,0.06047
13.0,-159.5,1905.43063,-0.32342
14.0,-159.5,1911.58455,-2.47824
15.0,-159.5,1909.75048,-0.08905
16.0,-159.5,1906.38659,-0.02076
17.0,-159.5,1909.65972,-0.0226
18.0,-159.5,1910.31697,-0.03646
19.0,-159.5,1909.21985,0.01185
20.0,-159.5,1911.85257,-0.00192
21.0,-159.5,1912.12689,-0.00898
22.0,-159.5,1903.71001,-0.04576
23.0,-159.5,1916.2127,-0.00331
24.0,-159.5,1916.95807,-0.02028
25.0,-159.5,1912.75178,0.01382
26.0,-159.5,1919.12509,-0.02908
27.0,-159.5,1919.32966,0.08239
28.0,-159.5,1918.70992,-0.12371
29.0,-159.5,1916.50381,0.01916
30.0,-159.5,1910.58961,0.10184
31.0,-159.5,1913.66504,0.05388
32.0,-159.5,1909.61331,0.06653
33.0,-159.5,1916.56321,-0.00627
34.0,-159.5,1909.29539,0.01588
35.0,-159.5,1917.22957,0.04138
36.0,-159.5,1913.14143,0.00764
37.0,-159.5,1908.19365,0.02315
38.0,-159.5,1907.61966,0.03466
39.0,-159.5,1903.07754,-0.17239
40.0,-159.5,1891.31559,-0.21252
41.0,-159.5,1902.00346,-1.85599
42.0,-159.5,1880.44412,-0.11084
44.0,-159.5,1887.97692,-2.34212
45.0,-159.5,1916.70443,0.27586
46.0,-159.5,1889.31493,-8.0
47.0,-159.5,1888.54202,-16.0
55.0,-159.5,1857.69861,-0.44796
56.0,-159.5,1880.71768,-0.14924
57.0,-159.5,1893.22584,0.01358
58.0,-159.5,1841.83148,-1.01825
59.0,-159.5,1876.94887,-0.06687
60.0,-159.5,1879.34881,-0.05813
61.0,-159.5,1881.26064,-0.06198
62.0,-159.5,1881.73503,0.06035
63.0,-159.5,1875.78545,0.05157
64.0,-159.5,1874.56266,0.12244
65.0,-159.5,1876.86513,0.04076
66.0,-159.5,1878.64419,0.02778
67.0,-159.5,1874.09359,0.02469
68.0,-159.5,1870.15944,0.03319
69.0,-159.5,1871.03663,0.02208
70.0,-159.5,1881.46414,0.01698
71.0,-159.5,1882.48065,-9.62746
7.0,-158.5,1898.52119,4.74523
8.0,-158.5,1899.067,-1.00727
9.0,-158.5,1895.49852,2.24171
10.0,-158.5,1907.43871,0.5654
11.0,-158.5,1908.85985,-0.00201
12.0,-158.5,1901.67363,0.18998
13.0,-158.5,1904.22654,0.04418
14.0,-158.5,1911.13639,-0.07251
15.0,-158.5,1908.63742,-0.01207
16.0,-158.5,1905.92026,-0.09188
17.0,-158.5,1906.70534,-0.00759
18.0,-158.5,1902.79808,-0.02013
19.0,-158.5,1903.57312,-0.00048
20.0,-158.5,1910.75428,-0.0166
21.0,-158.5,1914.54867,-0.00398
22.0,-158.5,1915.30393,-0.00305
23.0,-158.5,1911.9873,-0.0359
24.0,-158.5,1909.12804,0.05238
25.0,-158.5,1916.4586,0.11274
26.0,-158.5,1921.22505,0.00243
27.0,-158.5,1920.30503,-0.00412
28.0,-158.5,1916.77419,0.03105
29.0,-158.5,1914.5041,0.03655
30.0,-158.5,1915.61638,-0.00153
31.0,-158.5,1916.65116,0.00574
32.0,-158.5,1918.03619,-0.11137
33.0,-158.5,1918.66647,0.01923
34.0,-158.5,1913.82236,0.01078
35.0,-158.5,1912.64695,0.03686
36.0,-158.5,1912.82948,0.0243
37.0,-158.5,1906.27903,0.048
38.0,-158.5,1896.75249,-0.03452
39.0,-158.5,1900.82206,-0.05808
40.0,-158.5,1897.53442,-0.01851
41.0,-158.5,1896.57642,0.72725
42.0,-158.5,1892.01952,0.24976
43.0,-158.5,1889.08657,1.27132
44.0,-158.5,1896.44823,-0.42211
45.0,-158.5,1897.79308,-0.2381
46.0,-158.5,1824.36104,-0.3981
47.0,-158.5,1872.82394,-2.64475
56.0,-158.5,1860.70045,-0.58639
57.0,-158.5,1893.97103,0.09873
58.0,-158.5,1893.10164,0.12471
59.0,-158.5,1883.75823,0.07018
60.0,-158.5,1881.31424,-0.06808
61.0,-158.5,1877.53082,0.03251
62.0,-158.5,1882.54526,0.07183
63.0,-158.5,1883.01754,0.04958
64.0,-158.5,1878.81248,0.04716
65.0,-158.5,1876.9529,-0.75255
66.0,-158.5,1876.3587,0.03229
67.0,-158.5,1875.76235,0.02777
68.0,-158.5,1869.98209,0.03617
69.0,-158.5,1872.1912,0.03796
70.0,-158.5,1882.46071,0.0165
71.0,-158.5,1882.7046,-1.70525
7.0,-157.5,1892.0423,1.89341
8.0,-157.5,1894.98899,-17.82014
9.0,-157.5,1907.53623,-0.68022
10.0,-157.5,1908.43402,0.60228
11.0,-157.5,1901.08614,0.08059
12.0,-157.5,1893.4615,0.16551
13.0,-157.5,1899.34988,-0.53772
14.0,-157.5,1909.18883,-0.10343
15.0,-157.5,1908.6592,-0.04307
16.0,-157.5,1906.08275,0.01841
17.0,-157.5,1909.04111,-0.00109
18.0,-157.5,1912.23689,0.00259
19.0,-157.5,1915.08667,0.01307
20.0,-157.5,1917.51074,0.0361
21.0,-157.5,1906.01095,-0.01851
22.0,-157.5,1915.33987,0.01181
23.0,-157.5,1915.30877,-0.01983
24.0,-157.5,1911.00031,-0.02477
25.0,-157.5,1914.88096,0.00312
26.0,-157.5,1917.87999,-0.02192
27.0,-157.5,1917.58264,0.01357
28.0,-157.5,1915.15895,0.03031
29.0,-157.5,1919.47926,0.02151
30.0,-157.5,1915.5147,0.05329
31.0,-157.5,1912.42743,0.1749
32.0,-157.5,1919.00591,-0.04452
33.0,-157.5,1916.32547,-0.03357
34.0,-157.5,1910.12811,0.01577
35.0,-157.5,1906.97531,0.08399
36.0,-157.5,1906.79508,0.04585
37.0,-157.5,1907.13555,0.05606
38.0,-157.5,1904.45611,0.13883
39.0,-157.5,1903.44215,-0.02327
40.0,-157.5,1902.44209,-0.07561
41.0,-157.5,1903.65773,0.27578
42.0,-157.5,1893.6071,-0.23409
43.0,-157.5,1880.50997,-0.05686
44.0,-157.5,1909.9592,0.05774
45.0,-157.5,1909.39157,-0.6158
46.0,-157.5,1907.02066,-3.98036
47.0,-157.5,1887.01701,2.21429
56.0,-157.5,1850.20827,-1.99626
57.0,-157.5,1887.35458,-0.02916
58.0,-157.5,1894.28537,0.01738
59.0,-157.5,1890.27591,-0.00877
60.0,-157.5,1885.39436,0.02876
61.0,-157.5,1878.80594,0.05264
62.0,-157.5,1874.89741,0.06621
63.0,-157.5,1882.21393,0.04952
64.0,-157.5,1880.80286,0.04193
65.0,-157.5,1876.84229,0.03547
66.0,-157.5,1876.1782,-0.0094
67.0,-157.5,1877.16488,0.01255
68.0,-157.5,1869.36916,0.02827
69.0,-157.5,1875.19605,0.04034
70.0,-157.5,1882.46452,0.01903
71.0,-157.5,1882.28836,0.06689
7.0,-156.5,1896.14726,-2.63684
8.0,-156.5,1890.34492,-0.81625
9.0,-156.5,1889.77692,-1.23602
10.0,-156.5,1899.24453,-0.01603
11.0,-156.5,1900.38159,-0.00438
12.0,-156.5,1895.75832,-0.05619
13.0,-156.5,1895.22346,0.06995
14.0,-156.5,1901.87773,0.11909
15.0,-156.5,1908.41929,-0.0664
16.0,-156.5,1905.18505,-0.04883
17.0,-156.5,1911.603,-0.00365
18.0,-156.5,1915.98756,0.01593
19.0,-156.5,1911.11945,0.01046
20.0,-156.5,1911.94987,0.01979
21.0,-156.5,1894.23247,-0.01341
22.0,-156.5,1915.61802,-0.03415
23.0,-156.5,1913.52086,0.00463
24.0,-156.5,1915.14901,-0.05073
25.0,-156.5,1915.06581,-0.13788
26.0,-156.5,1913.93312,-0.05826
27.0,-156.5,1916.45589,-0.06498
28.0,-156.5,1915.70566,0.02684
29.0,-156.5,1918.68798,0.00445
30.0,-156.5,1915.42746,-0.00541
31.0,-156.5,1913.92926,-0.01719
32.0,-156.5,1912.74985,-0.01453
33.0,-156.5,1908.18976,-0.03784
34.0,-156.5,1902.75975,0.00852
35.0,-156.5,1904.4681,-0.03081
36.0,-156.5,1913.55086,-0.01602
37.0,-156.5,1913.5016,0.03752
38.0,-156.5,1914.69025,-0.00555
39.0,-156.5,1910.75542,-0.01765
40.0,-156.5,1910.94096,-0.06522
41.0,-156.5,1905.49073,0.04456
42.0,-156.5,1911.21125,-0.21963
43.0,-156.5,1911.7705,-0.0176
44.0,-156.5,1928.84618,0.16546
45.0,-156.5,1917.93714,-0.5365
46.0,-156.5,1912.30182,-0.65106
47.0,-156.5,1890.33131,0.20734
48.0,-156.5,1883.58065,0.70588
56.0,-156.5,1847.59126,-0.86185
57.0,-156.5,1856.23083,0.21114
58.0,-156.5,1891.34454,-0.23335
59.0,-156.5,1892.19671,-0.00393
60.0,-156.5,1889.90306,0.05262
61.0,-156.5,1884.60222,0.04486
62.0,-156.5,1876.98622,0.0677
63.0,-156.5,1875.59397,0.05382
64.0,-156.5,1883.9784,0.0483
65.0,-156.5,1879.18083,0.0286
66.0,-156.5,1877.00778,0.04922
67.0,-156.5,1873.628,0.03525
68.0,-156.5,1866.29658,0.06134
69.0,-156.5,1877.19923,0.03794
70.0,-156.5,1882.71747,0.01769
71.0,-156.5,1879.33628,-0.00469
72.0,-156.5,1912.88457,-0.00265
7.0,-155.5,1901.37908,3.9632
8.0,-155.5,1897.83485,-7.52445
9.0,-155.5,1902.57859,-0.00515
10.0,-155.5,1895.58983,-0.48152
11.0,-155.5,1900.41588,-0.19801
12.0,-155.5,1899.88031,-0.09184
13.0,-155.5,1894.6682,-0.31797
14.0,-155.5,1897.78602,-0.06481
15.0,-155.5,1907.38411,-0.39539
16.0,-155.5,1903.80021,-0.1375
17.0,-155.5,1909.47623,0.02011
18.0,-155.5,1914.41101,0.0191
19.0,-155.5,1908.31096,0.03293
20.0,-155.5,1893.94372,-0.0301
21.0,-155.5,1910.25161,0.02278
22.0,-155.5,1915.02372,-8e-05
23.0,-155.5,1916.5066,-0.01966
24.0,-155.5,1915.91589,-0.14208
25.0,-155.5,1916.33528,-0.08549
26.0,-155.5,1916.31836,-0.12134
27.0,-155.5,1915.78091,-0.00548
28.0,-155.5,1916.00186,-0.01546
29.0,-155.5,1916.47366,0.01305
30.0,-155.5,1915.19691,0.0352
31.0,-155.5,1918.03684,-0.02605
32.0,-155.5,1915.25515,0.00931
33.0,-155.5,1914.18852,0.0065
34.0,-155.5,1910.05032,-0.00504
35.0,-155.5,1911.8009,0.0806
36.0,-155.5,1910.72994,0.03914
37.0,-155.5,1909.06946,0.02059
38.0,-155.5,1912.58847,0.02307
39.0,-155.5,1912.4009,0.04892
40.0,-155.5,1911.47319,0.04595
41.0,-155.5,1915.4888,0.10089
42.0,-155.5,1921.00586,0.11647
43.0,-155.5,1921.3915,-0.94588
44.0,-155.5,1920.80245,-0.69496
45.0,-155.5,1906.85171,0.02109
46.0,-155.5,1897.00586,-0.35399
56.0,-155.5,1866.4707,0.36156
57.0,-155.5,1813.83901,-1.58868
58.0,-155.5,1872.8693,-0.0334
59.0,-155.5,1884.36666,-0.20006
60.0,-155.5,1885.94232,0.00237
61.0,-155.5,1883.05664,0.04253
62.0,-155.5,1881.38388,0.06725
63.0,-155.5,1880.57276,0.055
64.0,-155.5,1882.35125,0.03553
65.0,-155.5,1877.5067,0.03421
66.0,-155.5,1875.06927,0.04018
67.0,-155.5,1874.88415,0.02886
68.0,-155.5,1857.36798,0.04063
69.0,-155.5,1877.10491,0.03192
70.0,-155.5,1881.69136,0.01206
71.0,-155.5,1880.5348,0.15302
7.0,-154.5,1893.70872,-2.76229
8.0,-154.5,1889.15057,-17.39316
9.0,-154.5,1897.19284,9.7448
10.0,-154.5,1901.90269,1.00495
11.0,-154.5,1896.74344,-1.76395
12.0,-154.5,1901.89359,-0.01053
13.0,-154.5,1901.24722,0.1133
14.0,-154.5,1899.27419,0.44199
15.0,-154.5,1908.89721,-0.74383
16.0,-154.5,1909.35527,-0.0832
17.0,-154.5,1907.34064,0.00512
18.0,-154.5,1910.12931,0.00831
19.0,-154.5,1909.85322,-0.01477
20.0,-154.5,1906.06975,0.03997
21.0,-154.5,1910.82341,0.0179
22.0,-154.5,1916.81158,-0.03049
23.0,-154.5,1922.01247,-0.00179
24.0,-154.5,1920.79032,0.00103
25.0,-154.5,1917.49503,-0.11209
26.0,-154.5,1916.20037,-0.08155
27.0,-154.5,1912.56746,-0.04303
28.0,-154.5,1913.347,0.12147
29.0,-154.5,1915.561,0.08048
30.0,-154.5,1915.42158,0.00546
31.0,-154.5,1914.06025,0.04815
32.0,-154.5,1914.2519,-0.00324
33.0,-154.5,1915.38191,0.0134
34.0,-154.5,1911.02796,0.03707
35.0,-154.5,1911.83561,-0.02951
36.0,-154.5,1909.19101,0.01867
37.0,-154.5,1909.04914,0.03041
38.0,-154.5,1913.51531,0.03214
39.0,-154.5,1913.55849,0.04802
40.0,-154.5,1907.52227,0.18046
41.0,-154.5,1912.03184,-0.25628
42.0,-154.5,1922.26042,0.02995
43.0,-154.5,1922.26416,-0.86291
44.0,-154.5,1914.84062,-0.80343
45.0,-154.5,1883.86999,5.33508
46.0,-154.5,1881.04483,-0.33355
56.0,-154.5,1879.61349,-0.03093
57.0,-154.5,1867.20469,-3.71392
58.0,-154.5,1846.54898,-2.53978
59.0,-154.5,1885.48548,-0.29305
60.0,-154.5,1882.09356,-0.56849
61.0,-154.5,1878.71896,0.02708
62.0,-154.5,1871.53982,0.02633
63.0,-154.5,1877.19552,0.05358
64.0,-154.5,1881.5199,0.02842
65.0,-154.5,1876.93752,0.02263
66.0,-154.5,1876.52828,0.03325
67.0,-154.5,1875.39442,0.0536
68.0,-154.5,1857.51002,0.02783
69.0,-154.5,1877.54563,0.03086
70.0,-154.5,1882.56228,0.0065
71.0,-154.5,1880.66959,0.01869
7.0,-153.5,1890.18357,-1.52873
8.0,-153.5,1893.76655,29.40795
9.0,-153.5,1903.69005,-8.01944
10.0,-153.5,1906.14039,1.42043
11.0,-153.5,1887.33041,3.25259
12.0,-153.5,1907.1036,-0.34383
13.0,-153.5,1910.90512,0.29325
14.0,-153.5,1908.50197,1.28446
15.0,-153.5,1907.82756,-0.01606
16.0,-153.5,1904.77791,0.03904
17.0,-153.5,1907.68795,-0.02983
18.0,-153.5,1908.33109,-0.08567
19.0,-153.5,1910.60347,-0.04704
20.0,-153.5,1909.58794,-0.00532
21.0,-153.5,1914.39267,0.04461
22.0,-153.5,1914.85958,0.01243
23.0,-153.5,1911.79521,-0.07024
24.0,-153.5,1920.35026,-0.00387
25.0,-153.5,1920.16833,-0.09996
26.0,-153.5,1919.83981,-0.02462
27.0,-153.5,1913.66465,0.07568
28.0,-153.5,1917.6546,0.14442
29.0,-153.5,1911.69888,-0.00666
30.0,-153.5,1917.09233,0.60907
31.0,-153.5,1915.23287,0.01095
32.0,-153.5,1913.88431,0.05097
33.0,-153.5,1911.84025,0.03852
34.0,-153.5,1908.20212,0.12545
35.0,-153.5,1912.10929,0.02528
36.0,-153.5,1908.47555,0.00979
37.0,-153.5,1905.54785,0.04971
38.0,-153.5,1903.47931,0.04227
39.0,-153.5,1907.5246,0.09453
40.0,-153.5,1900.10964,0.09134
41.0,-153.5,1901.64435,-0.04135
42.0,-153.5,1891.6287,-0.35616
43.0,-153.5,1892.63324,-0.29278
44.0,-153.5,1903.82084,-0.66439
45.0,-153.5,1894.25185,-0.33091
46.0,-153.5,1897.6963,0.0
56.0,-153.5,1877.39533,-0.03451
57.0,-153.5,1852.00967,-62.8291
58.0,-153.5,1818.02145,-9.31892
59.0,-153.5,1847.47342,-0.30634
60.0,-153.5,1853.13989,-1.62074
61.0,-153.5,1872.27281,-0.36701
62.0,-153.5,1872.48609,-0.37467
63.0,-153.5,1874.12116,0.05245
64.0,-153.5,1881.03436,-2.03446
65.0,-153.5,1878.20204,0.04104
66.0,-153.5,1873.97519,0.03926
67.0,-153.5,1872.11244,0.05034
68.0,-153.5,1862.04919,0.415
69.0,-153.5,1877.79264,0.02417
70.0,-153.5,1881.33187,0.01387
71.0,-153.5,1876.81578,-0.57303
7.0,-152.5,1896.03032,-15.75594
8.0,-152.5,1894.79802,3.54378
9.0,-152.5,1898.94675,23.44577
10.0,-152.5,1900.84517,-0.0547
11.0,-152.5,1886.86905,-0.3498
12.0,-152.5,1905.18426,-0.13044
13.0,-152.5,1907.56749,-0.21077
14.0,-152.5,1905.29769,0.00706
15.0,-152.5,1911.65182,-0.41524
16.0,-152.5,1907.46528,0.03564
17.0,-152.5,1913.18775,-0.02792
18.0,-152.5,1901.41167,-0.03531
19.0,-152.5,1902.38473,-0.06447
20.0,-152.5,1909.30847,-0.04577
21.0,-152.5,1910.04308,-0.13615
22.0,-152.5,1913.73556,0.02041
23.0,-152.5,1917.76838,-0.00492
24.0,-152.5,1915.26059,-0.01473
25.0,-152.5,1916.12942,0.01567
26.0,-152.5,1918.6086,0.01606
27.0,-152.5,1917.51755,0.00364
28.0,-152.5,1919.10585,0.24189
29.0,-152.5,1918.27592,-0.00673
30.0,-152.5,1915.43539,-0.06829
31.0,-152.5,1915.86087,-0.17992
32.0,-152.5,1916.32445,0.01512
33.0,-152.5,1914.71053,0.0047
34.0,-152.5,1909.11054,-0.00057
35.0,-152.5,1907.45228,0.02226
36.0,-152.5,1903.47285,-0.23691
37.0,-152.5,1905.55305,0.05748
38.0,-152.5,1906.50659,0.06446
39.0,-152.5,1909.4661,0.0382
40.0,-152.5,1907.10394,0.03921
41.0,-152.5,1907.63001,0.01589
42.0,-152.5,1905.11353,-0.08087
43.0,-152.5,1898.2278,0.07334
44.0,-152.5,1860.38782,6.52452
45.0,-152.5,1891.3266,3.32723
47.0,-152.5,1895.64774,2.0
57.0,-152.5,1871.28463,-0.84411
58.0,-152.5,1860.97087,10.11264
59.0,-152.5,1849.72947,-0.02711
60.0,-152.5,1853.81735,-0.51057
61.0,-152.5,1879.94835,-0.02374
62.0,-152.5,1862.81617,0.00993
63.0,-152.5,1873.02098,0.06128
64.0,-152.5,1881.26065,0.05925
65.0,-152.5,1877.02179,0.03756
66.0,-152.5,1873.6073,0.03686
67.0,-152.5,1874.078,0.01444
68.0,-152.5,1860.71033,0.15968
69.0,-152.5,1878.01297,0.02239
70.0,-152.5,1882.93971,0.02162
71.0,-152.5,1877.26355,0.00772
7.0,-151.5,1907.50567,8.01261
8.0,-151.5,1900.34575,-6.57754
9.0,-151.5,1903.53221,4.60437
10.0,-151.5,1893.19183,1.87715
11.0,-151.5,1891.5436,0.0479
12.0,-151.5,1900.51128,0.06575
13.0,-151.5,1901.3736,0.16049
14.0,-151.5,1891.40004,-0.2147
15.0,-151.5,1909.68657,0.24157
16.0,-151.5,1909.06305,-0.0311
17.0,-151.5,1914.09821,-0.01819
18.0,-151.5,1903.9233,0.01838
19.0,-151.5,1908.28254,0.01026
20.0,-151.5,1909.74232,-0.06834
21.0,-151.5,1908.40571,-0.03118
22.0,-151.5,1913.94162,0.01516
23.0,-151.5,1915.01156,0.01939
24.0,-151.5,1915.68819,-0.02936
25.0,-151.5,1918.72578,-0.07016
26.0,-151.5,1914.35695,-0.04682
27.0,-151.5,1916.23065,0.00958
28.0,-151.5,1920.79461,0.00401
29.0,-151.5,1922.34876,0.08642
30.0,-151.5,1920.29232,-0.00993
31.0,-151.5,1918.32215,0.06966
32.0,-151.5,1911.79354,-0.01676
33.0,-151.5,1905.99498,-1.26239
34.0,-151.5,1903.22715,0.03539
35.0,-151.5,1906.43609,0.055
36.0,-151.5,1904.08061,0.08674
37.0,-151.5,1908.26495,0.04278
38.0,-151.5,1906.96764,0.05911
39.0,-151.5,1904.96504,0.00342
40.0,-151.5,1903.73668,-0.00917
41.0,-151.5,1900.55801,0.02293
42.0,-151.5,1901.95158,0.19803
43.0,-151.5,1898.04077,0.02678
44.0,-151.5,1897.60066,-1.23907
45.0,-151.5,1887.33349,-0.0
46.0,-151.5,1896.16668,0.47676
58.0,-151.5,1841.94423,-0.05771
59.0,-151.5,1898.76585,0.63079
60.0,-151.5,1858.24067,0.02177
61.0,-151.5,1864.46282,0.06408
62.0,-151.5,1874.47378,-0.00926
63.0,-151.5,1867.0717,0.07515
64.0,-151.5,1877.04589,0.05369
65.0,-151.5,1876.08827,0.05109
66.0,-151.5,1871.99918,0.09509
67.0,-151.5,1873.93666,0.05266
68.0,-151.5,1862.94773,-0.20166
69.0,-151.5,1875.98773,0.01578
70.0,-151.5,1884.30129,0.00816
71.0,-151.5,1873.05567,-0.33225
7.0,-150.5,1906.51226,-118.51122
8.0,-150.5,1899.83461,27.89542
9.0,-150.5,1908.68715,0.54553
10.0,-150.5,1896.90059,-0.31098
11.0,-150.5,1898.09803,0.23029
12.0,-150.5,1899.72595,0.01951
13.0,-150.5,1901.29071,0.01354
14.0,-150.5,1906.56547,-0.39552
15.0,-150.5,1909.09724,0.17476
16.0,-150.5,1906.55377,-0.14878
17.0,-150.5,1903.55829,-0.08466
18.0,-150.5,1910.16681,0.0583
19.0,-150.5,1912.07308,-0.02274
20.0,-150.5,1914.79726,-0.00497
21.0,-150.5,1909.65675,-0.05756
22.0,-150.5,1914.46536,0.00938
23.0,-150.5,1909.81256,0.02658
24.0,-150.5,1912.20198,-0.0788
25.0,-150.5,1913.01869,0.45174
26.0,-150.5,1917.97153,-0.15177
27.0,-150.5,1915.17799,-0.01551
28.0,-150.5,1914.80047,-0.05162
29.0,-150.5,1911.87087,0.04395
30.0,-150.5,1917.06579,-0.05541
31.0,-150.5,1915.14501,0.06387
32.0,-150.5,1913.04215,0.02282
33.0,-150.5,1911.27589,0.00175
34.0,-150.5,1904.01728,0.00061
35.0,-150.5,1900.62905,0.64999
36.0,-150.5,1911.96499,-0.40291
37.0,-150.5,1911.7063,0.01538
38.0,-150.5,1902.11779,-0.10609
39.0,-150.5,1899.61928,0.0175
40.0,-150.5,1898.88119,-0.0884
41.0,-150.5,1904.42017,-0.10171
42.0,-150.5,1903.75242,0.23394
43.0,-150.5,1912.64352,1.72821
44.0,-150.5,1905.55043,-0.02362
45.0,-150.5,1886.23806,0.22922
46.0,-150.5,1881.59625,0.0
59.0,-150.5,1889.36487,2.0
60.0,-150.5,1869.87359,0.00297
61.0,-150.5,1877.00152,-0.07208
62.0,-150.5,1877.39828,0.022
63.0,-150.5,1863.36262,0.01388
64.0,-150.5,1872.79438,0.04612
65.0,-150.5,1873.57227,0.05939
66.0,-150.5,1867.83968,0.02941
67.0,-150.5,1869.03543,0.01319
68.0,-150.5,1857.78711,-0.0256
69.0,-150.5,1874.11814,0.00706
70.0,-150.5,1886.6212,0.0413
71.0,-150.5,1876.70857,0.87154
7.0,-149.5,1901.11538,10.1522
8.0,-149.5,1901.3781,-0.54033
9.0,-149.5,1902.44412,0.22106
10.0,-149.5,1892.63296,0.99677
11.0,-149.5,1904.31622,0.14539
12.0,-149.5,1896.74518,-0.51208
13.0,-149.5,1895.48718,-0.0338
14.0,-149.5,1898.56194,-1.23417
15.0,-149.5,1900.35002,-0.11046
16.0,-149.5,1901.80932,-0.15324
17.0,-149.5,1904.1341,-0.05779
18.0,-149.5,1906.75653,-0.03084
19.0,-149.5,1911.55889,-0.03659
20.0,-149.5,1910.43786,-0.01527
21.0,-149.5,1912.92252,-0.00158
22.0,-149.5,1912.9269,-0.02444
23.0,-149.5,1910.23934,0.01296
24.0,-149.5,1911.55883,0.00723
25.0,-149.5,1908.83882,0.034
26.0,-149.5,1913.02241,-0.03132
27.0,-149.5,1914.62783,-0.01192
28.0,-149.5,1911.29815,-0.00259
29.0,-149.5,1912.88371,-0.0284
30.0,-149.5,1912.02204,-0.01127
31.0,-149.5,1910.46485,0.01184
32.0,-149.5,1911.15295,0.02343
33.0,-149.5,1914.5541,-0.03161
34.0,-149.5,1912.85384,-0.02206
35.0,-149.5,1916.12788,-0.00506
36.0,-149.5,1908.55823,-0.09705
37.0,-149.5,1910.0256,-0.00114
38.0,-149.5,1905.5613,-0.01017
39.0,-149.5,1902.45722,-0.76936
40.0,-149.5,1905.08374,0.05301
41.0,-149.5,1911.93399,-0.13291
42.0,-149.5,1915.47663,1.30765
43.0,-149.5,1916.50794,0.20237
44.0,-149.5,1892.05069,0.07837
45.0,-149.5,1886.70708,0.66708
46.0,-149.5,1891.18366,1.5385
48.0,-149.5,1876.90351,-0.39844
49.0,-149.5,1874.52079,11.72109
60.0,-149.5,1870.03905,-0.33424
61.0,-149.5,1869.97481,0.0677
62.0,-149.5,1874.46004,-0.01828
63.0,-149.5,1861.64876,0.04988
64.0,-149.5,1868.00894,0.01069
65.0,-149.5,1874.58164,0.05524
66.0,-149.5,1868.25154,0.05268
67.0,-149.5,1862.53709,0.01788
68.0,-149.5,1854.02205,0.93368
69.0,-149.5,1871.92505,0.01176
70.0,-149.5,1888.37836,0.00876
71.0,-149.5,1879.87992,0.02298
7.0,-148.5,1901.07938,-52.50764
8.0,-148.5,1899.72108,-14.88975
9.0,-148.5,1893.00778,-0.06402
10.0,-148.5,1890.81793,0.7664
11.0,-148.5,1900.04666,-0.25526
12.0,-148.5,1904.28706,-1.0821
13.0,-148.5,1904.92028,-0.16149
14.0,-148.5,1897.06742,-0.12748
15.0,-148.5,1897.87071,-3.09112
16.0,-148.5,1902.17081,-0.12012
17.0,-148.5,1906.18239,-0.04
18.0,-148.5,1907.50617,-0.01412
19.0,-148.5,1911.5992,0.00212
20.0,-148.5,1906.27948,-0.04354
21.0,-148.5,1908.29255,-0.04746
22.0,-148.5,1910.21775,0.01502
23.0,-148.5,1910.47238,-0.01017
24.0,-148.5,1911.99797,-0.14858
25.0,-148.5,1908.43826,0.14719
26.0,-148.5,1907.87326,0.09517
27.0,-148.5,1911.72023,0.00178
28.0,-148.5,1913.28541,-0.00157
29.0,-148.5,1915.43257,-0.01358
30.0,-148.5,1915.59491,-0.00286
31.0,-148.5,1909.42375,-0.00213
32.0,-148.5,1912.68779,0.00479
33.0,-148.5,1916.61428,-0.00923
34.0,-148.5,1912.44066,-0.03792
35.0,-148.5,1914.37677,-1.31856
36.0,-148.5,1914.25631,-0.39945
37.0,-148.5,1913.89955,-0.00324
38.0,-148.5,1911.56141,-0.05524
39.0,-148.5,1914.81713,0.04683
40.0,-148.5,1907.14277,0.04057
41.0,-148.5,1903.35152,-0.06664
42.0,-148.5,1902.27791,-0.03869
43.0,-148.5,1907.73535,-1.45456
44.0,-148.5,1903.21415,0.1352
45.0,-148.5,1903.76673,0.21281
46.0,-148.5,1896.51321,7.79613
47.0,-148.5,1888.62479,0.26627
48.0,-148.5,1884.84691,0.46479
49.0,-148.5,1861.71143,1.105
60.0,-148.5,1763.09995,65.7809
61.0,-148.5,1800.07116,-1.24023
62.0,-148.5,1866.39671,0.00973
63.0,-148.5,1856.4041,-0.05676
64.0,-148.5,1862.31134,-0.21773
65.0,-148.5,1873.54244,0.06124
66.0,-148.5,1865.56617,0.06235
67.0,-148.5,1863.55432,0.0552
68.0,-148.5,1842.16227,-0.05749
69.0,-148.5,1872.3644,0.00261
70.0,-148.5,1883.52706,0.0104
71.0,-148.5,1891.26257,-0.03435
7.0,-147.5,1899.98948,-2.94066
8.0,-147.5,1902.49649,-0.63033
9.0,-147.5,1905.29737,-7.25812
10.0,-147.5,1901.53565,2.97565
11.0,-147.5,1894.64816,-0.80956
12.0,-147.5,1906.13364,0.04179
13.0,-147.5,1898.68398,1.45875
14.0,-147.5,1900.53323,-0.00553
15.0,-147.5,1907.75515,-0.15059
16.0,-147.5,1904.13958,-0.06495
17.0,-147.5,1904.76803,0.00495
18.0,-147.5,1902.48221,-0.04937
19.0,-147.5,1914.94883,-0.00429
20.0,-147.5,1912.29956,-0.05714
21.0,-147.5,1915.29584,-0.02191
22.0,-147.5,1918.82965,-0.08517
23.0,-147.5,1915.81382,0.00568
24.0,-147.5,1913.68438,0.0099
25.0,-147.5,1914.50025,-0.01654
26.0,-147.5,1911.34556,-0.06362
27.0,-147.5,1913.34709,0.00213
28.0,-147.5,1913.00861,-0.02107
29.0,-147.5,1914.55553,0.26082
30.0,-147.5,1913.908,0.12567
31.0,-147.5,1915.45002,-0.23163
32.0,-147.5,1915.46707,0.03307
33.0,-147.5,1912.49078,0.01758
34.0,-147.5,1909.4158,0.16805
35.0,-147.5,1915.58167,-0.6989
36.0,-147.5,1916.73288,0.02332
37.0,-147.5,1916.52317,0.04113
38.0,-147.5,1915.74559,-0.31176
39.0,-147.5,1908.89106,-0.78987
40.0,-147.5,1908.91938,-0.11657
41.0,-147.5,1906.96687,-0.02094
42.0,-147.5,1903.26008,-0.04607
43.0,-147.5,1911.97467,0.05689
44.0,-147.5,1914.96995,0.10606
45.0,-147.5,1918.56278,0.30155
46.0,-147.5,1904.18185,-0.4
47.0,-147.5,1888.55685,0.08902
48.0,-147.5,1904.13056,-0.43053
60.0,-147.5,1831.51319,3.04692
61.0,-147.5,1792.79815,5.28804
62.0,-147.5,1865.57396,0.02091
63.0,-147.5,1860.80868,-0.07886
64.0,-147.5,1865.4967,-0.26949
65.0,-147.5,1873.23065,-0.06117
66.0,-147.5,1863.91393,0.06161
67.0,-147.5,1867.24545,0.04681
68.0,-147.5,1857.77423,0.50688
69.0,-147.5,1868.40831,0.01195
70.0,-147.5,1880.08419,-0.03407
71.0,-147.5,1876.20401,0.4101
7.0,-146.5,1902.54329,-33.49141
8.0,-146.5,1911.8592,0.55444
9.0,-146.5,1905.48529,-7.98744
10.0,-146.5,1903.70499,0.67221
11.0,-146.5,1901.00183,0.88354
12.0,-146.5,1897.70687,1.80709
13.0,-146.5,1906.97729,-0.06644
14.0,-146.5,1900.51131,0.25601
15.0,-146.5,1897.26577,0.12583
16.0,-146.5,1894.96922,0.13249
17.0,-146.5,1906.93775,0.01556
18.0,-146.5,1908.09582,-0.01375
19.0,-146.5,1909.6988,-0.01863
20.0,-146.5,1910.6058,-0.04546
21.0,-146.5,1913.15276,-0.04908
22.0,-146.5,1920.74708,-0.06238
23.0,-146.5,1919.98519,-0.00404
24.0,-146.5,1916.65571,-0.00258
25.0,-146.5,1913.63414,-0.00925
26.0,-146.5,1912.9402,0.00103
27.0,-146.5,1913.14725,-0.18694
28.0,-146.5,1914.08463,-0.01284
29.0,-146.5,1917.29125,0.03629
30.0,-146.5,1915.84208,-0.00725
31.0,-146.5,1913.128,0.00217
32.0,-146.5,1914.96702,-0.00358
33.0,-146.5,1913.64145,0.02356
34.0,-146.5,1909.08114,1.11092
35.0,-146.5,1914.59632,-0.02591
36.0,-146.5,1909.864,0.05654
37.0,-146.5,1909.37382,0.03786
38.0,-146.5,1912.59354,0.06243
39.0,-146.5,1908.57154,0.00203
40.0,-146.5,1905.50743,0.0187
41.0,-146.5,1906.24685,-0.00122
42.0,-146.5,1904.43853,-0.29692
43.0,-146.5,1912.18064,0.13795
44.0,-146.5,1917.42472,0.10543
45.0,-146.5,1911.41893,0.24721
46.0,-146.5,1905.11947,0.67558
47.0,-146.5,1889.94755,-0.0
59.0,-146.5,1897.0033,-2.4
60.0,-146.5,1863.82078,-0.02005
61.0,-146.5,1841.35729,0.06089
62.0,-146.5,1867.42911,0.01852
63.0,-146.5,1863.85575,-0.03203
64.0,-146.5,1866.72069,0.05026
65.0,-146.5,1867.72531,-0.08084
66.0,-146.5,1864.95948,0.04466
67.0,-146.5,1868.01744,0.03227
68.0,-146.5,1855.54615,0.04791
69.0,-146.5,1854.44849,-0.08983
70.0,-146.5,1878.39688,0.00042
7.0,-145.5,1876.40693,2.17655
8.0,-145.5,1903.45724,-0.01647
9.0,-145.5,1903.86598,-17.35623
10.0,-145.5,1903.09043,-0.03169
11.0,-145.5,1906.95395,0.22487
12.0,-145.5,1901.03175,-5.95403
13.0,-145.5,1909.93904,0.0605
14.0,-145.5,1908.82515,0.08795
15.0,-145.5,1903.74129,0.1747
16.0,-145.5,1899.12814,0.29238
17.0,-145.5,1902.23733,-0.0396
18.0,-145.5,1902.91706,0.02935
19.0,-145.5,1905.87303,-0.03616
20.0,-145.5,1911.74007,-0.02226
21.0,-145.5,1910.57067,-0.15506
22.0,-145.5,1917.83339,-0.00844
23.0,-145.5,1917.46095,0.00303
24.0,-145.5,1913.95184,0.03525
25.0,-145.5,1916.7938,-0.0424
26.0,-145.5,1916.07786,0.0256
27.0,-145.5,1917.79673,-0.1211
28.0,-145.5,1912.85509,-0.01886
29.0,-145.5,1918.68386,0.01926
30.0,-145.5,1920.29792,0.00373
31.0,-145.5,1914.08812,-0.00941
32.0,-145.5,1913.80164,-0.01722
33.0,-145.5,1916.41781,0.02189
34.0,-145.5,1915.60767,-0.00212
35.0,-145.5,1912.79791,0.1304
36.0,-145.5,1913.50889,0.84293
37.0,-145.5,1898.52019,-0.54501
38.0,-145.5,1904.86028,-0.30401
39.0,-145.5,1905.76819,0.00285
40.0,-145.5,1905.35322,0.02879
41.0,-145.5,1904.78266,0.00574
42.0,-145.5,1906.50064,0.10873
43.0,-145.5,1911.28961,0.17034
44.0,-145.5,1912.92586,0.34264
45.0,-145.5,1913.7677,0.10623
46.0,-145.5,1902.78596,0.53715
47.0,-145.5,1900.98406,2.01268
49.0,-145.5,1881.9261,-2.53531
60.0,-145.5,1889.08649,-15.83636
61.0,-145.5,1870.923,1.63954
62.0,-145.5,1865.04079,0.06473
63.0,-145.5,1863.11656,0.00413
64.0,-145.5,1865.32574,0.04576
65.0,-145.5,1864.89312,-0.07303
66.0,-145.5,1865.52915,0.03645
67.0,-145.5,1864.68577,0.04201
68.0,-145.5,1859.84142,0.01689
69.0,-145.5,1838.0484,-0.03707
70.0,-145.5,1872.98094,0.01323
7.0,-144.5,1877.97607,-0.56287
8.0,-144.5,1896.0868,-1.15411
9.0,-144.5,1900.4863,-0.15459
10.0,-144.5,1902.21918,-0.12287
11.0,-144.5,1902.90695,0.70094
12.0,-144.5,1901.87714,-0.10175
13.0,-144.5,1902.9709,0.04204
14.0,-144.5,1909.47204,0.12728
15.0,-144.5,1908.64796,-0.05662
16.0,-144.5,1905.26849,-0.02086
17.0,-144.5,1899.26828,0.00569
18.0,-144.5,1900.79317,0.01195
19.0,-144.5,1907.01223,0.0656
20.0,-144.5,1906.71507,0.01042
21.0,-144.5,1912.59572,-0.06834
22.0,-144.5,1916.14022,0.041
23.0,-144.5,1909.0499,0.01591
24.0,-144.5,1914.48036,-0.00399
25.0,-144.5,1914.28163,-0.00158
26.0,-144.5,1913.43485,-0.0092
27.0,-144.5,1915.22677,-0.02396
28.0,-144.5,1916.86423,0.01744
29.0,-144.5,1917.10899,-0.00167
30.0,-144.5,1917.10143,-0.01574
31.0,-144.5,1916.59227,0.0107
32.0,-144.5,1915.46304,-0.04669
33.0,-144.5,1918.18187,-0.03181
34.0,-144.5,1920.40968,-0.07488
35.0,-144.5,1920.06739,0.21613
36.0,-144.5,1915.42871,0.14305
37.0,-144.5,1907.93528,-0.21394
38.0,-144.5,1909.01943,0.00305
39.0,-144.5,1905.87306,-0.02737
40.0,-144.5,1900.93363,-0.06321
41.0,-144.5,1901.95434,-0.03293
42.0,-144.5,1905.45947,-0.12459
43.0,-144.5,1905.75892,-0.21925
44.0,-144.5,1913.60893,0.06092
45.0,-144.5,1915.63647,0.05264
46.0,-144.5,1915.50431,-0.01509
47.0,-144.5,1910.98101,0.0
49.0,-144.5,1881.28014,-4.0
60.0,-144.5,1872.48716,-0.016
61.0,-144.5,1870.88783,-0.01405
62.0,-144.5,1863.3547,0.04646
63.0,-144.5,1862.58397,0.05921
64.0,-144.5,1855.22553,0.08116
65.0,-144.5,1865.4436,0.04098
66.0,-144.5,1869.50222,0.04064
67.0,-144.5,1866.26056,0.03417
68.0,-144.5,1861.88863,0.02132
69.0,-144.5,1843.51065,-0.56285
70.0,-144.5,1875.15306,0.00609
7.0,-143.5,1902.52718,1.12237
8.0,-143.5,1906.86697,-0.74541
9.0,-143.5,1907.48095,-0.03894
10.0,-143.5,1908.79512,-0.04838
11.0,-143.5,1909.52351,-0.74706
12.0,-143.5,1900.11974,0.27422
13.0,-143.5,1906.76683,0.1327
14.0,-143.5,1908.61486,0.01195
15.0,-143.5,1907.4063,0.09991
16.0,-143.5,1903.2704,-0.17886
17.0,-143.5,1900.89322,-0.01078
18.0,-143.5,1907.18803,0.00747
19.0,-143.5,1906.07709,0.00307
20.0,-143.5,1907.26884,-0.01637
21.0,-143.5,1913.80324,-0.01516
22.0,-143.5,1917.48431,-0.0013
23.0,-143.5,1916.17268,0.01235
24.0,-143.5,1918.63175,0.06638
25.0,-143.5,1915.54501,0.01666
26.0,-143.5,1911.61971,0.17516
27.0,-143.5,1916.37688,-0.17166
28.0,-143.5,1914.95961,0.10287
29.0,-143.5,1920.19114,-0.00015
30.0,-143.5,1915.7838,-0.00148
31.0,-143.5,1917.49762,-0.06217
32.0,-143.5,1916.80937,0.1926
33.0,-143.5,1915.92846,-0.04075
34.0,-143.5,1916.2446,-0.03221
35.0,-143.5,1918.72182,0.02475
36.0,-143.5,1913.47295,0.03961
37.0,-143.5,1912.55169,0.39825
38.0,-143.5,1905.17768,-0.16345
39.0,-143.5,1906.30966,0.1089
40.0,-143.5,1900.45715,0.09443
41.0,-143.5,1903.44018,-0.09382
42.0,-143.5,1903.20075,-0.02117
43.0,-143.5,1906.68737,0.03007
44.0,-143.5,1911.57973,-0.10224
45.0,-143.5,1913.07693,-0.12844
46.0,-143.5,1910.83941,2.4996
47.0,-143.5,1905.41697,-7.09344
48.0,-143.5,1890.32873,0.0
60.0,-143.5,1880.95646,-0.0575
61.0,-143.5,1861.2076,0.66237
62.0,-143.5,1862.07286,1.57862
63.0,-143.5,1855.57808,0.00941
64.0,-143.5,1860.29822,0.05086
65.0,-143.5,1863.93179,0.03241
66.0,-143.5,1866.42028,0.03653
67.0,-143.5,1866.06567,0.03711
68.0,-143.5,1863.50828,0.07465
69.0,-143.5,1857.50789,0.01472
70.0,-143.5,1879.93515,0.04038
7.0,-142.5,1905.89898,-2.199
8.0,-142.5,1901.08846,-0.07158
9.0,-142.5,1905.20491,-0.47216
10.0,-142.5,1903.68347,-0.38382
11.0,-142.5,1907.79307,-0.21818
12.0,-142.5,1907.81454,0.14538
13.0,-142.5,1909.64535,0.06789
14.0,-142.5,1906.44771,0.08811
15.0,-142.5,1907.90415,-0.22627
16.0,-142.5,1906.50383,0.02511
17.0,-142.5,1905.03502,-0.07834
18.0,-142.5,1909.86196,-0.03011
19.0,-142.5,1918.26949,0.10629
20.0,-142.5,1912.1116,-0.03801
21.0,-142.5,1909.62733,-0.0667
22.0,-142.5,1910.57782,-0.01844
23.0,-142.5,1916.12298,0.11516
24.0,-142.5,1914.74715,0.00467
25.0,-142.5,1913.27007,-0.02499
26.0,-142.5,1915.45713,0.01084
27.0,-142.5,1914.46249,-0.00273
28.0,-142.5,1911.87244,0.08343
29.0,-142.5,1917.65737,-0.00144
30.0,-142.5,1919.84274,0.12184
31.0,-142.5,1916.83163,-0.08259
32.0,-142.5,1917.67627,-0.0268
33.0,-142.5,1917.85892,-0.19775
34.0,-142.5,1912.79987,-0.05304
35.0,-142.5,1914.70445,-0.02731
36.0,-142.5,1910.41662,0.04755
37.0,-142.5,1910.56672,0.0922
38.0,-142.5,1907.22107,-0.14078
39.0,-142.5,1907.88687,0.08063
40.0,-142.5,1907.19765,0.02137
41.0,-142.5,1904.88792,-0.65496
42.0,-142.5,1897.81567,0.0416
43.0,-142.5,1899.80173,0.22396
44.0,-142.5,1903.53359,-0.17394
45.0,-142.5,1911.76505,0.10095
46.0,-142.5,1911.69075,9.21058
47.0,-142.5,1897.10122,-5.80741
60.0,-142.5,1874.26094,0.14985
61.0,-142.5,1861.05845,-0.18037
62.0,-142.5,1859.92752,0.12566
63.0,-142.5,1864.96104,0.05708
64.0,-142.5,1865.96873,-0.02508
65.0,-142.5,1865.76406,-0.02521
66.0,-142.5,1867.70573,0.04385
67.0,-142.5,1862.65834,0.04655
68.0,-142.5,1864.25203,-0.07227
69.0,-142.5,1854.6913,-0.22826
70.0,-142.5,1879.73841,-0.01405
7.0,-141.5,1891.40733,10.00685
8.0,-141.5,1880.36567,-0.23717
9.0,-141.5,1891.16278,-0.35652
10.0,-141.5,1910.95801,0.13599
11.0,-141.5,1904.45761,0.28157
12.0,-141.5,1899.13917,0.24505
13.0,-141.5,1901.38213,-0.05238
14.0,-141.5,1902.98215,-0.03779
15.0,-141.5,1905.52344,-0.00638
16.0,-141.5,1906.98344,-0.19002
17.0,-141.5,1911.40735,0.26183
18.0,-141.5,1913.35604,-0.00703
19.0,-141.5,1920.89185,-0.01121
20.0,-141.5,1911.07297,-0.09749
21.0,-141.5,1914.50583,-0.041
22.0,-141.5,1917.49501,-0.03444
23.0,-141.5,1916.78498,0.08796
24.0,-141.5,1920.73681,0.10846
25.0,-141.5,1912.18751,0.04716
26.0,-141.5,1915.56097,-0.02298
27.0,-141.5,1916.89023,0.01001
28.0,-141.5,1913.30755,0.0415
29.0,-141.5,1918.14154,0.3678
30.0,-141.5,1919.91457,0.01942
31.0,-141.5,1920.53792,0.01112
32.0,-141.5,1908.4151,0.16401
33.0,-141.5,1911.31917,0.0704
34.0,-141.5,1909.59606,-0.00083
35.0,-141.5,1911.36073,0.04355
36.0,-141.5,1910.60707,0.06284
37.0,-141.5,1913.60395,-1.34205
38.0,-141.5,1910.28649,-0.22879
39.0,-141.5,1906.77465,-0.00523
40.0,-141.5,1909.16335,-1.10807
41.0,-141.5,1894.01132,0.16205
42.0,-141.5,1901.02072,0.06722
43.0,-141.5,1899.79712,-0.0749
44.0,-141.5,1898.63628,-0.02803
45.0,-141.5,1903.83284,0.51771
46.0,-141.5,1908.4929,-2.71713
47.0,-141.5,1886.48504,-1.5081
48.0,-141.5,1883.27469,-32.0
60.0,-141.5,1862.36256,0.01896
61.0,-141.5,1853.16463,0.54953
62.0,-141.5,1864.26505,0.07542
63.0,-141.5,1872.48945,0.07908
64.0,-141.5,1859.60682,0.03515
65.0,-141.5,1866.56839,0.0835
66.0,-141.5,1865.99199,0.05168
67.0,-141.5,1865.88995,0.04038
68.0,-141.5,1868.07803,0.02818
69.0,-141.5,1864.03592,0.02667
70.0,-141.5,1874.09684,-0.0178
7.0,-140.5,1883.25956,1.72165
8.0,-140.5,1882.92947,3.12538
9.0,-140.5,1902.00616,1.05601
10.0,-140.5,1908.21494,0.57061
11.0,-140.5,1911.30289,-0.14301
12.0,-140.5,1912.1634,-1.21233
13.0,-140.5,1900.99752,-0.3633
14.0,-140.5,1903.11716,0.24436
15.0,-140.5,1903.69766,-0.02968
16.0,-140.5,1908.72128,0.06153
17.0,-140.5,1910.43573,0.03903
18.0,-140.5,1910.17281,-0.00023
19.0,-140.5,1911.49655,0.0015
20.0,-140.5,1909.51132,-0.07256
21.0,-140.5,1915.32023,-0.06039
22.0,-140.5,1919.20039,-0.05865
23.0,-140.5,1921.4079,-0.04325
24.0,-140.5,1919.77284,0.02715
25.0,-140.5,1916.64312,-0.25785
26.0,-140.5,1915.45097,-0.20168
27.0,-140.5,1921.84057,-0.10633
28.0,-140.5,1915.32419,0.01259
29.0,-140.5,1916.09725,0.02145
30.0,-140.5,1921.76993,-0.02027
31.0,-140.5,1916.60172,-0.03202
32.0,-140.5,1912.31383,0.21936
33.0,-140.5,1911.24861,0.05724
34.0,-140.5,1911.02682,-0.04379
35.0,-140.5,1911.92744,-0.24314
36.0,-140.5,1912.22328,-2.46909
37.0,-140.5,1910.63395,-4.23425
38.0,-140.5,1912.28149,-0.0625
39.0,-140.5,1902.96328,0.33914
40.0,-140.5,1907.64421,0.07408
41.0,-140.5,1895.53975,0.18349
42.0,-140.5,1896.06888,-0.09242
43.0,-140.5,1898.83649,-0.00965
44.0,-140.5,1894.89583,0.79824
45.0,-140.5,1896.08694,0.53082
46.0,-140.5,1884.77081,13.15266
47.0,-140.5,1887.71252,-0.0
60.0,-140.5,1888.83663,0.03557
61.0,-140.5,1856.59807,0.0077
62.0,-140.5,1863.82577,0.02613
63.0,-140.5,1870.93271,-0.07354
64.0,-140.5,1856.59381,-0.00704
65.0,-140.5,1857.06636,0.17852
66.0,-140.5,1861.52832,-0.17805
67.0,-140.5,1863.8514,0.05654
68.0,-140.5,1871.46,0.02683
69.0,-140.5,1869.30646,-0.10423
70.0,-140.5,1865.15064,-5.16462
7.0,-139.5,1895.29998,32.91573
8.0,-139.5,1899.22854,-0.11991
9.0,-139.5,1897.85256,-0.65127
10.0,-139.5,1905.37518,0.90926
11.0,-139.5,1909.49711,1.32743
12.0,-139.5,1910.31146,-0.06458
13.0,-139.5,1909.01703,-0.18311
14.0,-139.5,1903.77598,0.46172
15.0,-139.5,1901.46833,0.09647
16.0,-139.5,1902.76942,0.02748
17.0,-139.5,1904.08917,-0.03293
18.0,-139.5,1912.5356,-0.0505
19.0,-139.5,1913.94121,-0.06065
20.0,-139.5,1913.2766,-0.07466
21.0,-139.5,1910.99864,-0.02779
22.0,-139.5,1915.2921,0.02895
23.0,-139.5,1909.68529,0.02799
24.0,-139.5,1913.30819,-0.04845
25.0,-139.5,1917.46768,-0.14905
26.0,-139.5,1914.99376,0.01431
27.0,-139.5,1911.79937,0.03634
28.0,-139.5,1915.42798,0.05223
29.0,-139.5,1914.85956,0.03748
30.0,-139.5,1911.78264,0.01251
31.0,-139.5,1911.49402,-0.05874
32.0,-139.5,1909.95757,0.1055
33.0,-139.5,1909.33797,0.0001
34.0,-139.5,1909.92197,0.10788
35.0,-139.5,1917.31607,0.11422
36.0,-139.5,1907.42054,0.25997
37.0,-139.5,1911.76696,0.08782
38.0,-139.5,1912.58818,0.55681
39.0,-139.5,1889.46345,0.20827
40.0,-139.5,1890.78995,0.0966
41.0,-139.5,1892.26239,0.08579
42.0,-139.5,1884.201,0.03104
43.0,-139.5,1884.54917,-0.04111
44.0,-139.5,1891.46993,-0.15801
45.0,-139.5,1894.38946,0.17981
47.0,-139.5,1881.81809,-0.0
48.0,-139.5,1890.80337,-1.69697
59.0,-139.5,1864.04569,-0.29848
60.0,-139.5,1870.55968,-0.20109
61.0,-139.5,1843.93154,-0.12309
62.0,-139.5,1861.82571,-0.17079
63.0,-139.5,1867.5795,-0.04387
64.0,-139.5,1862.40598,0.22799
65.0,-139.5,1861.57673,0.04267
66.0,-139.5,1863.88346,0.06079
67.0,-139.5,1866.93274,0.05383
68.0,-139.5,1873.7595,0.03742
69.0,-139.5,1874.7604,-0.01203
70.0,-139.5,1867.84162,0.0961
7.0,-138.5,1903.56564,-0.23662
8.0,-138.5,1903.4787,1.79353
9.0,-138.5,1891.02237,-29.85841
10.0,-138.5,1903.6087,0.45372
11.0,-138.5,1903.56245,18.29058
12.0,-138.5,1908.34408,0.37391
13.0,-138.5,1908.65688,0.08491
14.0,-138.5,1903.32874,-0.07217
15.0,-138.5,1902.69111,-0.12116
16.0,-138.5,1907.00628,-0.02104
17.0,-138.5,1909.14236,-0.02088
18.0,-138.5,1907.36132,-0.04563
19.0,-138.5,1908.53161,-0.03369
20.0,-138.5,1905.80876,-0.03261
21.0,-138.5,1908.10452,-0.02462
22.0,-138.5,1916.32651,-0.04909
23.0,-138.5,1912.92939,0.00241
24.0,-138.5,1915.47498,0.01083
25.0,-138.5,1915.14408,0.00584
26.0,-138.5,1915.29263,-0.09672
27.0,-138.5,1921.91373,-0.04695
28.0,-138.5,1916.73304,-0.12391
29.0,-138.5,1915.21219,-0.02245
30.0,-138.5,1911.90254,-0.03582
31.0,-138.5,1909.34627,0.00827
32.0,-138.5,1914.17807,0.08417
33.0,-138.5,1906.57023,0.03087
34.0,-138.5,1914.55064,0.10286
35.0,-138.5,1911.76787,0.75842
36.0,-138.5,1912.16268,0.29472
37.0,-138.5,1910.09299,-0.00863
38.0,-138.5,1906.88557,0.54951
39.0,-138.5,1907.58174,0.02314
40.0,-138.5,1901.73985,0.05895
41.0,-138.5,1895.48223,0.08779
42.0,-138.5,1890.067,0.17938
43.0,-138.5,1889.21368,0.17958
44.0,-138.5,1896.56909,0.13699
45.0,-138.5,1883.76582,-4.09971
46.0,-138.5,1893.22918,1.05894
47.0,-138.5,1875.27644,-0.67478
48.0,-138.5,1882.77414,-3.29781
59.0,-138.5,1870.84349,-2.37432
60.0,-138.5,1861.42921,-0.6499
61.0,-138.5,1803.95534,-5.31592
62.0,-138.5,1861.78164,-0.12475
63.0,-138.5,1861.74936,-0.41488
64.0,-138.5,1864.83894,0.03512
65.0,-138.5,1858.51097,-0.26924
66.0,-138.5,1869.43339,0.03526
67.0,-138.5,1870.47725,0.04189
68.0,-138.5,1873.3215,0.04045
69.0,-138.5,1874.49637,0.00764
70.0,-138.5,1865.70352,-0.05347
7.0,-137.5,1907.0405,-4.20359
8.0,-137.5,1904.80275,-0.716
9.0,-137.5,1904.10199,-3.97034
10.0,-137.5,1905.82084,-0.30643
11.0,-137.5,1907.14991,0.23206
12.0,-137.5,1904.89642,0.08253
13.0,-137.5,1904.76707,-0.06858
14.0,-137.5,1896.36569,0.0976
15.0,-137.5,1907.33667,-0.01152
16.0,-137.5,1908.31521,0.08376
17.0,-137.5,1908.81925,-0.00668
18.0,-137.5,1906.53904,-0.12058
19.0,-137.5,1909.09021,0.00653
20.0,-137.5,1911.58942,-0.01757
21.0,-137.5,1909.27903,-0.05194
22.0,-137.5,1914.87904,-0.04664
23.0,-137.5,1917.36551,-0.0092
24.0,-137.5,1914.49259,-0.05849
25.0,-137.5,1916.29048,0.03321
26.0,-137.5,1911.61482,0.01522
27.0,-137.5,1912.31575,0.00014
28.0,-137.5,1910.49471,0.0926
29.0,-137.5,1913.45795,0.00866
30.0,-137.5,1915.31393,0.04646
31.0,-137.5,1911.98908,-0.0119
32.0,-137.5,1916.93652,0.29581
33.0,-137.5,1912.97936,0.01236
34.0,-137.5,1914.30827,0.11585
35.0,-137.5,1906.92187,0.05698
36.0,-137.5,1911.83364,0.11764
37.0,-137.5,1910.9104,-0.08494
38.0,-137.5,1910.90725,-0.27085
39.0,-137.5,1907.71594,-0.10267
40.0,-137.5,1904.96391,0.01444
41.0,-137.5,1909.56642,-0.16738
42.0,-137.5,1903.54584,-0.47637
43.0,-137.5,1907.58209,0.22653
44.0,-137.5,1897.62858,0.74353
45.0,-137.5,1893.99489,-0.78789
46.0,-137.5,1888.83479,-0.01438
47.0,-137.5,1883.41449,0.32684
48.0,-137.5,1888.16347,0.0
58.0,-137.5,1815.02081,-0.77291
59.0,-137.5,1837.12908,0.97893
60.0,-137.5,1829.65396,-0.72853
61.0,-137.5,1848.98447,-0.0216
62.0,-137.5,1867.881,0.08502
63.0,-137.5,1864.91016,0.05649
64.0,-137.5,1866.45067,-0.6542
65.0,-137.5,1856.10257,0.05561
66.0,-137.5,1869.79235,0.04553
67.0,-137.5,1869.65351,0.03748
68.0,-137.5,1867.44008,-0.01694
69.0,-137.5,1874.54388,-0.09443
7.0,-136.5,1917.19737,17.88361
8.0,-136.5,1909.94131,1.99387
9.0,-136.5,1906.64541,0.06922
10.0,-136.5,1904.62146,0.21929
11.0,-136.5,1905.24718,-0.07375
12.0,-136.5,1906.29522,0.08479
13.0,-136.5,1904.41623,-0.09057
14.0,-136.5,1900.0799,-0.04411
15.0,-136.5,1898.68917,-0.157
16.0,-136.5,1902.42342,-0.3445
17.0,-136.5,1907.78506,0.05063
18.0,-136.5,1906.57621,-0.05021
19.0,-136.5,1911.42074,-0.00313
20.0,-136.5,1911.61609,0.0264
21.0,-136.5,1919.69944,-0.0227
22.0,-136.5,1922.92795,-0.02481
23.0,-136.5,1916.42609,-0.15852
24.0,-136.5,1912.12763,-0.05237
25.0,-136.5,1905.86678,-0.09957
26.0,-136.5,1915.98955,0.03823
27.0,-136.5,1915.82483,0.11434
28.0,-136.5,1916.91799,0.01682
29.0,-136.5,1918.63915,0.08877
30.0,-136.5,1926.23138,0.00414
31.0,-136.5,1917.19727,-0.09594
32.0,-136.5,1913.83445,0.03202
33.0,-136.5,1912.87831,0.24811
34.0,-136.5,1902.62311,-0.03971
35.0,-136.5,1910.55423,0.02336
36.0,-136.5,1918.3309,0.04733
37.0,-136.5,1915.29836,-0.0017
38.0,-136.5,1901.53023,-0.06259
39.0,-136.5,1900.43403,-0.17799
40.0,-136.5,1905.6389,-0.03012
41.0,-136.5,1907.04117,-1.70191
42.0,-136.5,1903.73461,-3.00998
43.0,-136.5,1902.16454,-0.82068
44.0,-136.5,1898.90567,0.33119
45.0,-136.5,1904.99453,2.79928
46.0,-136.5,1891.81503,9.13531
47.0,-136.5,1890.37064,0.91559
48.0,-136.5,1887.97833,-0.02696
50.0,-136.5,1884.44632,0.0
57.0,-136.5,1698.60913,0.0
58.0,-136.5,1851.95642,-0.18973
59.0,-136.5,1869.76363,-0.2726
60.0,-136.5,1818.62047,0.21618
61.0,-136.5,1856.7946,0.04453
62.0,-136.5,1864.4178,0.03892
63.0,-136.5,1860.73152,0.04766
64.0,-136.5,1856.00199,0.45762
65.0,-136.5,1857.61436,-0.32934
66.0,-136.5,1869.7105,0.0479
67.0,-136.5,1866.71332,0.04818
68.0,-136.5,1866.90025,-0.11922
69.0,-136.5,1872.74741,0.01352
70.0,-136.5,1886.37772,0.02424
7.0,-135.5,1909.58149,1.16303
8.0,-135.5,1909.08835,-0.47797
9.0,-135.5,1907.64205,-0.24558
10.0,-135.5,1900.43415,1.72149
11.0,-135.5,1902.49816,-1.03919
12.0,-135.5,1897.45501,5.06596
13.0,-135.5,1898.13685,-0.02264
14.0,-135.5,1897.35194,-0.27071
15.0,-135.5,1898.33225,0.0123
16.0,-135.5,1905.55741,-0.03093
17.0,-135.5,1906.18159,0.01371
18.0,-135.5,1909.1419,-0.0475
19.0,-135.5,1908.96616,-0.02692
20.0,-135.5,1913.54733,-0.01865
21.0,-135.5,1918.73342,-0.12586
22.0,-135.5,1915.27185,-0.1672
23.0,-135.5,1912.89026,-0.05814
24.0,-135.5,1911.24218,0.04815
25.0,-135.5,1911.12543,-0.12549
26.0,-135.5,1913.84008,0.05381
27.0,-135.5,1918.51448,0.0016
28.0,-135.5,1912.73673,0.09892
29.0,-135.5,1918.07429,0.04466
30.0,-135.5,1922.2017,0.42505
31.0,-135.5,1913.51276,0.02983
32.0,-135.5,1906.44726,0.02568
33.0,-135.5,1912.75692,0.04298
34.0,-135.5,1912.79216,-0.07147
35.0,-135.5,1912.04664,-0.06206
36.0,-135.5,1915.03692,0.06799
37.0,-135.5,1912.20589,0.18697
38.0,-135.5,1900.2819,-0.08825
39.0,-135.5,1902.65307,-0.02584
40.0,-135.5,1906.51743,-0.08227
41.0,-135.5,1913.29123,-0.09802
42.0,-135.5,1911.19455,-0.8539
43.0,-135.5,1904.17933,-0.46153
44.0,-135.5,1899.28754,5.10113
45.0,-135.5,1879.27143,9.32018
46.0,-135.5,1897.11738,-0.14506
47.0,-135.5,1892.59669,-0.00478
48.0,-135.5,1888.66784,0.10007
49.0,-135.5,1881.14593,0.04415
50.0,-135.5,1896.19499,0.16733
51.0,-135.5,1901.27465,-0.35294
56.0,-135.5,1782.39272,-3.17949
57.0,-135.5,1819.58394,-0.42271
58.0,-135.5,1806.33993,-4.55514
59.0,-135.5,1807.76223,0.17003
60.0,-135.5,1877.52491,0.84771
61.0,-135.5,1851.92565,0.05292
62.0,-135.5,1859.7452,-0.03945
63.0,-135.5,1852.8603,-0.03367
64.0,-135.5,1857.16454,-0.25368
65.0,-135.5,1868.93505,0.02759
66.0,-135.5,1867.05919,0.04942
67.0,-135.5,1867.76862,0.04565
68.0,-135.5,1867.76547,-0.05487
69.0,-135.5,1867.96988,-0.00412
70.0,-135.5,1869.40166,-1.25056
7.0,-134.5,1899.46525,1.55235
8.0,-134.5,1909.17775,8.27965
9.0,-134.5,1903.4825,-0.2277
10.0,-134.5,1902.07892,0.50826
11.0,-134.5,1906.47975,0.72137
12.0,-134.5,1897.29234,0.57627
13.0,-134.5,1902.30624,-0.72977
14.0,-134.5,1903.04569,0.57546
15.0,-134.5,1898.52634,0.11474
16.0,-134.5,1898.39993,-0.24686
17.0,-134.5,1907.20604,-0.24845
18.0,-134.5,1907.84759,-0.00374
19.0,-134.5,1912.04098,-0.06614
20.0,-134.5,1908.34081,-0.04338
21.0,-134.5,1916.36966,-0.05922
22.0,-134.5,1914.32242,-0.08534
23.0,-134.5,1909.82322,-0.05728
24.0,-134.5,1915.3877,-0.02738
25.0,-134.5,1913.81507,-0.04924
26.0,-134.5,1913.53305,0.12017
27.0,-134.5,1913.44591,0.0241
28.0,-134.5,1919.91567,-0.10642
29.0,-134.5,1910.61585,-2.5509
30.0,-134.5,1918.43134,-0.0927
31.0,-134.5,1916.1822,0.0177
32.0,-134.5,1911.0207,0.10633
33.0,-134.5,1907.12193,0.09596
34.0,-134.5,1914.93136,-0.02389
35.0,-134.5,1916.62898,0.50269
36.0,-134.5,1902.93937,0.69073
37.0,-134.5,1915.04998,-0.04912
38.0,-134.5,1903.42778,-0.02198
39.0,-134.5,1907.8235,-0.49903
40.0,-134.5,1914.05126,-1.00529
41.0,-134.5,1914.97195,-0.05044
42.0,-134.5,1910.36875,0.40369
43.0,-134.5,1897.02942,0.84616
44.0,-134.5,1898.63165,-1.53847
45.0,-134.5,1893.92191,-2.13436
46.0,-134.5,1894.61705,5.12968
47.0,-134.5,1890.81395,2.29056
48.0,-134.5,1887.43259,0.02767
49.0,-134.5,1877.07406,0.07143
50.0,-134.5,1899.60665,0.09687
51.0,-134.5,1903.78073,-2.31579
56.0,-134.5,1788.04103,-1.08054
57.0,-134.5,1812.6049,-1.3904
58.0,-134.5,1813.63448,-0.27784
59.0,-134.5,1849.63679,0.4368
60.0,-134.5,1839.32413,0.09519
61.0,-134.5,1854.79991,0.21946
62.0,-134.5,1854.94147,0.11937
63.0,-134.5,1848.9675,-0.01195
64.0,-134.5,1859.71811,-0.02786
65.0,-134.5,1863.8836,0.09814
66.0,-134.5,1871.31634,0.04226
67.0,-134.5,1870.83516,0.04187
68.0,-134.5,1866.44995,0.03363
69.0,-134.5,1868.37108,0.0076
70.0,-134.5,1872.72774,0.0185
7.0,-133.5,1899.59568,0.66613
8.0,-133.5,1901.06378,3.55295
9.0,-133.5,1909.23576,0.47761
10.0,-133.5,1903.02224,-0.0524
11.0,-133.5,1901.93841,-0.23214
12.0,-133.5,1901.29792,-0.24037
13.0,-133.5,1902.04561,-1.63192
14.0,-133.5,1901.64892,0.04886
15.0,-133.5,1904.36324,0.0362
16.0,-133.5,1902.05181,-0.01783
17.0,-133.5,1900.73216,-0.22509
18.0,-133.5,1905.66546,-0.08828
19.0,-133.5,1913.2283,-0.04672
20.0,-133.5,1910.06844,-0.02239
21.0,-133.5,1916.44316,-0.04781
22.0,-133.5,1918.59365,-0.03117
23.0,-133.5,1916.12832,0.07751
24.0,-133.5,1914.02449,-0.06826
25.0,-133.5,1914.10292,-0.18185
26.0,-133.5,1913.7395,-0.09598
27.0,-133.5,1914.7785,-0.26524
28.0,-133.5,1909.8344,-0.18096
29.0,-133.5,1906.93113,0.72579
30.0,-133.5,1911.56825,-0.95756
31.0,-133.5,1913.31089,0.39789
32.0,-133.5,1910.12438,0.01012
33.0,-133.5,1895.11544,-0.61333
34.0,-133.5,1911.22921,-0.06315
35.0,-133.5,1907.80327,-0.24472
36.0,-133.5,1907.11698,0.26315
37.0,-133.5,1919.77673,0.25663
38.0,-133.5,1923.76548,0.3129
39.0,-133.5,1917.62711,1.72494
40.0,-133.5,1917.9321,-0.0778
41.0,-133.5,1915.68605,0.0687
42.0,-133.5,1907.68959,0.10545
43.0,-133.5,1885.77535,-0.60974
44.0,-133.5,1880.80645,5.43878
45.0,-133.5,1893.97699,2.27099
46.0,-133.5,1881.48216,-4.0
47.0,-133.5,1878.28288,-1.11034
49.0,-133.5,1900.04392,0.04335
53.0,-133.5,1857.17798,0.0
54.0,-133.5,1838.83663,0.7703
55.0,-133.5,1805.99512,0.31216
56.0,-133.5,1829.70319,0.25299
57.0,-133.5,1861.7156,-0.01718
58.0,-133.5,1792.7104,-3.72759
59.0,-133.5,1841.11942,-1.47624
60.0,-133.5,1848.40652,-0.30117
61.0,-133.5,1853.94095,-0.65169
62.0,-133.5,1842.25789,0.03452
63.0,-133.5,1852.66257,-0.26737
64.0,-133.5,1857.56841,0.17242
65.0,-133.5,1854.90292,-0.1581
66.0,-133.5,1868.06946,0.04382
67.0,-133.5,1872.23941,0.03783
68.0,-133.5,1871.15188,0.02862
69.0,-133.5,1871.9427,0.01165
70.0,-133.5,1871.3933,-0.21278
7.0,-132.5,1902.00621,0.08476
8.0,-132.5,1905.83789,-55.89444
9.0,-132.5,1899.323,-1.28849
10.0,-132.5,1901.58597,-0.30469
11.0,-132.5,1902.80405,-0.16062
12.0,-132.5,1905.29796,0.04771
13.0,-132.5,1905.45756,-0.03925
14.0,-132.5,1908.78305,-0.08314
15.0,-132.5,1910.78936,-0.17551
16.0,-132.5,1913.52204,-0.02632
17.0,-132.5,1905.29037,-0.15688
18.0,-132.5,1912.02553,-0.02218
19.0,-132.5,1910.33876,0.49605
20.0,-132.5,1904.10968,0.96407
21.0,-132.5,1912.97843,-0.04708
22.0,-132.5,1914.58659,-0.08078
23.0,-132.5,1920.98108,-0.14436
24.0,-132.5,1920.14541,0.17704
25.0,-132.5,1917.47428,0.09422
26.0,-132.5,1914.76765,0.06014
27.0,-132.5,1917.29301,-0.28308
28.0,-132.5,1915.01269,0.18435
29.0,-132.5,1910.29124,0.02234
30.0,-132.5,1904.43817,-0.01979
31.0,-132.5,1908.93603,0.06061
32.0,-132.5,1908.54053,-0.07909
33.0,-132.5,1907.46428,-0.10534
34.0,-132.5,1909.24985,-1.41872
35.0,-132.5,1908.27671,0.02221
36.0,-132.5,1906.25594,-0.23401
37.0,-132.5,1909.09696,0.33776
38.0,-132.5,1913.92921,-0.02411
39.0,-132.5,1920.8087,-0.11877
40.0,-132.5,1912.465,-0.06463
41.0,-132.5,1908.45349,-0.03204
42.0,-132.5,1906.35631,-0.20909
43.0,-132.5,1899.61582,0.27524
44.0,-132.5,1887.19811,0.29751
45.0,-132.5,1887.51632,0.07602
46.0,-132.5,1879.82872,13.52239
47.0,-132.5,1869.4485,-14.87137
48.0,-132.5,1869.00956,1.54483
49.0,-132.5,1897.82169,-0.0
53.0,-132.5,1851.62208,-0.04295
54.0,-132.5,1859.95649,-0.03095
55.0,-132.5,1827.12419,0.19578
56.0,-132.5,1817.1341,-0.091
57.0,-132.5,1849.33589,-0.23229
59.0,-132.5,1853.98996,0.10102
60.0,-132.5,1845.0823,-0.69678
61.0,-132.5,1859.16349,0.17759
62.0,-132.5,1855.71603,-0.13794
63.0,-132.5,1855.62204,0.09362
64.0,-132.5,1851.42432,0.11643
65.0,-132.5,1855.1428,-0.00931
66.0,-132.5,1870.38068,0.03439
67.0,-132.5,1873.03723,0.03974
68.0,-132.5,1871.44385,0.0244
69.0,-132.5,1870.94272,0.00987
70.0,-132.5,1866.60472,-0.23717
7.0,-131.5,1910.0765,-0.04908
8.0,-131.5,1915.38544,-2.08996
9.0,-131.5,1912.03556,0.22485
10.0,-131.5,1902.16291,-0.19978
11.0,-131.5,1903.10224,-0.05219
12.0,-131.5,1898.53496,-0.33896
13.0,-131.5,1906.74156,-0.18355
14.0,-131.5,1912.00806,0.05772
15.0,-131.5,1909.03828,0.02228
16.0,-131.5,1909.0085,-0.00208
17.0,-131.5,1920.94314,0.00363
18.0,-131.5,1917.50189,2.44929
19.0,-131.5,1917.80232,-0.12044
20.0,-131.5,1910.19127,-0.05398
21.0,-131.5,1915.19442,-0.01877
22.0,-131.5,1910.34562,-0.15512
23.0,-131.5,1910.88008,-0.28796
24.0,-131.5,1917.36442,0.02707
25.0,-131.5,1915.47946,-0.27088
26.0,-131.5,1917.0816,0.04154
27.0,-131.5,1915.42564,-0.17935
28.0,-131.5,1916.38703,0.07404
29.0,-131.5,1914.22959,0.00359
30.0,-131.5,1899.72941,0.37169
31.0,-131.5,1917.66938,0.26892
32.0,-131.5,1913.64066,0.13415
33.0,-131.5,1919.84416,0.09963
34.0,-131.5,1912.80937,-0.11682
35.0,-131.5,1914.68251,-0.15457
36.0,-131.5,1911.30683,-0.20763
37.0,-131.5,1904.45557,0.01309
38.0,-131.5,1913.10169,0.09377
39.0,-131.5,1916.04962,0.02113
40.0,-131.5,1908.04287,0.51903
41.0,-131.5,1908.35597,-0.69115
42.0,-131.5,1895.03772,0.16985
43.0,-131.5,1900.27929,0.60163
44.0,-131.5,1895.3791,0.531
45.0,-131.5,1891.12098,0.12466
46.0,-131.5,1890.40483,0.72181
47.0,-131.5,1886.66255,-3.76431
48.0,-131.5,1873.98111,17.45455
52.0,-131.5,1840.01045,-0.65036
53.0,-131.5,1827.75285,-0.57241
54.0,-131.5,1839.1631,-0.04369
55.0,-131.5,1830.34754,0.36982
56.0,-131.5,1803.23611,-0.09139
58.0,-131.5,1872.21155,0.06974
59.0,-131.5,1859.64069,-0.00248
60.0,-131.5,1851.71144,-0.02783
61.0,-131.5,1864.45563,-0.05527
62.0,-131.5,1859.70741,-0.0283
63.0,-131.5,1852.87329,0.13191
64.0,-131.5,1846.22682,-7.15727
65.0,-131.5,1850.58903,-0.09441
66.0,-131.5,1871.68628,0.03396
67.0,-131.5,1871.38978,0.03963
68.0,-131.5,1869.69876,0.02304
69.0,-131.5,1871.29583,0.01611
70.0,-131.5,1873.2643,-0.10858
7.0,-130.5,1900.18427,5.59618
8.0,-130.5,1912.25402,-0.9615
9.0,-130.5,1911.76718,1.43846
10.0,-130.5,1902.40036,-7.38818
11.0,-130.5,1913.85267,-0.49303
12.0,-130.5,1905.8193,-0.30258
13.0,-130.5,1898.84065,0.02792
14.0,-130.5,1905.21324,0.10026
15.0,-130.5,1906.29813,0.00406
16.0,-130.5,1907.48596,-0.01543
17.0,-130.5,1918.45708,0.13032
18.0,-130.5,1913.55393,-0.01352
19.0,-130.5,1906.87929,-0.08593
20.0,-130.5,1912.82377,-0.09317
21.0,-130.5,1915.5369,-0.09625
22.0,-130.5,1912.62868,0.07642
23.0,-130.5,1912.39665,0.01274
24.0,-130.5,1925.11218,0.12508
25.0,-130.5,1921.87264,0.05584
26.0,-130.5,1917.35927,0.0964
27.0,-130.5,1918.58701,0.07221
28.0,-130.5,1922.01052,-3.25647
29.0,-130.5,1921.21051,0.0359
30.0,-130.5,1916.38303,-0.0562
31.0,-130.5,1908.64155,0.03891
32.0,-130.5,1912.71624,-0.10694
33.0,-130.5,1918.02538,0.2043
34.0,-130.5,1910.07538,0.14863
35.0,-130.5,1904.71928,-0.01641
36.0,-130.5,1903.85623,-0.00765
37.0,-130.5,1905.01446,-0.012
38.0,-130.5,1902.69584,-0.07022
39.0,-130.5,1904.31856,-0.13696
40.0,-130.5,1900.66409,-0.05014
41.0,-130.5,1897.69354,0.17738
42.0,-130.5,1894.17881,0.0693
43.0,-130.5,1896.5676,0.22203
44.0,-130.5,1901.79908,0.2816
45.0,-130.5,1896.79905,0.40339
46.0,-130.5,1896.07706,0.40854
47.0,-130.5,1896.12135,1.04842
48.0,-130.5,1890.08594,0.5703
49.0,-130.5,1897.19302,-1.76147
50.0,-130.5,1879.84606,-0.85995
51.0,-130.5,1874.1772,2.40431
52.0,-130.5,1862.31597,0.75792
53.0,-130.5,1855.59574,0.31569
54.0,-130.5,1854.68052,0.07005
55.0,-130.5,1843.77532,-0.12377
56.0,-130.5,1801.08081,-0.51768
57.0,-130.5,1838.14772,-1.98922
58.0,-130.5,1850.48633,-0.14913
59.0,-130.5,1863.5725,0.01423
60.0,-130.5,1851.926,-0.1601
61.0,-130.5,1867.65303,-0.2494
62.0,-130.5,1864.05335,0.02256
63.0,-130.5,1856.87187,-0.22885
64.0,-130.5,1836.48551,19.26308
65.0,-130.5,1859.15343,0.01752
66.0,-130.5,1870.49501,0.03511
67.0,-130.5,1869.08721,0.04649
68.0,-130.5,1870.11373,0.02986
69.0,-130.5,1871.02531,0.02072
70.0,-130.5,1875.26659,0.00664
7.0,-49.5,1913.92255,-0.01632
8.0,-49.5,1898.98374,0.19341
9.0,-49.5,1906.14053,-1.02643
10.0,-49.5,1920.451,-0.54546
11.0,-49.5,1924.00175,0.03285
12.0,-49.5,1924.87888,0.01042
13.0,-49.5,1919.35439,-0.00707
14.0,-49.5,1925.50281,0.0677
15.0,-49.5,1926.50841,0.07936
16.0,-49.5,1923.18334,0.02358
17.0,-49.5,1922.90047,-0.00379
18.0,-49.5,1923.71383,-0.01591
19.0,-49.5,1925.232,-0.00326
20.0,-49.5,1925.79418,0.01099
21.0,-49.5,1922.27299,0.03296
22.0,-49.5,1921.53328,0.22464
23.0,-49.5,1920.62376,0.03061
24.0,-49.5,1917.70365,0.03818
25.0,-49.5,1921.10565,-0.05551
26.0,-49.5,1916.81654,0.02234
27.0,-49.5,1920.57876,0.02422
28.0,-49.5,1919.65865,0.02408
29.0,-49.5,1919.00735,-0.03811
30.0,-49.5,1917.00237,0.03436
31.0,-49.5,1917.62431,0.01013
32.0,-49.5,1913.46775,0.05272
33.0,-49.5,1910.8663,0.02929
34.0,-49.5,1912.65635,-0.00716
35.0,-49.5,1912.25244,0.00876
36.0,-49.5,1906.56585,-0.02361
37.0,-49.5,1902.38289,-0.0129
38.0,-49.5,1909.65828,0.00156
39.0,-49.5,1910.97985,0.02061
40.0,-49.5,1911.35943,0.18216
41.0,-49.5,1910.35991,0.01922
42.0,-49.5,1906.84008,0.42362
43.0,-49.5,1908.28754,-0.33843
44.0,-49.5,1902.53019,-0.00209
45.0,-49.5,1899.26007,0.02429
46.0,-49.5,1903.77323,0.26313
47.0,-49.5,1906.83825,-0.0721
48.0,-49.5,1890.06334,0.13361
49.0,-49.5,1894.39179,0.0
61.0,-49.5,1840.74939,0.4667
62.0,-49.5,1868.07788,0.31073
63.0,-49.5,1855.30852,-0.16245
64.0,-49.5,1852.34081,0.07073
65.0,-49.5,1855.7221,-0.02859
66.0,-49.5,1855.43264,0.04559
67.0,-49.5,1860.85161,0.02173
68.0,-49.5,1858.77659,0.02979
69.0,-49.5,1860.33473,-1.38281
70.0,-49.5,1848.20432,0.02181
71.0,-49.5,1849.75243,0.04608
72.0,-49.5,1844.54391,0.05046
73.0,-49.5,1837.23852,0.05114
74.0,-49.5,1834.23256,0.04006
75.0,-49.5,1828.28115,0.03367
76.0,-49.5,1825.63125,0.03184
77.0,-49.5,1824.62001,0.03659
78.0,-49.5,1820.2554,0.03793
79.0,-49.5,1820.95866,0.04291
80.0,-49.5,1823.49215,0.03849
81.0,-49.5,1834.2984,0.0397
82.0,-49.5,1842.53328,0.14605
83.0,-49.5,1845.51472,-0.24932
7.0,-48.5,1913.18672,-0.15883
8.0,-48.5,1906.78975,-0.11902
9.0,-48.5,1900.59085,0.01178
10.0,-48.5,1923.52233,0.00926
11.0,-48.5,1918.96914,0.02433
12.0,-48.5,1922.77749,-0.04333
13.0,-48.5,1921.24405,-0.01852
14.0,-48.5,1920.22598,-0.02719
15.0,-48.5,1922.4467,0.0133
16.0,-48.5,1924.78582,0.0212
17.0,-48.5,1924.19447,-0.00081
18.0,-48.5,1923.44013,-0.01843
19.0,-48.5,1923.89913,0.0096
20.0,-48.5,1925.1373,0.0054
21.0,-48.5,1926.09738,0.04211
22.0,-48.5,1922.47847,0.03918
23.0,-48.5,1923.37576,0.04585
24.0,-48.5,1923.53689,-0.00144
25.0,-48.5,1921.94182,0.00277
26.0,-48.5,1915.13279,-0.03086
27.0,-48.5,1910.21474,0.02373
28.0,-48.5,1913.95541,0.44071
29.0,-48.5,1918.74013,0.02738
30.0,-48.5,1917.11554,-0.01841
31.0,-48.5,1915.69998,0.02864
32.0,-48.5,1916.44969,0.01939
33.0,-48.5,1914.35346,0.00637
34.0,-48.5,1911.78294,-0.02074
35.0,-48.5,1912.01456,0.00204
36.0,-48.5,1909.88074,-0.01489
37.0,-48.5,1912.31203,-0.03062
38.0,-48.5,1911.65453,-0.07562
39.0,-48.5,1911.54954,0.0575
40.0,-48.5,1913.93101,0.11764
41.0,-48.5,1906.66978,0.15581
42.0,-48.5,1900.53272,-0.50684
43.0,-48.5,1909.26879,0.29013
44.0,-48.5,1905.88336,0.02483
45.0,-48.5,1909.33639,0.00223
46.0,-48.5,1904.59293,0.00785
47.0,-48.5,1908.95436,-0.11683
48.0,-48.5,1899.13591,-0.40149
49.0,-48.5,1886.91388,1.07226
61.0,-48.5,1865.50021,-0.55787
62.0,-48.5,1857.18389,0.04875
63.0,-48.5,1841.65704,0.05646
64.0,-48.5,1839.71372,0.05711
65.0,-48.5,1842.80972,0.0396
66.0,-48.5,1844.88495,0.02006
67.0,-48.5,1847.13196,0.0017
68.0,-48.5,1849.05913,0.02809
69.0,-48.5,1854.0506,0.02582
70.0,-48.5,1848.92146,0.04643
71.0,-48.5,1844.9337,0.05564
72.0,-48.5,1841.40235,0.05045
73.0,-48.5,1835.57171,0.05598
74.0,-48.5,1832.34815,0.04688
75.0,-48.5,1826.35135,0.0328
76.0,-48.5,1824.78076,0.03839
77.0,-48.5,1823.11671,0.0407
78.0,-48.5,1819.42928,0.04497
79.0,-48.5,1819.89381,0.04544
80.0,-48.5,1821.37219,0.04118
81.0,-48.5,1846.32821,0.01507
82.0,-48.5,1851.31158,-2.11528
83.0,-48.5,1846.43798,3.09904
7.0,-47.5,1909.21741,3.37902
8.0,-47.5,1907.77089,-0.54307
9.0,-47.5,1901.4735,-5.43323
10.0,-47.5,1917.81773,-0.03247
11.0,-47.5,1920.35818,-0.01986
12.0,-47.5,1923.24303,0.17229
13.0,-47.5,1921.97055,0.0047
14.0,-47.5,1919.19562,0.05586
15.0,-47.5,1920.27855,0.10597
16.0,-47.5,1922.4086,0.02679
17.0,-47.5,1923.28587,0.00208
18.0,-47.5,1922.65851,0.00655
19.0,-47.5,1928.15552,-0.03932
20.0,-47.5,1926.80203,-0.03786
21.0,-47.5,1922.22096,-9e-05
22.0,-47.5,1918.56144,-0.03879
23.0,-47.5,1920.30336,0.01799
24.0,-47.5,1922.72511,0.49283
25.0,-47.5,1921.69294,-0.00201
26.0,-47.5,1922.56513,0.00583
27.0,-47.5,1912.9146,0.02972
28.0,-47.5,1912.65735,0.23143
29.0,-47.5,1916.53734,0.02639
30.0,-47.5,1916.54885,-0.01034
31.0,-47.5,1916.71299,-0.00327
32.0,-47.5,1917.76828,-0.00819
33.0,-47.5,1915.49129,-0.01175
34.0,-47.5,1910.02872,0.03132
35.0,-47.5,1907.28149,0.01293
36.0,-47.5,1908.85698,0.00696
37.0,-47.5,1905.89829,0.06813
38.0,-47.5,1905.81048,0.03476
39.0,-47.5,1905.70604,0.02992
40.0,-47.5,1906.97935,0.03745
41.0,-47.5,1908.83091,-0.1697
42.0,-47.5,1901.35652,-0.82301
43.0,-47.5,1900.29225,-0.13479
44.0,-47.5,1904.60201,0.29827
45.0,-47.5,1910.9615,-0.147
46.0,-47.5,1909.04362,0.18193
47.0,-47.5,1911.04719,0.16928
48.0,-47.5,1905.86137,-0.06483
49.0,-47.5,1902.95798,0.22428
61.0,-47.5,1874.54073,0.02897
62.0,-47.5,1846.96193,0.03352
63.0,-47.5,1835.29726,0.04684
64.0,-47.5,1833.96256,0.04917
65.0,-47.5,1835.88714,0.03574
66.0,-47.5,1840.60199,0.03132
67.0,-47.5,1845.50742,0.01441
68.0,-47.5,1846.81669,0.02462
69.0,-47.5,1850.14198,0.03714
70.0,-47.5,1846.21008,0.05019
71.0,-47.5,1841.41989,0.0534
72.0,-47.5,1839.57985,0.05115
73.0,-47.5,1834.06723,0.05883
74.0,-47.5,1832.0007,0.04874
75.0,-47.5,1825.13009,0.03476
76.0,-47.5,1823.19429,0.03639
77.0,-47.5,1821.69628,0.04077
78.0,-47.5,1818.86897,0.04887
79.0,-47.5,1819.43341,0.04247
80.0,-47.5,1820.27536,0.039
81.0,-47.5,1835.2394,0.0222
82.0,-47.5,1847.43333,7.37278
83.0,-47.5,1849.66968,-0.4043
7.0,-46.5,1912.35448,-0.00872
8.0,-46.5,1914.50469,0.00297
9.0,-46.5,1915.28282,-0.37346
10.0,-46.5,1910.29369,0.01309
11.0,-46.5,1921.66926,0.02584
12.0,-46.5,1921.50775,0.06524
13.0,-46.5,1921.03246,0.00696
14.0,-46.5,1919.64258,-0.16811
15.0,-46.5,1925.40971,0.01415
16.0,-46.5,1923.89194,-0.00172
17.0,-46.5,1926.39201,0.01151
18.0,-46.5,1925.56813,-0.0115
19.0,-46.5,1923.70754,-0.004
20.0,-46.5,1923.70325,-0.01311
21.0,-46.5,1919.20836,-0.01227
22.0,-46.5,1921.41268,-0.017
23.0,-46.5,1921.95179,0.00823
24.0,-46.5,1922.5655,0.00159
25.0,-46.5,1918.40066,-0.01716
26.0,-46.5,1914.76662,0.01419
27.0,-46.5,1913.3198,0.11134
28.0,-46.5,1922.77966,0.01443
29.0,-46.5,1913.4066,0.74385
30.0,-46.5,1914.45124,-0.02018
31.0,-46.5,1914.59388,-0.00261
32.0,-46.5,1914.6441,0.00248
33.0,-46.5,1911.04442,-0.00601
34.0,-46.5,1908.20017,0.00486
35.0,-46.5,1903.07881,0.12746
36.0,-46.5,1898.5977,0.02862
37.0,-46.5,1902.68604,0.03767
38.0,-46.5,1904.01859,0.01246
39.0,-46.5,1909.5848,0.03038
40.0,-46.5,1906.62342,0.05686
41.0,-46.5,1898.27242,0.28824
42.0,-46.5,1896.97262,0.64822
43.0,-46.5,1904.63371,0.07491
44.0,-46.5,1907.24991,0.01879
45.0,-46.5,1904.19336,-0.3393
46.0,-46.5,1915.93665,-0.09462
47.0,-46.5,1907.64121,-0.80534
48.0,-46.5,1893.27518,-0.1322
49.0,-46.5,1890.98922,-4.0
60.0,-46.5,1861.60338,0.13254
61.0,-46.5,1866.89335,0.06343
62.0,-46.5,1841.55601,0.05037
63.0,-46.5,1832.49654,0.04861
64.0,-46.5,1833.81733,0.04351
65.0,-46.5,1836.06681,0.03415
66.0,-46.5,1839.50014,0.03927
67.0,-46.5,1843.60842,0.03297
68.0,-46.5,1844.35383,0.03699
69.0,-46.5,1845.61461,0.05408
70.0,-46.5,1843.9455,0.0459
71.0,-46.5,1839.12461,0.0541
72.0,-46.5,1837.40746,0.05697
73.0,-46.5,1832.4531,0.05768
74.0,-46.5,1830.62594,0.05017
75.0,-46.5,1826.16373,0.04138
76.0,-46.5,1822.76692,0.04279
77.0,-46.5,1821.15968,0.0432
78.0,-46.5,1818.79679,0.04535
79.0,-46.5,1819.04112,0.04196
80.0,-46.5,1819.51331,0.03729
81.0,-46.5,1829.48216,0.03484
82.0,-46.5,1846.33583,2.43683
83.0,-46.5,1844.46707,0.7018
7.0,-45.5,1911.47685,-0.87645
8.0,-45.5,1911.64199,0.2755
9.0,-45.5,1916.13018,-0.02162
10.0,-45.5,1911.09836,0.11567
11.0,-45.5,1919.80952,0.27582
12.0,-45.5,1922.30647,-0.16433
13.0,-45.5,1920.90356,-0.01359
14.0,-45.5,1918.36247,0.02027
15.0,-45.5,1917.49919,0.01187
16.0,-45.5,1922.59991,-0.01675
17.0,-45.5,1923.45861,0.00385
18.0,-45.5,1924.57076,2e-05
19.0,-45.5,1922.12519,-0.00066
20.0,-45.5,1924.56786,0.0053
21.0,-45.5,1921.8632,-0.00743
22.0,-45.5,1921.71074,0.00484
23.0,-45.5,1922.47809,0.0191
24.0,-45.5,1916.23446,-0.04492
25.0,-45.5,1917.69727,-0.02212
26.0,-45.5,1917.66122,-0.00232
27.0,-45.5,1915.85576,0.00832
28.0,-45.5,1919.09968,0.02623
29.0,-45.5,1914.54224,0.03576
30.0,-45.5,1919.07847,-0.00049
31.0,-45.5,1916.93217,-0.00689
32.0,-45.5,1909.26499,0.01564
33.0,-45.5,1908.37963,0.00134
34.0,-45.5,1910.45358,0.01134
35.0,-45.5,1909.43411,0.01062
36.0,-45.5,1908.83041,-0.49537
37.0,-45.5,1903.63675,-0.01207
38.0,-45.5,1903.86553,-0.02941
39.0,-45.5,1909.98079,0.03139
40.0,-45.5,1909.0965,0.05922
41.0,-45.5,1903.95406,0.09976
42.0,-45.5,1897.83111,0.33449
43.0,-45.5,1894.68056,0.45733
44.0,-45.5,1899.64282,-0.49348
45.0,-45.5,1907.33897,-0.24031
46.0,-45.5,1911.77402,-0.57768
47.0,-45.5,1905.56658,-0.12202
48.0,-45.5,1911.59436,3.88086
60.0,-45.5,1845.30938,0.27616
61.0,-45.5,1847.5,0.18286
62.0,-45.5,1841.79096,-0.01553
63.0,-45.5,1833.7657,0.03318
64.0,-45.5,1834.69675,0.04504
65.0,-45.5,1838.4146,0.04035
66.0,-45.5,1842.78659,0.04401
67.0,-45.5,1841.9976,0.04283
68.0,-45.5,1841.84903,0.04415
69.0,-45.5,1841.34539,0.05409
70.0,-45.5,1839.98012,0.04499
71.0,-45.5,1836.49477,0.0578
72.0,-45.5,1834.6614,0.06216
73.0,-45.5,1831.25402,0.05986
74.0,-45.5,1828.75174,0.05556
75.0,-45.5,1825.69332,0.0429
76.0,-45.5,1822.06168,0.04629
77.0,-45.5,1819.9735,0.04339
78.0,-45.5,1818.18596,0.04763
79.0,-45.5,1818.22615,0.04138
80.0,-45.5,1819.22888,0.03359
81.0,-45.5,1828.43865,0.03894
82.0,-45.5,1835.62246,-1.49366
83.0,-45.5,1838.18495,-10.07757
7.0,-44.5,1911.51337,0.43741
8.0,-44.5,1912.84919,-0.04092
9.0,-44.5,1919.55083,-0.70435
10.0,-44.5,1922.70016,-0.08969
11.0,-44.5,1919.87717,-0.28808
12.0,-44.5,1923.93694,0.01219
13.0,-44.5,1928.41681,-0.03289
14.0,-44.5,1924.07613,-0.01468
15.0,-44.5,1917.52828,-0.01383
16.0,-44.5,1923.98925,-0.00752
17.0,-44.5,1924.37219,0.01856
18.0,-44.5,1918.99252,0.01174
19.0,-44.5,1921.17841,0.00793
20.0,-44.5,1925.16545,0.04311
21.0,-44.5,1925.50281,0.02497
22.0,-44.5,1924.35422,0.01116
23.0,-44.5,1921.3215,0.01278
24.0,-44.5,1918.58249,0.0291
25.0,-44.5,1921.03202,0.03293
26.0,-44.5,1920.40473,0.0128
27.0,-44.5,1921.82309,-0.16315
28.0,-44.5,1917.24096,0.05033
29.0,-44.5,1915.26921,0.06973
30.0,-44.5,1914.62264,0.04526
31.0,-44.5,1915.00112,-0.02099
32.0,-44.5,1914.1924,-0.00584
33.0,-44.5,1916.03404,-0.00221
34.0,-44.5,1913.33212,0.00277
35.0,-44.5,1910.89356,-0.00376
36.0,-44.5,1910.7063,-0.00748
37.0,-44.5,1908.63136,-0.02468
38.0,-44.5,1905.98184,0.00897
39.0,-44.5,1908.57942,0.03286
40.0,-44.5,1905.27501,0.04396
41.0,-44.5,1904.61337,0.05888
42.0,-44.5,1895.29927,-0.24593
43.0,-44.5,1891.74671,0.42366
44.0,-44.5,1909.24107,-0.2136
45.0,-44.5,1910.58876,-0.01577
46.0,-44.5,1905.71152,0.62676
47.0,-44.5,1892.88991,0.25922
48.0,-44.5,1892.25919,5.79021
49.0,-44.5,1844.57996,-0.0
60.0,-44.5,1876.39169,-0.07217
61.0,-44.5,1854.91927,0.07017
62.0,-44.5,1844.54864,0.04094
63.0,-44.5,1838.25307,0.0304
64.0,-44.5,1838.27827,0.043
65.0,-44.5,1841.57772,0.03234
66.0,-44.5,1843.56109,0.04303
67.0,-44.5,1840.47033,0.04164
68.0,-44.5,1839.1682,0.04289
69.0,-44.5,1840.13166,0.04517
70.0,-44.5,1838.96485,0.04534
71.0,-44.5,1834.71767,0.05191
72.0,-44.5,1833.29137,0.06594
73.0,-44.5,1829.74094,0.05994
74.0,-44.5,1827.05873,0.05308
75.0,-44.5,1825.14572,0.04602
76.0,-44.5,1820.27722,0.04646
77.0,-44.5,1818.60794,0.04214
78.0,-44.5,1817.79967,0.04985
79.0,-44.5,1817.73692,0.0423
80.0,-44.5,1818.5298,0.03337
81.0,-44.5,1827.19326,0.02883
82.0,-44.5,1843.80311,-7.19356
83.0,-44.5,1828.82523,1.98039
7.0,-43.5,1918.11439,0.25421
8.0,-43.5,1914.90934,-0.97218
9.0,-43.5,1924.53624,0.18578
10.0,-43.5,1922.05399,-0.02853
11.0,-43.5,1921.58572,-0.02772
12.0,-43.5,1924.97274,0.02283
13.0,-43.5,1921.4709,-0.06338
14.0,-43.5,1922.08299,0.00354
15.0,-43.5,1920.21394,0.00177
16.0,-43.5,1924.45702,0.05648
17.0,-43.5,1922.19223,0.03291
18.0,-43.5,1919.52826,0.01809
19.0,-43.5,1923.07004,0.03824
20.0,-43.5,1924.18357,0.02647
21.0,-43.5,1925.30122,0.0307
22.0,-43.5,1925.90566,0.00622
23.0,-43.5,1926.66925,0.01694
24.0,-43.5,1923.94237,0.01904
25.0,-43.5,1917.54316,-0.03873
26.0,-43.5,1916.93541,0.02555
27.0,-43.5,1919.56761,0.01635
28.0,-43.5,1918.18081,0.03515
29.0,-43.5,1916.99138,-0.00274
30.0,-43.5,1914.90809,0.00035
31.0,-43.5,1912.739,0.03425
32.0,-43.5,1911.8582,-0.01527
33.0,-43.5,1910.08227,-0.00553
34.0,-43.5,1909.99317,0.00969
35.0,-43.5,1910.31322,0.00434
36.0,-43.5,1907.73381,0.02447
37.0,-43.5,1906.78422,0.03573
38.0,-43.5,1907.76927,0.04716
39.0,-43.5,1908.40257,0.02513
40.0,-43.5,1896.99682,0.0063
41.0,-43.5,1899.73755,0.07134
42.0,-43.5,1897.65795,0.13466
43.0,-43.5,1909.97374,0.21367
44.0,-43.5,1912.40835,0.21032
45.0,-43.5,1888.5788,-0.54583
46.0,-43.5,1902.83409,3.78646
47.0,-43.5,1897.56571,-1.68791
48.0,-43.5,1892.41283,2.29254
49.0,-43.5,1866.73143,0.0
60.0,-43.5,1860.03965,0.21986
61.0,-43.5,1854.52899,0.1483
62.0,-43.5,1850.11432,0.07797
63.0,-43.5,1842.01533,0.30969
64.0,-43.5,1838.21244,0.0324
65.0,-43.5,1839.55344,0.04368
66.0,-43.5,1841.8377,0.04949
67.0,-43.5,1839.87095,0.0449
68.0,-43.5,1837.99526,0.04922
69.0,-43.5,1838.69304,0.04461
70.0,-43.5,1837.0771,0.0471
71.0,-43.5,1832.74882,0.04859
72.0,-43.5,1830.7492,0.06225
73.0,-43.5,1829.20857,0.05511
74.0,-43.5,1827.17607,0.0553
75.0,-43.5,1824.67892,0.04893
76.0,-43.5,1819.3202,0.04365
77.0,-43.5,1817.20625,0.04163
78.0,-43.5,1816.54609,0.04995
79.0,-43.5,1817.8968,0.03966
80.0,-43.5,1818.39395,0.03745
81.0,-43.5,1825.34623,0.02639
82.0,-43.5,1842.92638,0.03428
83.0,-43.5,1840.46698,0.82927
7.0,-42.5,1917.2546,0.67576
8.0,-42.5,1916.47474,-1.76377
9.0,-42.5,1915.94856,-1.93665
10.0,-42.5,1916.93492,-0.04644
11.0,-42.5,1916.40081,0.14382
12.0,-42.5,1922.47606,-0.00482
13.0,-42.5,1919.51502,0.00247
14.0,-42.5,1921.729,0.01805
15.0,-42.5,1921.59803,0.05206
16.0,-42.5,1921.88175,0.00736
17.0,-42.5,1918.65496,0.03507
18.0,-42.5,1922.27689,0.01779
19.0,-42.5,1923.40532,0.03459
20.0,-42.5,1926.72456,0.03195
21.0,-42.5,1925.98336,0.01028
22.0,-42.5,1924.47401,0.00044
23.0,-42.5,1925.11021,0.01691
24.0,-42.5,1923.78542,0.02872
25.0,-42.5,1923.87934,-0.00146
26.0,-42.5,1923.09519,0.0125
27.0,-42.5,1918.93849,-0.04296
28.0,-42.5,1913.93739,0.00974
29.0,-42.5,1914.101,0.01655
30.0,-42.5,1916.70546,-0.01271
31.0,-42.5,1915.98946,-0.0147
32.0,-42.5,1912.26752,0.00592
33.0,-42.5,1908.39744,-0.01913
34.0,-42.5,1910.07765,-0.00335
35.0,-42.5,1908.56458,0.00963
36.0,-42.5,1908.2608,0.02055
37.0,-42.5,1907.88576,0.028
38.0,-42.5,1902.89764,0.13981
39.0,-42.5,1907.53565,0.04268
40.0,-42.5,1905.40916,0.05927
41.0,-42.5,1905.26403,0.04025
42.0,-42.5,1905.82813,0.06187
43.0,-42.5,1908.48567,-0.13388
44.0,-42.5,1906.86484,0.02863
45.0,-42.5,1902.39626,-0.10017
46.0,-42.5,1894.73684,-0.90873
47.0,-42.5,1893.23079,-5.54432
48.0,-42.5,1885.68948,-1.64904
49.0,-42.5,1881.41974,-3.92739
60.0,-42.5,1822.45313,2.469
61.0,-42.5,1858.59676,2.70904
62.0,-42.5,1869.12468,0.15393
63.0,-42.5,1852.25425,0.14629
64.0,-42.5,1845.17093,0.04153
65.0,-42.5,1844.21177,0.04823
66.0,-42.5,1842.39581,0.0448
67.0,-42.5,1839.39915,0.04183
68.0,-42.5,1836.15461,0.04679
69.0,-42.5,1836.61222,0.04907
70.0,-42.5,1834.89805,0.04391
71.0,-42.5,1831.60928,0.04537
72.0,-42.5,1829.61031,0.05483
73.0,-42.5,1828.10241,0.0506
74.0,-42.5,1827.35564,0.05773
75.0,-42.5,1823.80416,0.05106
76.0,-42.5,1817.82851,0.04554
77.0,-42.5,1816.59114,0.04239
78.0,-42.5,1815.66037,0.0474
79.0,-42.5,1817.05053,0.03669
80.0,-42.5,1817.77301,0.03735
81.0,-42.5,1824.19885,0.02883
82.0,-42.5,1839.7737,0.02332
83.0,-42.5,1840.24911,-0.11114
7.0,-41.5,1918.48678,0.16032
8.0,-41.5,1910.15806,-0.03407
9.0,-41.5,1916.953,0.18889
10.0,-41.5,1916.22614,0.03223
11.0,-41.5,1914.4542,0.02108
12.0,-41.5,1919.17363,0.02198
13.0,-41.5,1919.76605,-0.0568
14.0,-41.5,1920.96702,0.01732
15.0,-41.5,1923.58212,0.02884
16.0,-41.5,1923.55898,0.05822
17.0,-41.5,1919.56683,-0.00848
18.0,-41.5,1923.34338,0.03899
19.0,-41.5,1925.43471,0.01959
20.0,-41.5,1928.65038,0.02126
21.0,-41.5,1926.33085,0.00852
22.0,-41.5,1924.81772,0.00771
23.0,-41.5,1921.581,0.02458
24.0,-41.5,1924.11715,0.02001
25.0,-41.5,1920.26013,0.02383
26.0,-41.5,1920.90547,0.01849
27.0,-41.5,1921.82798,0.01198
28.0,-41.5,1921.61108,-0.00319
29.0,-41.5,1916.64506,0.01774
30.0,-41.5,1906.51402,0.06762
31.0,-41.5,1909.52925,-0.00746
32.0,-41.5,1911.80265,0.01678
33.0,-41.5,1910.2063,0.01433
34.0,-41.5,1909.37185,0.00729
35.0,-41.5,1906.75959,0.01559
36.0,-41.5,1905.78395,0.02408
37.0,-41.5,1909.2753,0.03507
38.0,-41.5,1910.08586,0.00346
39.0,-41.5,1907.62819,-0.12535
40.0,-41.5,1905.64401,0.01891
41.0,-41.5,1902.36744,0.00829
42.0,-41.5,1904.00013,0.02884
43.0,-41.5,1897.7377,0.05273
44.0,-41.5,1906.01881,0.04157
45.0,-41.5,1901.30231,-0.35285
46.0,-41.5,1896.20381,-0.10758
47.0,-41.5,1894.11629,-0.27419
48.0,-41.5,1889.80548,-2.1714
49.0,-41.5,1881.75023,-3.2891
61.0,-41.5,1865.67757,-0.0
62.0,-41.5,1873.58728,0.92525
63.0,-41.5,1863.42547,-40.18876
64.0,-41.5,1849.23332,0.04419
65.0,-41.5,1855.32994,0.12253
66.0,-41.5,1845.66835,0.0486
67.0,-41.5,1840.71724,0.04314
68.0,-41.5,1836.21711,0.03953
69.0,-41.5,1834.33877,0.04592
70.0,-41.5,1831.54371,0.04409
71.0,-41.5,1829.84858,0.03917
72.0,-41.5,1830.05343,0.05034
73.0,-41.5,1829.29208,0.04932
74.0,-41.5,1827.5615,0.05812
75.0,-41.5,1823.24153,0.05071
76.0,-41.5,1817.18432,0.04901
77.0,-41.5,1816.88029,0.04563
78.0,-41.5,1815.64834,0.04295
79.0,-41.5,1815.9947,0.03422
80.0,-41.5,1817.56064,0.03794
81.0,-41.5,1822.99402,0.02831
82.0,-41.5,1834.62571,0.1331
83.0,-41.5,1844.41264,-2.08371
7.0,-40.5,1917.27764,0.59421
8.0,-40.5,1913.6538,-3.86224
9.0,-40.5,1921.12889,-3.4726
10.0,-40.5,1919.51841,0.00237
11.0,-40.5,1915.60207,-0.02315
12.0,-40.5,1920.19483,0.05779
13.0,-40.5,1919.48071,-0.02537
14.0,-40.5,1920.68742,0.02368
15.0,-40.5,1920.66113,-0.05783
16.0,-40.5,1928.69008,0.03964
17.0,-40.5,1924.67866,0.02942
18.0,-40.5,1925.73286,0.00262
19.0,-40.5,1925.65417,0.01003
20.0,-40.5,1924.08479,-0.00018
21.0,-40.5,1924.2394,0.00092
22.0,-40.5,1924.04888,0.00782
23.0,-40.5,1923.14928,0.00836
24.0,-40.5,1924.39915,0.00469
25.0,-40.5,1922.27302,0.00796
26.0,-40.5,1920.03549,0.00864
27.0,-40.5,1920.75672,0.00743
28.0,-40.5,1919.14033,0.01384
29.0,-40.5,1920.05498,0.01262
30.0,-40.5,1914.29351,0.00628
31.0,-40.5,1912.81108,0.00494
32.0,-40.5,1911.27521,-0.00118
33.0,-40.5,1911.65286,0.01553
34.0,-40.5,1911.04841,0.06726
35.0,-40.5,1909.75132,0.00847
36.0,-40.5,1909.72081,0.00111
37.0,-40.5,1910.75403,0.02218
38.0,-40.5,1908.22045,0.02578
39.0,-40.5,1905.25893,0.01199
40.0,-40.5,1906.73407,-0.00389
41.0,-40.5,1902.3048,0.01317
42.0,-40.5,1900.63558,0.11545
43.0,-40.5,1899.43566,0.49647
44.0,-40.5,1904.96865,0.03939
45.0,-40.5,1906.21704,-0.21653
46.0,-40.5,1895.00137,0.50531
47.0,-40.5,1881.23913,1.5854
48.0,-40.5,1885.28956,-1.40541
49.0,-40.5,1859.14172,0.0
63.0,-40.5,1881.99703,-0.31085
64.0,-40.5,1866.72166,0.03656
65.0,-40.5,1870.55079,0.00836
66.0,-40.5,1851.61251,0.04589
67.0,-40.5,1840.67469,0.05077
68.0,-40.5,1835.91936,0.04371
69.0,-40.5,1834.02093,0.04076
70.0,-40.5,1829.90532,0.0452
71.0,-40.5,1828.86982,0.04089
72.0,-40.5,1829.01932,0.04864
73.0,-40.5,1829.92176,0.05198
74.0,-40.5,1827.02792,0.05584
75.0,-40.5,1821.66665,0.05108
76.0,-40.5,1817.73473,0.04749
77.0,-40.5,1816.7691,0.04533
78.0,-40.5,1816.10029,0.03876
79.0,-40.5,1815.50431,0.03301
80.0,-40.5,1817.48858,0.03663
81.0,-40.5,1821.16864,0.02844
82.0,-40.5,1830.14332,-1.16435
83.0,-40.5,1843.80427,-0.95956
7.0,-39.5,1904.64321,1.4436
8.0,-39.5,1917.33341,-36.95893
9.0,-39.5,1917.92744,1.52152
10.0,-39.5,1919.61625,1.50009
11.0,-39.5,1918.46825,-0.01644
12.0,-39.5,1921.12115,0.07423
13.0,-39.5,1920.8382,-0.0013
14.0,-39.5,1922.91984,-0.02042
15.0,-39.5,1921.78055,0.36331
16.0,-39.5,1928.82482,0.02539
17.0,-39.5,1926.3046,0.04487
18.0,-39.5,1924.37379,0.02604
19.0,-39.5,1927.16394,0.01759
20.0,-39.5,1925.97891,0.01269
21.0,-39.5,1925.59283,0.00149
22.0,-39.5,1923.02797,-0.00451
23.0,-39.5,1924.81874,-0.01047
24.0,-39.5,1924.74801,0.01902
25.0,-39.5,1921.39475,0.00245
26.0,-39.5,1921.55351,0.01517
27.0,-39.5,1920.34281,-0.02638
28.0,-39.5,1922.30247,0.004
29.0,-39.5,1917.95728,-0.00965
30.0,-39.5,1919.32843,-0.00682
31.0,-39.5,1918.29325,-0.00579
32.0,-39.5,1916.83049,-0.00831
33.0,-39.5,1913.29738,-0.00784
34.0,-39.5,1911.43584,-0.05389
35.0,-39.5,1910.57369,0.00102
36.0,-39.5,1906.98184,-0.0144
37.0,-39.5,1905.54157,0.00631
38.0,-39.5,1905.94238,-0.0175
39.0,-39.5,1906.22354,-0.00573
40.0,-39.5,1907.51387,-0.03361
41.0,-39.5,1898.54014,0.04098
42.0,-39.5,1905.37985,0.12274
43.0,-39.5,1904.11231,0.13025
44.0,-39.5,1903.04292,-0.21218
45.0,-39.5,1906.73783,-0.89618
46.0,-39.5,1891.94988,1.16481
47.0,-39.5,1872.83134,-8.6185
48.0,-39.5,1884.10693,0.08264
64.0,-39.5,1866.88978,-1.66667
65.0,-39.5,1871.85688,0.07609
66.0,-39.5,1859.19273,-0.90849
67.0,-39.5,1842.10588,0.04781
68.0,-39.5,1833.3971,0.039
69.0,-39.5,1832.5437,0.04181
70.0,-39.5,1828.37078,0.04859
71.0,-39.5,1828.5769,0.04142
72.0,-39.5,1828.08838,0.04831
73.0,-39.5,1827.00953,0.04781
74.0,-39.5,1824.59975,0.05381
75.0,-39.5,1820.24606,0.04779
76.0,-39.5,1817.46511,0.04547
77.0,-39.5,1816.93051,0.04033
78.0,-39.5,1816.18911,0.03381
79.0,-39.5,1816.17365,0.03171
80.0,-39.5,1817.89674,0.03473
81.0,-39.5,1821.07867,0.02504
82.0,-39.5,1828.05596,0.05052
83.0,-39.5,1839.70359,-0.00709
7.0,-38.5,1919.34093,-1.00902
8.0,-38.5,1919.14341,4.25354
9.0,-38.5,1920.48641,-0.05672
10.0,-38.5,1923.25097,-1.06117
11.0,-38.5,1918.77046,-0.41077
12.0,-38.5,1924.81893,0.12644
13.0,-38.5,1918.15043,0.02881
14.0,-38.5,1920.9981,-0.04366
15.0,-38.5,1925.11122,0.02564
16.0,-38.5,1930.20473,0.04359
17.0,-38.5,1927.64601,0.03994
18.0,-38.5,1924.43778,0.02216
19.0,-38.5,1927.73717,0.00494
20.0,-38.5,1927.2156,0.02743
21.0,-38.5,1928.34587,0.03119
22.0,-38.5,1923.63777,-0.01771
23.0,-38.5,1923.07427,0.01309
24.0,-38.5,1920.95802,0.00818
25.0,-38.5,1919.08109,0.02008
26.0,-38.5,1918.3138,0.0023
27.0,-38.5,1920.99382,-0.01015
28.0,-38.5,1920.06114,0.00839
29.0,-38.5,1918.07384,0.00835
30.0,-38.5,1915.59355,0.00531
31.0,-38.5,1911.8578,-0.07004
32.0,-38.5,1909.04447,-0.05642
33.0,-38.5,1908.78901,-0.3641
34.0,-38.5,1906.0704,0.00075
35.0,-38.5,1908.19624,0.00115
36.0,-38.5,1906.62748,-0.00269
37.0,-38.5,1907.7404,0.0159
38.0,-38.5,1910.3819,0.02732
39.0,-38.5,1907.9013,0.04866
40.0,-38.5,1902.75137,0.0026
41.0,-38.5,1905.13234,0.04373
42.0,-38.5,1905.92809,0.17012
43.0,-38.5,1899.37894,0.16284
44.0,-38.5,1900.36413,0.14023
45.0,-38.5,1892.29747,0.05596
46.0,-38.5,1893.16189,0.08369
47.0,-38.5,1878.14218,-4.67463
49.0,-38.5,1888.93581,-2.23559
65.0,-38.5,1861.96516,-0.09957
66.0,-38.5,1860.65627,-2.87366
67.0,-38.5,1842.02261,0.03736
68.0,-38.5,1832.11113,0.03967
69.0,-38.5,1831.87462,0.04684
70.0,-38.5,1829.71518,0.04721
71.0,-38.5,1827.24641,0.04683
72.0,-38.5,1826.96919,0.05282
73.0,-38.5,1825.78521,0.04934
74.0,-38.5,1821.75908,0.05068
75.0,-38.5,1819.90203,0.04989
76.0,-38.5,1817.46085,0.04016
77.0,-38.5,1817.15281,0.03606
78.0,-38.5,1816.31058,0.02814
79.0,-38.5,1816.74853,0.02945
80.0,-38.5,1818.81831,0.02983
81.0,-38.5,1821.10624,0.01972
82.0,-38.5,1835.97199,-0.17246
83.0,-38.5,1848.69133,-0.01925
7.0,-37.5,1926.24441,-8.4006
8.0,-37.5,1927.29372,0.51588
9.0,-37.5,1918.8638,0.02243
10.0,-37.5,1919.52269,-0.38436
11.0,-37.5,1931.28902,0.07019
12.0,-37.5,1926.52807,0.0813
13.0,-37.5,1924.7828,-0.02185
14.0,-37.5,1922.70319,0.0045
15.0,-37.5,1924.01643,0.03027
16.0,-37.5,1926.81046,-0.00822
17.0,-37.5,1927.00133,0.00903
18.0,-37.5,1925.14718,0.02705
19.0,-37.5,1926.34686,0.00861
20.0,-37.5,1926.77336,0.01375
21.0,-37.5,1926.44939,0.00695
22.0,-37.5,1924.5356,-0.04539
23.0,-37.5,1925.45476,-0.01411
24.0,-37.5,1924.21727,0.00097
25.0,-37.5,1922.63754,0.00517
26.0,-37.5,1920.53366,-0.00934
27.0,-37.5,1920.29786,-0.02301
28.0,-37.5,1919.24892,2e-05
29.0,-37.5,1920.67298,0.00854
30.0,-37.5,1920.69513,0.00153
31.0,-37.5,1915.47403,0.01722
32.0,-37.5,1910.0383,-0.04556
33.0,-37.5,1907.23152,0.11064
34.0,-37.5,1906.79968,-0.01355
35.0,-37.5,1912.1946,0.01648
36.0,-37.5,1908.06881,0.02072
37.0,-37.5,1908.22027,0.01587
38.0,-37.5,1904.57202,0.0385
39.0,-37.5,1905.70304,0.01177
40.0,-37.5,1903.39551,-0.12603
41.0,-37.5,1903.1019,-0.0084
42.0,-37.5,1906.44561,-0.04576
43.0,-37.5,1900.95733,0.08902
44.0,-37.5,1898.28166,0.50261
45.0,-37.5,1895.74295,-0.00893
46.0,-37.5,1894.86642,-0.09355
47.0,-37.5,1899.92469,-1.6297
48.0,-37.5,1883.53869,-2.66667
49.0,-37.5,1902.03959,-4.0
65.0,-37.5,1890.65363,0.93787
66.0,-37.5,1850.05153,0.87429
67.0,-37.5,1833.25881,0.0409
68.0,-37.5,1830.78689,0.05372
69.0,-37.5,1832.66944,0.05603
70.0,-37.5,1830.22356,0.05655
71.0,-37.5,1826.22114,0.05175
72.0,-37.5,1824.6721,0.05503
73.0,-37.5,1824.19519,0.04561
74.0,-37.5,1820.92834,0.04509
75.0,-37.5,1819.52421,0.04876
76.0,-37.5,1816.95847,0.03729
77.0,-37.5,1817.24056,0.03306
78.0,-37.5,1816.35121,0.02408
79.0,-37.5,1817.39016,0.02615
80.0,-37.5,1819.56647,0.02591
81.0,-37.5,1822.37534,0.01989
82.0,-37.5,1842.11946,0.04169
83.0,-37.5,1850.07455,0.289
7.0,-36.5,1921.68499,-14.00199
8.0,-36.5,1919.3014,-0.43087
9.0,-36.5,1915.0962,1.20996
10.0,-36.5,1915.63617,-0.47624
11.0,-36.5,1913.19652,-0.02998
12.0,-36.5,1931.76337,0.10334
13.0,-36.5,1926.97901,0.24667
14.0,-36.5,1928.34371,0.03497
15.0,-36.5,1929.39338,0.0274
16.0,-36.5,1923.47235,0.01101
17.0,-36.5,1929.6549,0.13502
18.0,-36.5,1923.86313,0.01479
19.0,-36.5,1921.32028,0.08267
20.0,-36.5,1924.20433,-0.01284
21.0,-36.5,1927.00935,-0.00976
22.0,-36.5,1925.2062,-0.00095
23.0,-36.5,1924.15431,0.00543
24.0,-36.5,1922.63414,0.00603
25.0,-36.5,1920.99304,-0.00469
26.0,-36.5,1923.86814,-0.01178
27.0,-36.5,1919.83773,0.00317
28.0,-36.5,1920.59777,0.02009
29.0,-36.5,1915.00311,-0.18279
30.0,-36.5,1916.43626,0.02507
31.0,-36.5,1917.94478,-0.12831
32.0,-36.5,1910.29912,1.11397
33.0,-36.5,1912.45536,0.04118
34.0,-36.5,1912.52205,-0.05447
35.0,-36.5,1908.32042,-0.16774
36.0,-36.5,1909.94384,0.00928
37.0,-36.5,1914.16032,-0.03197
38.0,-36.5,1906.15431,-0.01371
39.0,-36.5,1903.37557,0.00143
40.0,-36.5,1905.63906,-0.15232
41.0,-36.5,1904.79789,0.14071
42.0,-36.5,1906.14727,0.11194
43.0,-36.5,1903.66814,0.01522
44.0,-36.5,1894.60341,0.05792
45.0,-36.5,1904.06901,4.10256
46.0,-36.5,1894.61334,2.49893
47.0,-36.5,1886.02553,0.83026
48.0,-36.5,1872.91726,-0.12379
65.0,-36.5,1870.79388,-0.06689
66.0,-36.5,1862.14347,-0.10944
67.0,-36.5,1833.18606,0.0606
68.0,-36.5,1831.21699,0.06426
69.0,-36.5,1831.39476,0.06387
70.0,-36.5,1828.85232,0.06399
71.0,-36.5,1826.17822,0.05904
72.0,-36.5,1824.05316,0.05435
73.0,-36.5,1822.46465,0.0387
74.0,-36.5,1820.30028,0.04004
75.0,-36.5,1819.90763,0.04688
76.0,-36.5,1816.8287,0.03905
77.0,-36.5,1818.23402,0.03295
78.0,-36.5,1817.44429,0.02421
79.0,-36.5,1818.71676,0.02692
80.0,-36.5,1819.85223,0.0222
81.0,-36.5,1823.94214,0.02
82.0,-36.5,1841.27133,-1.3051
83.0,-36.5,1852.93178,1.60515
7.0,-35.5,1918.32867,0.21751
8.0,-35.5,1924.93268,-0.12985
9.0,-35.5,1925.50337,-0.3542
10.0,-35.5,1919.79477,-0.64956
11.0,-35.5,1918.00473,-0.124
12.0,-35.5,1924.49229,-0.065
13.0,-35.5,1923.2975,0.05429
14.0,-35.5,1923.92384,0.01472
15.0,-35.5,1929.71823,0.02206
16.0,-35.5,1930.0586,0.01484
17.0,-35.5,1923.92933,0.05363
18.0,-35.5,1926.09341,0.00932
19.0,-35.5,1922.64057,0.0092
20.0,-35.5,1923.00326,0.00795
21.0,-35.5,1926.39793,0.0026
22.0,-35.5,1928.18612,-0.00129
23.0,-35.5,1926.03167,0.02088
24.0,-35.5,1923.21998,0.00248
25.0,-35.5,1920.8907,-0.00162
26.0,-35.5,1917.54835,0.00401
27.0,-35.5,1923.53613,-0.00063
28.0,-35.5,1921.9612,0.03115
29.0,-35.5,1920.75319,-0.13994
30.0,-35.5,1917.66001,0.0622
31.0,-35.5,1911.24015,-0.02965
32.0,-35.5,1915.22623,0.01246
33.0,-35.5,1903.04165,0.43985
34.0,-35.5,1910.60934,0.06146
35.0,-35.5,1909.70859,-0.03019
36.0,-35.5,1909.11749,0.0047
37.0,-35.5,1907.67344,-0.01194
38.0,-35.5,1901.38119,0.00684
39.0,-35.5,1905.09183,0.07666
40.0,-35.5,1907.90153,0.03781
41.0,-35.5,1906.90308,-0.01613
42.0,-35.5,1909.78038,0.04322
43.0,-35.5,1909.40991,-0.24016
44.0,-35.5,1901.79279,-0.07971
45.0,-35.5,1902.55232,-0.18009
46.0,-35.5,1893.84136,-0.24866
47.0,-35.5,1888.4876,2.85869
66.0,-35.5,1854.49019,1.19852
67.0,-35.5,1839.63602,-0.03201
68.0,-35.5,1834.27275,0.05187
69.0,-35.5,1832.06262,0.04857
70.0,-35.5,1827.92999,0.06848
71.0,-35.5,1824.94236,0.06456
72.0,-35.5,1822.08289,0.04772
73.0,-35.5,1821.41913,0.03346
74.0,-35.5,1821.05736,0.0403
75.0,-35.5,1820.00098,0.04267
76.0,-35.5,1817.80831,0.03928
77.0,-35.5,1819.12192,0.03177
78.0,-35.5,1819.10106,0.02492
79.0,-35.5,1820.05202,0.02637
80.0,-35.5,1820.50198,0.0199
81.0,-35.5,1826.30077,0.02379
82.0,-35.5,1847.45682,0.33614
83.0,-35.5,1858.15342,-0.52798
7.0,-34.5,1927.65897,2.36806
8.0,-34.5,1919.04146,-0.09551
9.0,-34.5,1915.29738,-2.22616
10.0,-34.5,1906.26325,0.03901
11.0,-34.5,1919.76962,0.91126
12.0,-34.5,1924.93098,-0.45428
13.0,-34.5,1919.67944,0.06428
14.0,-34.5,1925.14796,-0.32405
15.0,-34.5,1929.02359,-0.06519
16.0,-34.5,1928.39937,-0.06706
17.0,-34.5,1926.15939,0.02397
18.0,-34.5,1929.35846,0.02798
19.0,-34.5,1924.74733,0.01912
20.0,-34.5,1924.18579,0.02112
21.0,-34.5,1928.13886,0.00359
22.0,-34.5,1926.81339,0.00056
23.0,-34.5,1923.80561,0.00426
24.0,-34.5,1924.12263,-0.00466
25.0,-34.5,1922.98695,0.014
26.0,-34.5,1920.81083,-0.00478
27.0,-34.5,1918.87326,0.01852
28.0,-34.5,1918.35802,0.02642
29.0,-34.5,1920.58807,0.03477
30.0,-34.5,1921.68457,0.0357
31.0,-34.5,1919.65636,0.01596
32.0,-34.5,1920.24354,-0.12891
33.0,-34.5,1918.31663,-0.0964
34.0,-34.5,1912.22784,-0.03926
35.0,-34.5,1905.55049,-0.01587
36.0,-34.5,1906.81654,-0.0091
37.0,-34.5,1908.92334,0.02541
38.0,-34.5,1903.9051,0.0122
39.0,-34.5,1903.37351,0.02052
40.0,-34.5,1905.87584,-0.00247
41.0,-34.5,1908.56913,-0.02591
42.0,-34.5,1909.24858,0.0204
43.0,-34.5,1910.48419,0.06386
44.0,-34.5,1898.97106,0.02357
45.0,-34.5,1896.86654,0.15942
46.0,-34.5,1897.94982,-0.02218
47.0,-34.5,1899.45028,-1.06731
48.0,-34.5,1904.66371,-0.08222
49.0,-34.5,1908.76048,1.05495
66.0,-34.5,1885.01366,1.01642
67.0,-34.5,1855.97131,0.05032
68.0,-34.5,1842.1584,0.04595
69.0,-34.5,1835.28303,0.03623
70.0,-34.5,1828.10692,0.06294
71.0,-34.5,1824.68894,0.05631
72.0,-34.5,1822.0687,0.04353
73.0,-34.5,1821.84542,0.03698
74.0,-34.5,1821.03159,0.03952
75.0,-34.5,1819.3285,0.03998
76.0,-34.5,1817.96722,0.03677
77.0,-34.5,1819.71784,0.02883
78.0,-34.5,1820.95275,0.02748
79.0,-34.5,1821.90313,0.02322
80.0,-34.5,1821.64364,0.01854
81.0,-34.5,1829.28273,0.0247
82.0,-34.5,1857.62536,0.02253
83.0,-34.5,1842.59482,-9.55449
7.0,-33.5,1926.01283,4.04623
8.0,-33.5,1917.71046,-3.70236
9.0,-33.5,1924.57281,-6e-05
10.0,-33.5,1928.64662,-0.09291
11.0,-33.5,1923.73502,-0.18366
12.0,-33.5,1924.12849,0.03728
13.0,-33.5,1925.32965,-0.06125
14.0,-33.5,1924.9173,0.07777
15.0,-33.5,1926.16735,-0.00159
16.0,-33.5,1928.75607,0.01155
17.0,-33.5,1925.95813,0.01178
18.0,-33.5,1925.87824,0.0617
19.0,-33.5,1927.62282,0.02435
20.0,-33.5,1928.78436,0.01204
21.0,-33.5,1926.61768,0.01563
22.0,-33.5,1923.74026,0.01041
23.0,-33.5,1923.43323,0.00172
24.0,-33.5,1923.93214,0.01032
25.0,-33.5,1922.59288,-0.0051
26.0,-33.5,1922.17794,0.00407
27.0,-33.5,1925.57234,0.01597
28.0,-33.5,1916.07072,0.02832
29.0,-33.5,1913.43101,0.00206
30.0,-33.5,1920.43723,0.00272
31.0,-33.5,1915.2893,0.02447
32.0,-33.5,1919.79065,0.06735
33.0,-33.5,1915.06724,-0.01962
34.0,-33.5,1904.31151,-0.01821
35.0,-33.5,1907.64222,-0.01206
36.0,-33.5,1913.87161,0.00149
37.0,-33.5,1910.97388,0.01552
38.0,-33.5,1908.36752,0.0001
39.0,-33.5,1905.35168,-0.02333
40.0,-33.5,1907.00236,-0.01324
41.0,-33.5,1910.24506,-0.08559
42.0,-33.5,1907.35908,-0.01711
43.0,-33.5,1901.06209,-0.02871
44.0,-33.5,1894.53411,0.0106
45.0,-33.5,1906.40129,-0.0075
46.0,-33.5,1911.26494,0.1189
47.0,-33.5,1908.04969,0.24308
48.0,-33.5,1897.78259,-0.47077
49.0,-33.5,1888.96796,0.12416
67.0,-33.5,1861.73033,-0.00237
68.0,-33.5,1850.04329,0.09002
69.0,-33.5,1843.38876,0.19608
70.0,-33.5,1830.29032,0.05515
71.0,-33.5,1825.18448,0.05199
72.0,-33.5,1824.00894,0.04594
73.0,-33.5,1821.09896,0.03828
74.0,-33.5,1821.37169,0.03796
75.0,-33.5,1819.55611,0.03838
76.0,-33.5,1818.72678,0.03413
77.0,-33.5,1820.64998,0.02843
78.0,-33.5,1822.39852,0.02969
79.0,-33.5,1823.91462,0.0229
80.0,-33.5,1823.24533,0.02025
81.0,-33.5,1831.47076,-0.03086
82.0,-33.5,1861.18938,5.85266
83.0,-33.5,1848.19536,0.08819
7.0,-32.5,1917.40422,-2.0932
8.0,-32.5,1931.58791,-0.19593
9.0,-32.5,1925.32415,0.18737
10.0,-32.5,1924.63121,0.00413
11.0,-32.5,1924.2336,0.20433
12.0,-32.5,1922.57244,0.00181
13.0,-32.5,1916.28963,-0.12651
14.0,-32.5,1925.65927,0.14769
15.0,-32.5,1928.24643,0.0166
16.0,-32.5,1931.86197,-0.00363
17.0,-32.5,1927.84624,0.01433
18.0,-32.5,1929.14675,0.02428
19.0,-32.5,1927.22945,0.01796
20.0,-32.5,1923.72588,-0.02045
21.0,-32.5,1924.89107,0.01091
22.0,-32.5,1926.39554,0.0108
23.0,-32.5,1923.80865,0.01643
24.0,-32.5,1926.33614,0.00855
25.0,-32.5,1924.79854,-0.00013
26.0,-32.5,1922.75528,1e-05
27.0,-32.5,1917.869,0.01012
28.0,-32.5,1923.36666,-0.0078
29.0,-32.5,1921.7602,0.00216
30.0,-32.5,1920.68611,-0.03775
31.0,-32.5,1911.7348,-0.01178
32.0,-32.5,1913.42703,0.01108
33.0,-32.5,1912.29251,0.02532
34.0,-32.5,1914.82211,-0.05515
35.0,-32.5,1913.94488,0.15805
36.0,-32.5,1909.89984,-0.06625
37.0,-32.5,1915.65256,0.04339
38.0,-32.5,1909.55461,0.02696
39.0,-32.5,1904.3925,-0.00897
40.0,-32.5,1907.77949,0.00735
41.0,-32.5,1908.75797,0.01121
42.0,-32.5,1900.94175,0.00103
43.0,-32.5,1901.73524,-0.15279
44.0,-32.5,1897.53258,-0.04164
45.0,-32.5,1901.14215,-0.54481
46.0,-32.5,1907.72775,-0.28882
47.0,-32.5,1899.27615,0.2671
48.0,-32.5,1898.59444,0.26482
49.0,-32.5,1882.87822,-1.13475
67.0,-32.5,1858.71563,0.64131
68.0,-32.5,1864.22608,-0.24778
69.0,-32.5,1833.50225,-0.06906
70.0,-32.5,1832.28429,0.04946
71.0,-32.5,1827.03873,0.0475
72.0,-32.5,1825.36308,0.04524
73.0,-32.5,1822.68916,0.038
74.0,-32.5,1821.24304,0.03496
75.0,-32.5,1819.45929,0.0343
76.0,-32.5,1818.78471,0.02934
77.0,-32.5,1821.93921,0.02832
78.0,-32.5,1824.03796,0.03055
79.0,-32.5,1826.29363,0.02298
80.0,-32.5,1825.56111,0.01723
81.0,-32.5,1833.12914,0.0162
82.0,-32.5,1844.04776,-0.06704
83.0,-32.5,1828.5427,-11.72386
7.0,-31.5,1904.95466,4.11948
8.0,-31.5,1919.14633,2.23104
9.0,-31.5,1933.99769,-1.89901
10.0,-31.5,1930.19902,0.0774
11.0,-31.5,1932.49273,-0.03469
12.0,-31.5,1926.8457,0.03382
13.0,-31.5,1925.65127,-0.52444
14.0,-31.5,1933.65805,-0.00276
15.0,-31.5,1929.69429,-0.02785
16.0,-31.5,1929.67966,-0.01355
17.0,-31.5,1926.23257,0.04399
18.0,-31.5,1929.06596,0.03534
19.0,-31.5,1927.40744,-0.01725
20.0,-31.5,1924.83804,-0.12956
21.0,-31.5,1925.96119,0.00376
22.0,-31.5,1924.92969,0.01164
23.0,-31.5,1926.95961,0.00648
24.0,-31.5,1926.19169,0.00798
25.0,-31.5,1927.84723,-0.00105
26.0,-31.5,1927.05791,0.01534
27.0,-31.5,1922.12458,0.01382
28.0,-31.5,1917.91775,0.03318
29.0,-31.5,1912.77248,0.04814
30.0,-31.5,1917.27697,0.0435
31.0,-31.5,1920.8241,0.00623
32.0,-31.5,1918.08986,-0.0105
33.0,-31.5,1914.84595,0.004
34.0,-31.5,1915.40368,-0.26215
35.0,-31.5,1910.92101,-0.01025
36.0,-31.5,1911.24863,-0.07055
37.0,-31.5,1911.92693,0.01875
38.0,-31.5,1910.21553,0.08409
39.0,-31.5,1903.50573,0.08822
40.0,-31.5,1905.35755,0.25043
41.0,-31.5,1903.30988,-0.07219
42.0,-31.5,1901.68895,-0.02428
43.0,-31.5,1900.26043,-0.0793
44.0,-31.5,1897.15923,0.05833
45.0,-31.5,1905.88843,-0.43015
46.0,-31.5,1902.62682,-0.76184
47.0,-31.5,1892.42624,0.62061
48.0,-31.5,1901.82622,4.40719
68.0,-31.5,1855.85603,-0.39189
69.0,-31.5,1838.04821,0.04703
70.0,-31.5,1833.85289,0.03774
71.0,-31.5,1830.53079,0.03729
72.0,-31.5,1826.93171,0.04089
73.0,-31.5,1823.13156,0.03849
74.0,-31.5,1822.44768,0.03021
75.0,-31.5,1819.63321,0.02981
76.0,-31.5,1819.67446,0.02405
77.0,-31.5,1823.36739,0.02864
78.0,-31.5,1826.11607,0.03152
79.0,-31.5,1829.27177,0.02419
80.0,-31.5,1827.75401,0.01457
81.0,-31.5,1836.04599,0.01871
82.0,-31.5,1851.3654,-0.50673
83.0,-31.5,1826.64373,25.95806
7.0,-30.5,1917.7366,0.10637
8.0,-30.5,1913.83981,-0.10948
9.0,-30.5,1938.40271,-0.37185
10.0,-30.5,1930.77511,0.10228
11.0,-30.5,1930.6273,-0.19533
12.0,-30.5,1928.0136,0.04268
13.0,-30.5,1928.041,0.04281
14.0,-30.5,1925.65886,0.01555
15.0,-30.5,1929.87218,0.19589
16.0,-30.5,1932.45116,0.00892
17.0,-30.5,1929.00458,0.03245
18.0,-30.5,1926.56756,0.02132
19.0,-30.5,1927.26687,0.00988
20.0,-30.5,1928.08194,0.00584
21.0,-30.5,1929.56938,-0.06749
22.0,-30.5,1929.24956,0.00123
23.0,-30.5,1924.16118,0.00576
24.0,-30.5,1925.21334,0.0059
25.0,-30.5,1923.56904,0.01829
26.0,-30.5,1925.09411,-0.04145
27.0,-30.5,1925.63399,-0.53275
28.0,-30.5,1925.60266,0.02535
29.0,-30.5,1919.97699,0.0015
30.0,-30.5,1914.36189,0.226
31.0,-30.5,1918.5605,-0.00626
32.0,-30.5,1916.41081,-0.01798
33.0,-30.5,1916.04304,0.02232
34.0,-30.5,1914.25082,-0.01108
35.0,-30.5,1915.78255,0.0051
36.0,-30.5,1910.98778,0.01042
37.0,-30.5,1912.82317,-0.0118
38.0,-30.5,1908.73548,0.09381
39.0,-30.5,1904.40677,0.00244
40.0,-30.5,1901.55731,-0.01746
41.0,-30.5,1903.4666,0.02094
42.0,-30.5,1904.07528,-0.00834
43.0,-30.5,1902.96441,0.15263
44.0,-30.5,1904.47148,0.00395
45.0,-30.5,1900.58209,0.12001
46.0,-30.5,1893.36243,-0.00775
47.0,-30.5,1894.08147,-0.07193
48.0,-30.5,1897.87997,0.0
68.0,-30.5,1869.51197,-12.20164
69.0,-30.5,1842.01234,0.00594
70.0,-30.5,1835.00227,0.0334
71.0,-30.5,1832.83928,0.03206
72.0,-30.5,1829.38534,0.0309
73.0,-30.5,1826.28327,0.03317
74.0,-30.5,1823.62743,0.02889
75.0,-30.5,1820.16789,0.03209
76.0,-30.5,1821.05565,0.02406
77.0,-30.5,1825.24492,0.02975
78.0,-30.5,1829.36436,0.03327
79.0,-30.5,1832.34862,0.02332
80.0,-30.5,1829.82761,0.01823
81.0,-30.5,1838.45303,1.23166
82.0,-30.5,1850.77689,-11.61409
83.0,-30.5,1848.64884,20.1641
7.0,-29.5,1912.96739,0.39025
8.0,-29.5,1922.77496,-0.02081
9.0,-29.5,1931.61016,-0.01135
10.0,-29.5,1928.10232,-0.38054
11.0,-29.5,1941.95367,-0.018
12.0,-29.5,1935.16943,-0.36197
13.0,-29.5,1936.40996,-0.21497
14.0,-29.5,1930.56379,0.02419
15.0,-29.5,1927.02535,0.08876
16.0,-29.5,1934.14099,0.04124
17.0,-29.5,1926.54627,0.00144
18.0,-29.5,1927.29995,0.0026
19.0,-29.5,1928.95027,0.02282
20.0,-29.5,1927.49053,0.01083
21.0,-29.5,1928.48512,-0.01203
22.0,-29.5,1926.66103,-0.01188
23.0,-29.5,1925.30845,0.03245
24.0,-29.5,1926.99752,0.0239
25.0,-29.5,1924.39872,0.02317
26.0,-29.5,1924.38374,0.00576
27.0,-29.5,1923.26334,0.03725
28.0,-29.5,1926.99248,0.06542
29.0,-29.5,1918.05896,0.1678
30.0,-29.5,1917.28416,0.07754
31.0,-29.5,1916.91044,0.0008
32.0,-29.5,1917.8807,-0.06074
33.0,-29.5,1916.10553,0.00101
34.0,-29.5,1913.68099,-0.01675
35.0,-29.5,1913.12541,0.03612
36.0,-29.5,1909.80523,-0.00382
37.0,-29.5,1910.30723,-0.01653
38.0,-29.5,1913.47671,-0.0357
39.0,-29.5,1912.95862,0.04555
40.0,-29.5,1910.48333,-0.0162
41.0,-29.5,1912.19529,0.00836
42.0,-29.5,1907.24321,-0.03428
43.0,-29.5,1905.53117,0.04769
44.0,-29.5,1904.80705,-0.18364
45.0,-29.5,1904.40188,-0.08732
46.0,-29.5,1888.93417,-0.46077
47.0,-29.5,1879.56142,0.08848
48.0,-29.5,1890.71213,-0.14634
49.0,-29.5,1900.17945,0.24893
68.0,-29.5,1866.94964,-1.15878
69.0,-29.5,1832.56326,0.92663
70.0,-29.5,1833.81864,0.06334
71.0,-29.5,1835.88235,0.3457
72.0,-29.5,1834.42348,-4.34791
73.0,-29.5,1831.24183,0.02642
74.0,-29.5,1825.17122,0.03105
75.0,-29.5,1822.55267,0.02919
76.0,-29.5,1822.97014,0.02321
77.0,-29.5,1826.84448,0.03185
78.0,-29.5,1832.85012,0.0325
79.0,-29.5,1835.44801,0.02577
80.0,-29.5,1833.10029,0.01722
81.0,-29.5,1840.91654,0.08252
82.0,-29.5,1853.27753,0.05036
83.0,-29.5,1854.88147,-0.06752
7.0,-28.5,1919.45456,-0.29483
8.0,-28.5,1925.46261,-0.2438
9.0,-28.5,1925.99011,-0.83909
10.0,-28.5,1933.74593,0.01263
11.0,-28.5,1928.48664,-0.11366
12.0,-28.5,1933.30211,-0.52653
13.0,-28.5,1932.17257,-0.05355
14.0,-28.5,1931.10503,-0.04484
15.0,-28.5,1926.57003,0.04074
16.0,-28.5,1928.09788,0.0049
17.0,-28.5,1924.65003,-0.01288
18.0,-28.5,1919.44557,-0.0632
19.0,-28.5,1929.57293,0.08655
20.0,-28.5,1929.30696,0.02624
21.0,-28.5,1927.46987,0.03366
22.0,-28.5,1926.28071,0.00549
23.0,-28.5,1923.33428,0.0178
24.0,-28.5,1922.61704,0.031
25.0,-28.5,1926.40787,0.09116
26.0,-28.5,1929.48806,0.00371
27.0,-28.5,1926.03662,0.04066
28.0,-28.5,1924.85175,0.03204
29.0,-28.5,1919.32198,0.00422
30.0,-28.5,1917.49485,0.02257
31.0,-28.5,1920.44082,0.00409
32.0,-28.5,1916.16177,0.01804
33.0,-28.5,1915.17967,0.03264
34.0,-28.5,1912.53605,-0.09852
35.0,-28.5,1914.61446,0.00952
36.0,-28.5,1914.68312,0.00966
37.0,-28.5,1914.26798,-0.0211
38.0,-28.5,1911.62761,-0.0288
39.0,-28.5,1915.0039,-0.00543
40.0,-28.5,1908.66565,-2.00495
41.0,-28.5,1908.7255,0.09027
42.0,-28.5,1906.81244,-0.01711
43.0,-28.5,1905.80337,0.02713
44.0,-28.5,1903.28088,-0.09181
45.0,-28.5,1907.61671,-0.0072
46.0,-28.5,1902.53405,-0.17628
47.0,-28.5,1896.37464,0.66419
48.0,-28.5,1888.45343,-3.21753
49.0,-28.5,1889.29842,-2.29457
50.0,-28.5,1887.76014,0.0
68.0,-28.5,1899.73415,4.71713
69.0,-28.5,1838.93824,-0.01423
70.0,-28.5,1826.38343,0.0601
71.0,-28.5,1834.02213,0.13944
72.0,-28.5,1831.28736,-0.21825
73.0,-28.5,1833.35776,0.01845
74.0,-28.5,1826.78645,-0.00799
75.0,-28.5,1824.1954,0.02847
76.0,-28.5,1824.42142,0.02828
77.0,-28.5,1828.98845,0.03379
78.0,-28.5,1835.89233,0.03285
79.0,-28.5,1839.31958,0.02356
80.0,-28.5,1836.69344,0.01301
81.0,-28.5,1842.97945,0.12979
82.0,-28.5,1854.99439,-0.02753
83.0,-28.5,1846.21602,0.50905
7.0,-27.5,1929.4567,-0.00443
8.0,-27.5,1933.53914,0.17023
9.0,-27.5,1936.41566,-0.00208
10.0,-27.5,1932.48912,0.10735
11.0,-27.5,1927.95617,0.05923
12.0,-27.5,1935.50926,-0.05515
13.0,-27.5,1927.48849,0.01363
14.0,-27.5,1935.57573,-0.31617
15.0,-27.5,1931.71072,0.00622
16.0,-27.5,1932.41947,0.04053
17.0,-27.5,1931.12794,0.04715
18.0,-27.5,1929.07599,0.0265
19.0,-27.5,1927.45774,0.0047
20.0,-27.5,1928.33503,0.05462
21.0,-27.5,1930.86567,0.03678
22.0,-27.5,1925.66582,0.00166
23.0,-27.5,1927.56042,0.00417
24.0,-27.5,1928.66544,0.02274
25.0,-27.5,1929.87482,0.03608
26.0,-27.5,1926.06997,0.05853
27.0,-27.5,1925.2908,0.0521
28.0,-27.5,1923.54941,0.03258
29.0,-27.5,1919.87289,0.01588
30.0,-27.5,1915.73117,0.02761
31.0,-27.5,1914.42738,-0.006
32.0,-27.5,1913.51012,-0.0096
33.0,-27.5,1916.34072,-0.00421
34.0,-27.5,1916.62882,0.00298
35.0,-27.5,1916.02318,-0.02936
36.0,-27.5,1914.68003,0.03132
37.0,-27.5,1914.60995,-0.07929
38.0,-27.5,1918.06207,-0.02641
39.0,-27.5,1905.42426,0.00356
40.0,-27.5,1910.50647,0.04728
41.0,-27.5,1908.93057,0.05309
42.0,-27.5,1908.45203,0.01395
43.0,-27.5,1911.07724,0.02689
44.0,-27.5,1907.76522,-0.04324
45.0,-27.5,1907.75005,-0.0338
46.0,-27.5,1902.34292,0.10756
47.0,-27.5,1887.90988,1.36996
48.0,-27.5,1880.02604,-1.40479
49.0,-27.5,1882.96098,-1.0038
50.0,-27.5,1883.26269,2.32908
68.0,-27.5,1878.97184,46.45929
69.0,-27.5,1840.95345,0.03275
70.0,-27.5,1836.41597,-0.35396
71.0,-27.5,1838.78526,-0.47925
72.0,-27.5,1845.61804,-0.16989
73.0,-27.5,1854.30903,-0.06488
74.0,-27.5,1832.80996,-0.48291
75.0,-27.5,1826.02125,0.02824
76.0,-27.5,1825.61636,0.03214
77.0,-27.5,1831.44916,0.03692
78.0,-27.5,1839.18915,0.0317
79.0,-27.5,1844.07592,0.02236
80.0,-27.5,1841.95784,0.01332
81.0,-27.5,1848.40419,-0.01362
82.0,-27.5,1862.53777,-0.08703
83.0,-27.5,1841.89685,-0.19036
7.0,-26.5,1935.74613,0.06372
8.0,-26.5,1949.8703,-0.20127
9.0,-26.5,1951.18107,-0.29062
10.0,-26.5,1926.89522,0.76214
11.0,-26.5,1924.26629,0.12884
12.0,-26.5,1936.8395,0.03451
13.0,-26.5,1937.74545,0.0443
14.0,-26.5,1932.50034,-0.07374
15.0,-26.5,1933.7112,0.02795
16.0,-26.5,1930.71978,0.01803
17.0,-26.5,1929.09942,0.03016
18.0,-26.5,1924.41385,0.0124
19.0,-26.5,1928.64113,0.01483
20.0,-26.5,1926.3436,0.02602
21.0,-26.5,1930.38382,0.05282
22.0,-26.5,1925.83145,0.0065
23.0,-26.5,1928.43583,0.02766
24.0,-26.5,1929.72739,0.03089
25.0,-26.5,1930.69092,0.01362
26.0,-26.5,1927.14095,0.03944
27.0,-26.5,1919.92439,0.18208
28.0,-26.5,1920.718,-0.00503
29.0,-26.5,1923.13746,0.02647
30.0,-26.5,1919.11233,0.03816
31.0,-26.5,1916.49102,0.00419
32.0,-26.5,1917.54248,0.0028
33.0,-26.5,1913.61624,0.10962
34.0,-26.5,1913.31654,-0.00318
35.0,-26.5,1913.82849,-0.03797
36.0,-26.5,1910.80908,0.00278
37.0,-26.5,1910.48286,0.01821
38.0,-26.5,1913.98602,0.01407
39.0,-26.5,1915.39762,0.02227
40.0,-26.5,1911.54032,-0.37468
41.0,-26.5,1905.67406,0.17309
42.0,-26.5,1905.29825,0.00952
43.0,-26.5,1903.77013,0.00248
44.0,-26.5,1907.19602,0.09782
45.0,-26.5,1904.01949,0.07499
46.0,-26.5,1895.78922,-1.75107
47.0,-26.5,1893.95511,-4.36456
48.0,-26.5,1903.20497,3.47022
49.0,-26.5,1887.64993,-3.02264
69.0,-26.5,1855.12262,0.11337
70.0,-26.5,1846.50281,-0.87512
71.0,-26.5,1839.27013,0.0257
72.0,-26.5,1829.48552,-0.22039
74.0,-26.5,1830.90739,-1.53974
75.0,-26.5,1829.1241,0.02865
76.0,-26.5,1826.88791,0.03227
77.0,-26.5,1834.97512,0.0331
78.0,-26.5,1842.78944,0.02746
79.0,-26.5,1847.37014,0.02293
80.0,-26.5,1849.1522,0.019
81.0,-26.5,1853.48974,0.86842
82.0,-26.5,1853.72722,0.04999
83.0,-26.5,1851.48563,-9.10435
7.0,-25.5,1948.26692,0.22337
8.0,-25.5,1934.96742,-0.11694
9.0,-25.5,1932.1196,0.07963
10.0,-25.5,1932.2214,-0.04864
11.0,-25.5,1936.65198,0.25313
12.0,-25.5,1928.11239,0.04024
13.0,-25.5,1925.29831,0.38057
14.0,-25.5,1933.20109,0.02301
15.0,-25.5,1932.88701,0.02905
16.0,-25.5,1930.47898,0.01078
17.0,-25.5,1920.7814,0.02973
18.0,-25.5,1928.75753,0.01184
19.0,-25.5,1928.11404,0.06442
20.0,-25.5,1927.84227,0.01386
21.0,-25.5,1929.87415,4e-05
22.0,-25.5,1924.59943,0.01759
23.0,-25.5,1923.03584,0.03368
24.0,-25.5,1926.9198,0.03314
25.0,-25.5,1926.76225,-0.047
26.0,-25.5,1926.69528,0.04091
27.0,-25.5,1926.34034,0.02134
28.0,-25.5,1921.52849,-0.00324
29.0,-25.5,1918.06843,0.04
30.0,-25.5,1916.01593,0.02214
31.0,-25.5,1918.6826,-0.06825
32.0,-25.5,1917.11275,-0.00167
33.0,-25.5,1915.75178,0.0553
34.0,-25.5,1914.42572,0.08559
35.0,-25.5,1914.22435,-0.07773
36.0,-25.5,1911.27577,-0.55348
37.0,-25.5,1913.78744,-0.03408
38.0,-25.5,1906.93476,-0.06689
39.0,-25.5,1908.98319,0.01835
40.0,-25.5,1905.49243,-0.07273
41.0,-25.5,1910.84018,0.17779
42.0,-25.5,1903.65509,-0.19759
43.0,-25.5,1902.08963,-0.03803
44.0,-25.5,1902.57229,0.04372
45.0,-25.5,1904.79307,0.00529
46.0,-25.5,1902.53276,-0.12674
47.0,-25.5,1894.37541,0.64597
48.0,-25.5,1880.00104,0.01083
69.0,-25.5,1862.23957,0.18212
70.0,-25.5,1848.92325,-0.54263
71.0,-25.5,1854.74333,-1.38341
72.0,-25.5,1856.05207,0.16413
73.0,-25.5,1780.89455,1.40852
74.0,-25.5,1841.09866,-0.44787
75.0,-25.5,1832.75458,0.02853
76.0,-25.5,1827.11863,0.3099
77.0,-25.5,1839.39574,0.04075
78.0,-25.5,1845.84793,0.01999
79.0,-25.5,1850.05014,0.0188
80.0,-25.5,1856.65793,0.02926
81.0,-25.5,1866.1893,1.35294
82.0,-25.5,1850.36215,-0.36159
83.0,-25.5,1852.80947,1.19649
7.0,-24.5,1939.02821,-0.03406
8.0,-24.5,1933.00219,0.16238
9.0,-24.5,1937.72535,-0.20612
10.0,-24.5,1934.1412,0.04771
11.0,-24.5,1933.5718,0.04079
12.0,-24.5,1930.50703,0.03132
13.0,-24.5,1930.40296,0.04909
14.0,-24.5,1931.94445,0.02573
15.0,-24.5,1923.2669,0.06103
16.0,-24.5,1932.6229,0.02083
17.0,-24.5,1923.84823,0.10801
18.0,-24.5,1930.8149,0.04369
19.0,-24.5,1926.93032,0.07096
20.0,-24.5,1919.64242,-0.00106
21.0,-24.5,1924.16458,0.00269
22.0,-24.5,1926.5098,-0.07007
23.0,-24.5,1923.56932,0.02276
24.0,-24.5,1930.02916,0.01353
25.0,-24.5,1926.1029,0.06336
26.0,-24.5,1925.49505,0.02392
27.0,-24.5,1922.04623,0.01809
28.0,-24.5,1921.96664,0.02014
29.0,-24.5,1922.67881,0.00045
30.0,-24.5,1917.9561,0.14268
31.0,-24.5,1920.01008,0.01691
32.0,-24.5,1918.1108,0.00738
33.0,-24.5,1918.98652,0.01303
34.0,-24.5,1919.31117,0.0078
35.0,-24.5,1916.88737,-0.04107
36.0,-24.5,1912.25603,0.07429
37.0,-24.5,1908.19144,0.03628
38.0,-24.5,1911.83824,0.02977
39.0,-24.5,1912.46794,-0.01443
40.0,-24.5,1912.11883,0.00607
41.0,-24.5,1910.05929,-0.01171
42.0,-24.5,1903.19664,0.21811
43.0,-24.5,1905.98412,0.03897
44.0,-24.5,1905.73104,0.09059
45.0,-24.5,1905.84759,-0.01625
46.0,-24.5,1894.01743,-0.14831
47.0,-24.5,1879.23102,0.11206
48.0,-24.5,1875.90618,-8.43727
50.0,-24.5,1881.87324,4.0
65.0,-24.5,1836.66183,0.05641
66.0,-24.5,1800.71315,-0.59266
69.0,-24.5,1863.08306,-38.72407
70.0,-24.5,1856.57134,0.49789
71.0,-24.5,1871.68891,-0.0681
72.0,-24.5,1857.65783,0.04449
73.0,-24.5,1838.27499,-0.0928
74.0,-24.5,1827.75259,-0.49836
75.0,-24.5,1836.36993,0.02845
76.0,-24.5,1834.17093,-0.41893
77.0,-24.5,1830.08036,-1.17039
78.0,-24.5,1847.086,0.01782
79.0,-24.5,1851.84821,0.01534
80.0,-24.5,1861.82834,0.0392
81.0,-24.5,1866.6855,-5.91979
82.0,-24.5,1852.1866,-0.25711
83.0,-24.5,1855.75293,0.50321
7.0,-23.5,1933.18501,0.54425
8.0,-23.5,1929.71799,-0.03715
9.0,-23.5,1928.85734,1.26355
10.0,-23.5,1930.67366,0.02191
11.0,-23.5,1938.52572,-0.06725
12.0,-23.5,1932.36815,-0.01191
13.0,-23.5,1930.30974,0.03622
14.0,-23.5,1930.79476,0.03552
15.0,-23.5,1918.63723,0.0324
16.0,-23.5,1930.9543,0.02076
17.0,-23.5,1935.30008,0.24648
18.0,-23.5,1933.64626,0.02143
19.0,-23.5,1933.85205,0.03233
20.0,-23.5,1928.41507,0.02757
21.0,-23.5,1925.81138,0.02354
22.0,-23.5,1929.11207,-0.0013
23.0,-23.5,1929.09425,-0.0181
24.0,-23.5,1927.80946,-0.01355
25.0,-23.5,1923.42169,0.04304
26.0,-23.5,1924.09176,0.02743
27.0,-23.5,1921.39235,0.03143
28.0,-23.5,1920.26544,0.0238
29.0,-23.5,1923.92655,0.00909
30.0,-23.5,1921.53012,0.03353
31.0,-23.5,1921.76756,-0.00939
32.0,-23.5,1916.67718,0.01204
33.0,-23.5,1910.66732,-0.00217
34.0,-23.5,1914.498,-0.04487
35.0,-23.5,1917.70161,0.03256
36.0,-23.5,1912.81433,0.01581
37.0,-23.5,1905.25143,-0.02187
38.0,-23.5,1911.92408,0.54341
39.0,-23.5,1910.24694,-0.60745
40.0,-23.5,1911.17561,0.01362
41.0,-23.5,1915.50693,0.08735
42.0,-23.5,1907.94369,0.01858
43.0,-23.5,1907.09696,0.23083
44.0,-23.5,1905.33973,-0.10204
45.0,-23.5,1905.08545,-0.05772
46.0,-23.5,1894.26795,-0.0204
47.0,-23.5,1888.93344,-2.37326
48.0,-23.5,1916.28085,-4.93348
49.0,-23.5,1898.27587,4.0
64.0,-23.5,1904.59913,-0.03003
65.0,-23.5,1844.82792,-0.50533
66.0,-23.5,1831.60085,-0.95401
69.0,-23.5,1861.76715,0.05708
70.0,-23.5,1862.6771,0.70745
71.0,-23.5,1888.32318,0.03763
72.0,-23.5,1855.89372,0.02917
73.0,-23.5,1861.65908,-0.14131
74.0,-23.5,1844.89884,2.02069
75.0,-23.5,1837.96915,-0.25893
76.0,-23.5,1838.60849,-0.00276
77.0,-23.5,1860.64246,0.0794
78.0,-23.5,1850.44077,-0.03077
79.0,-23.5,1854.97411,0.01562
80.0,-23.5,1878.81662,0.09207
81.0,-23.5,1853.94929,-0.08462
82.0,-23.5,1856.49999,-0.04285
83.0,-23.5,1858.89927,1.11346
7.0,-22.5,1929.47908,0.0607
8.0,-22.5,1930.96935,0.0182
9.0,-22.5,1936.67292,0.22946
10.0,-22.5,1936.75251,0.07858
11.0,-22.5,1939.37429,0.06149
12.0,-22.5,1935.51865,-0.0014
13.0,-22.5,1931.93049,-0.00167
14.0,-22.5,1925.43135,-0.0966
15.0,-22.5,1926.20196,-0.05747
16.0,-22.5,1928.0388,0.01704
17.0,-22.5,1931.0532,0.04369
18.0,-22.5,1927.62356,0.03887
19.0,-22.5,1928.24286,-0.0091
20.0,-22.5,1930.44002,0.00026
21.0,-22.5,1935.98631,-0.05911
22.0,-22.5,1929.45659,-0.01112
23.0,-22.5,1928.00584,0.00053
24.0,-22.5,1930.46411,-0.02382
25.0,-22.5,1925.91436,-0.00806
26.0,-22.5,1922.56162,0.02411
27.0,-22.5,1921.84227,0.03269
28.0,-22.5,1918.21991,-0.00092
29.0,-22.5,1916.99237,0.01291
30.0,-22.5,1917.74112,0.02663
31.0,-22.5,1917.00817,-0.10199
32.0,-22.5,1916.79647,0.01647
33.0,-22.5,1914.14026,-0.01049
34.0,-22.5,1917.26887,-0.01639
35.0,-22.5,1908.7228,-0.02715
36.0,-22.5,1918.35317,-0.14306
37.0,-22.5,1914.13362,0.02293
38.0,-22.5,1915.50906,-0.00215
39.0,-22.5,1915.13191,0.05418
40.0,-22.5,1912.05085,-0.00476
41.0,-22.5,1911.09512,-0.05437
42.0,-22.5,1903.89236,-0.05322
43.0,-22.5,1902.3965,0.48638
44.0,-22.5,1900.40611,0.09313
45.0,-22.5,1901.97326,-0.11784
46.0,-22.5,1901.52519,0.02207
47.0,-22.5,1900.47598,-0.44661
48.0,-22.5,1916.41124,1.48732
49.0,-22.5,1916.54772,-0.72727
64.0,-22.5,1866.18115,-0.40747
65.0,-22.5,1858.38544,0.20025
66.0,-22.5,1871.24854,-1.03892
67.0,-22.5,1764.73925,-23.46216
70.0,-22.5,1867.09816,0.28325
71.0,-22.5,1866.49651,0.07334
72.0,-22.5,1852.05522,-0.92116
73.0,-22.5,1865.43715,-0.00063
74.0,-22.5,1860.44568,0.81061
75.0,-22.5,1842.62633,0.52183
76.0,-22.5,1847.78842,-0.21446
77.0,-22.5,1867.21517,0.01516
78.0,-22.5,1861.18805,-0.18496
79.0,-22.5,1860.93105,-0.00935
80.0,-22.5,1873.56102,0.17949
81.0,-22.5,1856.81925,-2.37904
82.0,-22.5,1850.76029,-0.04418
83.0,-22.5,1856.08951,-0.13524
7.0,-21.5,1941.587,-0.07223
8.0,-21.5,1940.79664,-0.0293
9.0,-21.5,1943.69731,0.00475
10.0,-21.5,1939.15117,0.06374
11.0,-21.5,1936.06201,0.04501
12.0,-21.5,1932.36867,0.00311
13.0,-21.5,1930.81815,0.01632
14.0,-21.5,1921.96851,0.03483
15.0,-21.5,1921.47541,0.01453
16.0,-21.5,1925.46013,0.03398
17.0,-21.5,1928.30918,0.03614
18.0,-21.5,1928.15828,0.01315
19.0,-21.5,1924.58616,-0.04581
20.0,-21.5,1932.68489,-0.03181
21.0,-21.5,1927.85683,-0.08627
22.0,-21.5,1926.8744,0.00262
23.0,-21.5,1926.01524,0.03394
24.0,-21.5,1925.19215,-0.00396
25.0,-21.5,1923.59906,0.011
26.0,-21.5,1921.48119,0.01918
27.0,-21.5,1919.01386,0.0197
28.0,-21.5,1921.92708,0.0233
29.0,-21.5,1921.73663,1e-05
30.0,-21.5,1921.43136,0.00461
31.0,-21.5,1918.48858,0.00974
32.0,-21.5,1914.66264,0.02145
33.0,-21.5,1914.91888,0.0293
34.0,-21.5,1915.72479,-0.00283
35.0,-21.5,1918.09782,0.03737
36.0,-21.5,1915.02652,-0.00631
37.0,-21.5,1913.23426,-0.11103
38.0,-21.5,1912.40095,-0.06484
39.0,-21.5,1916.87948,0.0933
40.0,-21.5,1911.93142,0.00371
41.0,-21.5,1908.15363,0.04446
42.0,-21.5,1903.74929,-0.05052
43.0,-21.5,1900.35009,0.14686
44.0,-21.5,1897.00636,-0.42709
45.0,-21.5,1911.68824,0.945
46.0,-21.5,1908.87921,0.45161
47.0,-21.5,1909.80155,0.93871
48.0,-21.5,1899.90958,1.01172
49.0,-21.5,1883.13182,-0.51591
50.0,-21.5,1894.59469,0.47059
64.0,-21.5,1878.57088,0.004
65.0,-21.5,1876.82059,0.0433
66.0,-21.5,1859.67479,-1.05465
70.0,-21.5,1883.23183,0.18207
71.0,-21.5,1868.56082,1.42594
72.0,-21.5,1871.73351,0.163
73.0,-21.5,1867.03485,-0.27383
74.0,-21.5,1865.21536,-0.01877
76.0,-21.5,1854.56874,0.39394
77.0,-21.5,1872.71804,0.22493
78.0,-21.5,1872.38354,-0.09427
79.0,-21.5,1865.29501,0.02136
80.0,-21.5,1869.10966,0.75654
81.0,-21.5,1855.40457,0.04997
82.0,-21.5,1849.94655,-0.14108
83.0,-21.5,1850.47606,-0.19311
7.0,-20.5,1943.03535,-0.02609
8.0,-20.5,1935.16006,-0.05882
9.0,-20.5,1933.86783,0.01453
10.0,-20.5,1936.35851,0.01271
11.0,-20.5,1934.35681,0.00904
12.0,-20.5,1930.94592,0.01904
13.0,-20.5,1927.7222,0.02908
14.0,-20.5,1922.57467,0.02612
15.0,-20.5,1923.96342,0.01668
16.0,-20.5,1923.09721,0.01319
17.0,-20.5,1925.10516,0.02884
18.0,-20.5,1925.25721,0.02735
19.0,-20.5,1922.9845,0.04663
20.0,-20.5,1923.78429,0.00323
21.0,-20.5,1921.37876,0.03532
22.0,-20.5,1925.41106,0.02025
23.0,-20.5,1927.78678,0.05176
24.0,-20.5,1923.85528,0.01503
25.0,-20.5,1923.25595,0.03991
26.0,-20.5,1925.0515,0.04293
27.0,-20.5,1922.51049,0.0217
28.0,-20.5,1923.26811,0.02885
29.0,-20.5,1920.85009,0.02141
30.0,-20.5,1917.07901,0.01445
31.0,-20.5,1917.98901,-0.01657
32.0,-20.5,1915.98712,0.01183
33.0,-20.5,1914.77081,0.00111
34.0,-20.5,1912.4096,0.00936
35.0,-20.5,1919.34272,0.03887
36.0,-20.5,1915.83018,0.01494
37.0,-20.5,1912.94151,-0.43547
38.0,-20.5,1913.00607,0.24638
39.0,-20.5,1907.57711,0.04522
40.0,-20.5,1907.96511,0.03801
41.0,-20.5,1909.12724,0.05026
42.0,-20.5,1901.17836,-0.01783
43.0,-20.5,1900.10244,-0.05071
44.0,-20.5,1903.87315,0.12402
45.0,-20.5,1912.79502,-0.09928
46.0,-20.5,1916.89939,0.13314
47.0,-20.5,1909.45018,-0.31853
48.0,-20.5,1880.58691,-1.50294
63.0,-20.5,1825.65927,0.07567
64.0,-20.5,1883.46293,0.0131
65.0,-20.5,1879.32916,1.33164
66.0,-20.5,1835.10553,0.21686
73.0,-20.5,1841.21501,-0.52601
74.0,-20.5,1859.27346,-0.11931
75.0,-20.5,1858.33696,-0.26091
76.0,-20.5,1868.12738,0.17469
77.0,-20.5,1869.03192,0.21648
78.0,-20.5,1861.06783,-0.02982
79.0,-20.5,1860.36415,-0.15708
80.0,-20.5,1856.57732,0.20571
81.0,-20.5,1858.27705,0.11224
82.0,-20.5,1848.86707,0.28828
83.0,-20.5,1853.88179,0.05022
7.0,-19.5,1933.85776,-0.00658
8.0,-19.5,1938.40878,-0.00466
9.0,-19.5,1934.33346,0.01326
10.0,-19.5,1932.85925,0.03988
11.0,-19.5,1933.43812,0.02084
12.0,-19.5,1928.5973,0.01894
13.0,-19.5,1926.82092,0.03044
14.0,-19.5,1925.67757,0.0163
15.0,-19.5,1928.30866,0.01567
16.0,-19.5,1925.77909,0.01785
17.0,-19.5,1921.62075,0.02785
18.0,-19.5,1920.97406,0.01773
19.0,-19.5,1919.78724,0.03113
20.0,-19.5,1921.19155,0.0343
21.0,-19.5,1923.00212,0.03536
22.0,-19.5,1927.64855,0.03909
23.0,-19.5,1927.16491,-0.00094
24.0,-19.5,1932.85553,-0.01064
25.0,-19.5,1923.47126,0.00818
26.0,-19.5,1920.67406,0.03097
27.0,-19.5,1921.32188,0.00609
28.0,-19.5,1920.94952,0.00485
29.0,-19.5,1922.23142,0.00739
30.0,-19.5,1922.32909,0.01825
31.0,-19.5,1921.44113,0.02146
32.0,-19.5,1918.26289,0.0088
33.0,-19.5,1913.34452,-0.0079
34.0,-19.5,1920.50399,-0.08885
35.0,-19.5,1918.57851,-0.00055
36.0,-19.5,1920.47041,0.05535
37.0,-19.5,1908.91977,0.04665
38.0,-19.5,1906.1076,0.01639
39.0,-19.5,1902.4228,0.07805
40.0,-19.5,1907.21113,0.14759
41.0,-19.5,1909.00202,-0.06657
42.0,-19.5,1900.70016,0.14125
43.0,-19.5,1904.60053,-0.13585
44.0,-19.5,1905.90921,0.06447
45.0,-19.5,1898.7346,-0.08109
46.0,-19.5,1904.84886,2.0963
47.0,-19.5,1902.08579,-1.55639
48.0,-19.5,1901.915,-3.68986
49.0,-19.5,1876.62949,-0.0
63.0,-19.5,1880.46121,-0.04967
64.0,-19.5,1879.30432,0.0851
65.0,-19.5,1877.55006,2.31607
66.0,-19.5,1845.37967,0.00748
74.0,-19.5,1865.7214,0.20209
75.0,-19.5,1869.16059,0.0099
76.0,-19.5,1852.45844,-0.04332
77.0,-19.5,1871.29221,0.02114
78.0,-19.5,1861.46551,0.02302
79.0,-19.5,1860.96374,0.06367
80.0,-19.5,1854.83525,-0.11163
81.0,-19.5,1849.56866,0.08886
82.0,-19.5,1852.86138,2.22527
83.0,-19.5,1849.1662,-0.15973
7.0,-18.5,1934.3599,0.03126
8.0,-18.5,1934.70257,-0.01413
9.0,-18.5,1932.12255,0.01936
10.0,-18.5,1931.07413,0.00333
11.0,-18.5,1935.40591,0.02216
12.0,-18.5,1932.24643,0.02307
13.0,-18.5,1928.75508,0.0298
14.0,-18.5,1923.51574,0.02412
15.0,-18.5,1921.42335,0.01708
16.0,-18.5,1917.0406,0.00722
17.0,-18.5,1915.54019,0.02129
18.0,-18.5,1913.29761,0.01269
19.0,-18.5,1915.00627,0.02164
20.0,-18.5,1914.82898,0.02438
21.0,-18.5,1914.88559,0.03747
22.0,-18.5,1920.11868,0.03605
23.0,-18.5,1921.78452,0.03331
24.0,-18.5,1919.34739,0.00784
25.0,-18.5,1918.54478,0.00146
26.0,-18.5,1915.57318,0.0112
27.0,-18.5,1916.20852,0.00534
28.0,-18.5,1914.25982,0.00517
29.0,-18.5,1921.58586,0.01529
30.0,-18.5,1924.57763,-0.01736
31.0,-18.5,1922.21024,0.01658
32.0,-18.5,1917.39568,0.01295
33.0,-18.5,1913.85267,0.03291
34.0,-18.5,1914.91676,0.00146
35.0,-18.5,1921.79432,0.0151
36.0,-18.5,1917.41135,0.07839
37.0,-18.5,1909.54333,0.02921
38.0,-18.5,1908.02882,0.00413
39.0,-18.5,1913.00351,0.04708
40.0,-18.5,1912.61198,-0.50346
41.0,-18.5,1915.01652,-0.04515
42.0,-18.5,1908.06359,-0.18243
43.0,-18.5,1909.80293,-0.05349
44.0,-18.5,1900.02688,-0.85428
45.0,-18.5,1892.69614,-0.51708
46.0,-18.5,1899.13268,0.06354
47.0,-18.5,1899.04425,-0.96372
48.0,-18.5,1884.56561,-1.88057
49.0,-18.5,1882.56708,-0.18168
50.0,-18.5,1880.26067,0.0
63.0,-18.5,1863.77489,0.10901
64.0,-18.5,1874.49491,0.01728
65.0,-18.5,1868.63179,0.0234
66.0,-18.5,1784.11281,-535.93358
67.0,-18.5,1833.37157,-492.28509
74.0,-18.5,1855.0598,-0.11699
75.0,-18.5,1876.68952,0.03259
76.0,-18.5,1855.41754,-0.09152
77.0,-18.5,1877.5882,-0.18675
78.0,-18.5,1867.60665,-0.12871
79.0,-18.5,1863.63798,0.10711
80.0,-18.5,1862.75227,0.22386
81.0,-18.5,1848.08442,-0.02786
82.0,-18.5,1850.9392,0.03486
83.0,-18.5,1846.11969,0.0
7.0,-17.5,1932.25822,-0.72131
8.0,-17.5,1932.82506,0.03057
9.0,-17.5,1934.98619,0.01292
10.0,-17.5,1935.78359,0.00312
11.0,-17.5,1935.55477,0.02876
12.0,-17.5,1932.12095,0.02183
13.0,-17.5,1930.18947,0.02659
14.0,-17.5,1921.73452,0.02871
15.0,-17.5,1921.38531,0.0193
16.0,-17.5,1912.5551,-0.01674
17.0,-17.5,1908.76645,-0.03809
18.0,-17.5,1906.8623,0.0025
19.0,-17.5,1907.03544,0.00557
20.0,-17.5,1911.8851,0.03365
21.0,-17.5,1914.05028,0.02516
22.0,-17.5,1915.14904,0.03704
23.0,-17.5,1914.78442,0.03475
24.0,-17.5,1921.32361,0.02148
25.0,-17.5,1920.45055,0.00622
26.0,-17.5,1919.79211,-0.00805
27.0,-17.5,1917.3536,0.00974
28.0,-17.5,1904.14586,-0.00048
29.0,-17.5,1914.54052,0.01293
30.0,-17.5,1921.33161,0.02157
31.0,-17.5,1925.81209,0.03983
32.0,-17.5,1919.70446,0.02159
33.0,-17.5,1912.4624,0.00963
34.0,-17.5,1915.70968,0.13483
35.0,-17.5,1920.10505,0.02871
36.0,-17.5,1917.99596,0.00677
37.0,-17.5,1912.11336,0.05277
38.0,-17.5,1912.46643,0.01345
39.0,-17.5,1915.46778,-0.01611
40.0,-17.5,1905.45879,-0.37975
41.0,-17.5,1903.33784,-0.22901
42.0,-17.5,1907.27499,0.33416
43.0,-17.5,1901.20559,-0.38966
44.0,-17.5,1891.02386,0.49891
45.0,-17.5,1900.8569,-0.70965
46.0,-17.5,1905.76944,1.28304
47.0,-17.5,1909.36797,16.84488
48.0,-17.5,1905.84094,-0.0
49.0,-17.5,1885.73441,0.08926
50.0,-17.5,1873.45765,-4.16513
63.0,-17.5,1847.65088,1.93797
64.0,-17.5,1857.53623,0.02111
65.0,-17.5,1866.62209,0.17582
66.0,-17.5,1858.76945,-1.93495
67.0,-17.5,1844.69161,-80.94098
75.0,-17.5,1869.24004,-0.07838
76.0,-17.5,1885.32177,-0.21425
77.0,-17.5,1840.11395,-0.10822
78.0,-17.5,1870.77133,0.16529
79.0,-17.5,1867.50051,0.06129
80.0,-17.5,1862.52238,-0.10431
81.0,-17.5,1851.503,-0.11695
82.0,-17.5,1851.24649,-0.13879
7.0,-16.5,1922.26608,-0.20275
8.0,-16.5,1937.54928,-0.03538
9.0,-16.5,1941.24065,0.03002
10.0,-16.5,1937.36113,0.01853
11.0,-16.5,1920.91425,0.1492
12.0,-16.5,1913.99637,0.06418
13.0,-16.5,1921.00246,0.06417
14.0,-16.5,1931.1566,0.05527
15.0,-16.5,1940.08966,0.0268
16.0,-16.5,1930.74968,0.033
17.0,-16.5,1925.36585,0.0276
18.0,-16.5,1916.76825,0.01739
19.0,-16.5,1926.09994,0.02377
20.0,-16.5,1917.63025,0.04614
21.0,-16.5,1942.58697,0.02427
22.0,-16.5,1945.5814,0.01193
23.0,-16.5,1925.15248,0.03038
24.0,-16.5,1915.71325,0.01246
25.0,-16.5,1917.7119,0.00622
26.0,-16.5,1918.8578,-0.00522
27.0,-16.5,1914.77461,0.00366
28.0,-16.5,1899.78882,0.00944
29.0,-16.5,1916.07569,-0.02104
30.0,-16.5,1920.13128,0.00973
31.0,-16.5,1917.3104,0.03435
32.0,-16.5,1916.14764,-0.08365
33.0,-16.5,1915.29688,-0.09655
34.0,-16.5,1917.44555,-0.02341
35.0,-16.5,1916.66857,0.01897
36.0,-16.5,1915.19552,0.10771
37.0,-16.5,1910.06598,0.18416
38.0,-16.5,1913.88996,-0.01818
39.0,-16.5,1916.92751,0.0388
40.0,-16.5,1911.91002,-0.32998
41.0,-16.5,1904.41862,-0.04471
42.0,-16.5,1905.45631,-0.11631
43.0,-16.5,1901.47659,0.17226
44.0,-16.5,1889.18397,1.57111
45.0,-16.5,1904.92991,-1.73188
46.0,-16.5,1901.47679,-0.58011
47.0,-16.5,1903.89703,-1.71296
48.0,-16.5,1871.65188,3.71517
49.0,-16.5,1865.24509,-3.58515
50.0,-16.5,1883.00788,10.0
64.0,-16.5,1854.79912,-0.66379
65.0,-16.5,1864.66025,0.011
66.0,-16.5,1866.37297,0.02103
67.0,-16.5,1870.33528,0.25298
75.0,-16.5,1863.30877,-0.54297
78.0,-16.5,1830.19807,-0.6245
79.0,-16.5,1882.01687,0.04659
80.0,-16.5,1866.10475,0.64913
81.0,-16.5,1857.05775,-5.81695
82.0,-16.5,1864.27788,0.36303
7.0,-15.5,1926.19282,-0.10093
8.0,-15.5,1926.7052,-0.06795
9.0,-15.5,1930.95498,-0.03431
10.0,-15.5,1931.53137,0.04209
11.0,-15.5,1915.26685,0.15346
12.0,-15.5,1916.94072,0.05591
13.0,-15.5,1928.42593,0.06018
14.0,-15.5,1940.80351,0.0366
15.0,-15.5,1937.21136,0.02084
16.0,-15.5,1938.97933,0.02406
17.0,-15.5,1939.17215,0.01734
18.0,-15.5,1942.52351,0.01985
19.0,-15.5,1946.10885,0.02445
20.0,-15.5,1947.70526,0.02451
21.0,-15.5,1943.46612,0.01901
22.0,-15.5,1940.08496,0.01357
23.0,-15.5,1945.64214,0.0078
24.0,-15.5,1940.31173,0.0026
25.0,-15.5,1911.65907,0.00058
26.0,-15.5,1912.09067,0.01701
27.0,-15.5,1911.21858,0.01116
28.0,-15.5,1905.17927,0.00846
29.0,-15.5,1918.89332,0.01915
30.0,-15.5,1920.00637,0.10314
31.0,-15.5,1916.73725,0.04437
32.0,-15.5,1916.90753,0.01163
33.0,-15.5,1914.80163,0.01743
34.0,-15.5,1911.81752,0.03821
35.0,-15.5,1914.60494,9e-05
36.0,-15.5,1914.76233,-6e-05
37.0,-15.5,1912.26022,-0.01876
38.0,-15.5,1908.86275,0.00632
39.0,-15.5,1906.37782,0.02373
40.0,-15.5,1910.29646,0.0716
41.0,-15.5,1906.48301,0.15379
42.0,-15.5,1908.35524,0.24558
43.0,-15.5,1891.94031,0.23548
44.0,-15.5,1895.03838,-0.14328
45.0,-15.5,1902.01592,0.74812
46.0,-15.5,1896.62766,-0.56664
47.0,-15.5,1888.70738,-1.18443
48.0,-15.5,1905.51567,-2.14781
49.0,-15.5,1863.67518,-5.33333
64.0,-15.5,1870.81882,-0.13222
65.0,-15.5,1878.77315,0.72875
66.0,-15.5,1870.97603,0.00513
67.0,-15.5,1845.07246,-0.18975
80.0,-15.5,1849.70724,0.04646
81.0,-15.5,1863.42359,-2.56004
82.0,-15.5,1854.55659,0.02772
7.0,-14.5,1923.38216,-0.21758
8.0,-14.5,1931.91001,-0.32035
9.0,-14.5,1936.82346,-0.123
10.0,-14.5,1925.51226,-0.03485
11.0,-14.5,1920.52362,0.01223
12.0,-14.5,1921.26499,0.03065
13.0,-14.5,1928.45905,0.03783
14.0,-14.5,1934.5583,0.03283
15.0,-14.5,1935.76931,0.02102
16.0,-14.5,1937.34871,0.03118
17.0,-14.5,1938.86482,0.02889
18.0,-14.5,1941.59793,0.01444
19.0,-14.5,1942.05492,0.02796
20.0,-14.5,1941.11508,0.01893
21.0,-14.5,1942.11524,0.00892
22.0,-14.5,1937.80678,0.0133
23.0,-14.5,1936.99106,0.01511
24.0,-14.5,1940.30532,0.01261
25.0,-14.5,1941.89372,0.01179
26.0,-14.5,1931.19183,0.01713
27.0,-14.5,1910.56243,0.01003
28.0,-14.5,1914.56849,0.01052
29.0,-14.5,1919.80014,-0.02093
30.0,-14.5,1912.70187,0.0174
31.0,-14.5,1915.5628,-0.00786
32.0,-14.5,1909.09113,0.02603
33.0,-14.5,1913.6172,-0.15531
34.0,-14.5,1915.22675,-0.04039
35.0,-14.5,1917.28009,0.00749
36.0,-14.5,1914.10428,-0.00919
37.0,-14.5,1910.06729,0.00278
38.0,-14.5,1910.65472,3e-05
39.0,-14.5,1909.42945,-0.03042
40.0,-14.5,1908.39274,-0.05143
41.0,-14.5,1904.07209,-0.11141
42.0,-14.5,1902.1468,-0.48985
43.0,-14.5,1902.28968,0.08166
44.0,-14.5,1901.27456,-0.04958
45.0,-14.5,1901.50623,0.1358
46.0,-14.5,1902.18705,0.01888
47.0,-14.5,1885.33174,0.18525
48.0,-14.5,1891.53871,-0.52124
49.0,-14.5,1897.94859,0.75325
64.0,-14.5,1842.34724,-0.04937
65.0,-14.5,1867.78784,0.01024
66.0,-14.5,1836.0171,0.13707
80.0,-14.5,1875.66968,4.93746
81.0,-14.5,1866.87625,-0.09052
82.0,-14.5,1848.43708,-0.27918
7.0,-13.5,1902.06439,-0.93995
8.0,-13.5,1912.06162,-0.94366
9.0,-13.5,1918.23572,-0.0271
10.0,-13.5,1921.91062,-0.01679
11.0,-13.5,1924.27907,0.0314
12.0,-13.5,1926.01426,0.03178
13.0,-13.5,1925.95596,0.03683
14.0,-13.5,1928.58403,0.03349
15.0,-13.5,1930.00863,0.01826
16.0,-13.5,1934.81344,0.01934
17.0,-13.5,1936.67398,0.02234
18.0,-13.5,1937.87201,0.02601
19.0,-13.5,1940.97769,0.02708
20.0,-13.5,1936.53583,0.03646
21.0,-13.5,1938.15269,0.02239
22.0,-13.5,1936.604,0.01809
23.0,-13.5,1935.17498,0.01776
24.0,-13.5,1936.33211,0.01432
25.0,-13.5,1938.66546,0.00984
26.0,-13.5,1939.63868,0.00556
27.0,-13.5,1928.90582,0.01659
28.0,-13.5,1915.93456,0.01646
29.0,-13.5,1910.31973,0.01735
30.0,-13.5,1916.22907,0.02286
31.0,-13.5,1912.5561,-0.00893
32.0,-13.5,1908.27747,-0.01719
33.0,-13.5,1912.13687,-0.27313
34.0,-13.5,1917.21961,0.00739
35.0,-13.5,1917.02281,0.01751
36.0,-13.5,1910.94425,0.01602
37.0,-13.5,1909.41952,-0.00631
38.0,-13.5,1907.69458,-0.02994
39.0,-13.5,1903.43125,-0.02353
40.0,-13.5,1910.00283,-0.01526
41.0,-13.5,1908.78772,-0.06165
42.0,-13.5,1902.51304,-0.04242
43.0,-13.5,1908.06248,0.0438
44.0,-13.5,1897.08137,-0.0088
45.0,-13.5,1896.26666,0.06847
46.0,-13.5,1888.34376,0.25027
47.0,-13.5,1896.58491,-2.23674
48.0,-13.5,1884.10557,-1.26299
49.0,-13.5,1893.61931,1.14286
50.0,-13.5,1880.97704,0.0
65.0,-13.5,1809.35277,0.09723
66.0,-13.5,1782.42763,0.10498
80.0,-13.5,1878.34533,-1.07098
81.0,-13.5,1864.15084,-0.12134
82.0,-13.5,1851.43633,-13.2709
7.0,-12.5,1922.34338,-0.604
8.0,-12.5,1907.59817,-0.03803
9.0,-12.5,1915.8469,0.08635
10.0,-12.5,1920.04595,0.04477
11.0,-12.5,1924.10442,0.04033
12.0,-12.5,1921.92131,0.04548
13.0,-12.5,1922.96851,0.02691
14.0,-12.5,1926.3034,0.03342
15.0,-12.5,1935.33823,0.01818
16.0,-12.5,1936.49913,0.01872
17.0,-12.5,1933.89737,0.02025
18.0,-12.5,1932.46451,0.02469
19.0,-12.5,1939.41875,0.02093
20.0,-12.5,1934.80088,0.02707
21.0,-12.5,1935.08345,0.02291
22.0,-12.5,1937.42552,0.01825
23.0,-12.5,1934.98971,0.02217
24.0,-12.5,1934.99815,0.01146
25.0,-12.5,1934.64693,0.01145
26.0,-12.5,1935.52845,0.00592
27.0,-12.5,1939.43003,-0.00027
28.0,-12.5,1933.49485,0.00208
29.0,-12.5,1917.2192,0.0258
30.0,-12.5,1917.05477,0.02835
31.0,-12.5,1912.90643,0.02399
32.0,-12.5,1908.4922,0.00882
33.0,-12.5,1914.8719,-0.01766
34.0,-12.5,1916.64194,-0.0048
35.0,-12.5,1919.58449,-0.00783
36.0,-12.5,1915.21015,-0.0078
37.0,-12.5,1909.4294,-0.00141
38.0,-12.5,1904.5287,0.01102
39.0,-12.5,1905.78431,-0.01783
40.0,-12.5,1911.37624,-0.01577
41.0,-12.5,1907.37843,-0.05199
42.0,-12.5,1900.37838,0.00731
43.0,-12.5,1907.13558,-0.00657
44.0,-12.5,1898.76312,-0.02674
45.0,-12.5,1892.15414,0.27503
46.0,-12.5,1905.94049,1.39038
47.0,-12.5,1896.18936,-6.7253
48.0,-12.5,1895.79781,-1.41701
49.0,-12.5,1881.47525,-1.19276
50.0,-12.5,1881.19589,0.0
81.0,-12.5,1855.0003,0.0124
82.0,-12.5,1850.95588,0.4521
7.0,-11.5,1912.35581,-0.17542
8.0,-11.5,1915.44455,0.04497
9.0,-11.5,1911.44413,-0.02064
10.0,-11.5,1916.79031,0.00259
11.0,-11.5,1923.2625,0.0418
12.0,-11.5,1918.04657,0.05293
13.0,-11.5,1923.3071,0.03957
14.0,-11.5,1926.72649,0.02227
15.0,-11.5,1932.52361,0.01787
16.0,-11.5,1933.0049,0.01889
17.0,-11.5,1934.60154,0.01103
18.0,-11.5,1932.23299,0.01599
19.0,-11.5,1936.31492,0.02215
20.0,-11.5,1943.39264,-0.00724
21.0,-11.5,1933.29725,0.0212
22.0,-11.5,1939.13889,0.0088
23.0,-11.5,1938.00727,0.02031
24.0,-11.5,1934.11558,0.016
25.0,-11.5,1932.87024,0.00773
26.0,-11.5,1929.92059,0.00788
27.0,-11.5,1931.78094,0.00172
28.0,-11.5,1932.5818,-0.00067
29.0,-11.5,1914.02601,0.00925
30.0,-11.5,1910.27943,0.02719
31.0,-11.5,1906.27671,0.02658
32.0,-11.5,1906.32735,0.04188
33.0,-11.5,1912.00933,-0.01001
34.0,-11.5,1915.7352,-0.02345
35.0,-11.5,1917.218,-0.0175
36.0,-11.5,1913.24804,0.01414
37.0,-11.5,1908.59746,0.01312
38.0,-11.5,1904.38872,0.01314
39.0,-11.5,1902.95302,-0.00172
40.0,-11.5,1903.7662,0.00266
41.0,-11.5,1900.97929,0.02726
42.0,-11.5,1900.81228,-0.0012
43.0,-11.5,1903.07539,0.00522
44.0,-11.5,1896.91219,-0.01677
45.0,-11.5,1893.33412,-0.0731
46.0,-11.5,1892.90337,-0.32644
47.0,-11.5,1884.42393,0.21967
48.0,-11.5,1884.53003,0.27252
49.0,-11.5,1888.77283,0.02511
81.0,-11.5,1858.1234,-1.7334
82.0,-11.5,1849.66409,-2.86081
7.0,-10.5,1917.54456,-0.17031
8.0,-10.5,1908.91737,0.02693
9.0,-10.5,1914.89419,0.02374
10.0,-10.5,1915.833,0.04081
11.0,-10.5,1923.85173,0.06662
12.0,-10.5,1924.04494,0.05702
13.0,-10.5,1924.42186,0.04276
14.0,-10.5,1926.12887,0.0374
15.0,-10.5,1928.49679,0.01348
16.0,-10.5,1930.76109,0.01811
17.0,-10.5,1930.76147,0.01607
18.0,-10.5,1936.59836,0.02022
19.0,-10.5,1939.61136,-0.00705
20.0,-10.5,1942.50012,-0.00603
21.0,-10.5,1939.74319,0.01249
22.0,-10.5,1937.89917,0.00685
23.0,-10.5,1935.05575,0.01408
24.0,-10.5,1933.94438,0.01183
25.0,-10.5,1932.34224,0.00792
26.0,-10.5,1930.53657,0.00901
27.0,-10.5,1926.39899,0.00535
28.0,-10.5,1929.4325,0.00216
29.0,-10.5,1917.17501,-0.01824
30.0,-10.5,1902.45944,-0.00963
31.0,-10.5,1898.20861,0.01233
32.0,-10.5,1904.33514,0.022
33.0,-10.5,1908.92789,0.0084
34.0,-10.5,1916.11696,-0.00013
35.0,-10.5,1915.37337,-0.01669
36.0,-10.5,1912.26443,0.01215
37.0,-10.5,1907.66541,0.00092
38.0,-10.5,1905.27942,-0.0014
39.0,-10.5,1903.63289,0.01168
40.0,-10.5,1903.49196,0.04834
41.0,-10.5,1900.08825,0.01932
42.0,-10.5,1895.71985,-0.00477
43.0,-10.5,1899.32292,0.04981
44.0,-10.5,1901.31774,-0.01468
45.0,-10.5,1896.4333,-0.17695
46.0,-10.5,1896.81093,0.23096
47.0,-10.5,1886.05332,0.29086
48.0,-10.5,1882.31578,1.1011
49.0,-10.5,1888.22028,1.02131
50.0,-10.5,1887.51,2.17664
52.0,-10.5,1865.87155,-0.02168
53.0,-10.5,1846.85681,26.67651
54.0,-10.5,1856.37509,4.45585
81.0,-10.5,1868.35233,-18.25331
82.0,-10.5,1846.85619,-1.61291
7.0,-89.5,1899.51561,0.55229
8.0,-89.5,1927.75627,0.01689
9.0,-89.5,1926.00212,0.02158
10.0,-89.5,1926.04588,-0.00172
11.0,-89.5,1924.56064,0.01908
12.0,-89.5,1918.91916,0.17642
13.0,-89.5,1917.20959,0.00045
14.0,-89.5,1915.9937,0.01158
15.0,-89.5,1902.70969,0.02458
16.0,-89.5,1904.24507,0.08097
17.0,-89.5,1901.74227,0.14382
18.0,-89.5,1892.83339,0.13438
19.0,-89.5,1900.14096,0.02094
20.0,-89.5,1902.98066,0.00263
21.0,-89.5,1906.2057,0.00291
22.0,-89.5,1921.04444,0.01745
23.0,-89.5,1916.71113,0.0304
24.0,-89.5,1916.79265,0.00514
25.0,-89.5,1918.27533,-0.01124
26.0,-89.5,1919.27026,0.017
27.0,-89.5,1922.56712,0.03731
28.0,-89.5,1924.98393,-0.0341
29.0,-89.5,1912.91203,0.12812
30.0,-89.5,1907.33286,0.00825
31.0,-89.5,1912.9338,0.00616
32.0,-89.5,1913.6829,0.0024
33.0,-89.5,1912.79418,0.00442
34.0,-89.5,1914.6973,-0.00396
35.0,-89.5,1916.47308,-0.0181
36.0,-89.5,1919.79439,-0.02368
37.0,-89.5,1918.15805,-0.03216
38.0,-89.5,1914.00166,-0.02346
39.0,-89.5,1918.19295,-0.01345
40.0,-89.5,1917.9814,-0.00883
41.0,-89.5,1913.48209,-0.00651
42.0,-89.5,1915.26437,-0.00361
43.0,-89.5,1908.11797,-0.00041
44.0,-89.5,1904.53431,0.01047
45.0,-89.5,1894.92904,0.0025
46.0,-89.5,1880.01327,0.0029
47.0,-89.5,1891.1824,0.02919
48.0,-89.5,1880.66542,0.01833
49.0,-89.5,1874.80364,0.00957
50.0,-89.5,1877.02685,0.04604
51.0,-89.5,1882.82744,0.04276
52.0,-89.5,1879.43957,0.02849
53.0,-89.5,1878.07854,0.03217
54.0,-89.5,1881.0376,0.02534
55.0,-89.5,1887.88565,0.03167
56.0,-89.5,1889.33029,0.03681
57.0,-89.5,1888.7449,0.49623
64.0,-89.5,1888.95786,-0.01716
65.0,-89.5,1889.16337,0.04532
66.0,-89.5,1881.93982,0.03468
67.0,-89.5,1888.45311,0.04981
68.0,-89.5,1888.0853,0.03304
69.0,-89.5,1885.59509,-0.08993
70.0,-89.5,1874.55075,-0.49231
71.0,-89.5,1878.99744,0.05585
72.0,-89.5,1890.25717,0.06545
73.0,-89.5,1884.31933,0.06054
74.0,-89.5,1862.38852,-1.67822
75.0,-89.5,1877.48611,0.0496
76.0,-89.5,1853.52886,-0.60254
77.0,-89.5,1869.22606,0.42659
78.0,-89.5,1858.79999,0.53955
79.0,-89.5,1847.10836,-0.29308
80.0,-89.5,1854.61158,-0.05469
81.0,-89.5,1848.04083,-1.2719
82.0,-89.5,1848.66056,-0.73995
7.0,-88.5,1924.45177,0.05054
8.0,-88.5,1927.71432,-0.06118
9.0,-88.5,1919.55589,-0.15286
10.0,-88.5,1920.75673,-0.01306
11.0,-88.5,1921.09835,0.00304
12.0,-88.5,1920.63461,0.01943
13.0,-88.5,1916.21063,-0.01456
14.0,-88.5,1916.30761,0.02324
15.0,-88.5,1915.71665,0.0368
16.0,-88.5,1890.85988,0.01257
17.0,-88.5,1886.39983,0.10819
18.0,-88.5,1885.89024,0.04288
19.0,-88.5,1886.2685,0.01803
20.0,-88.5,1896.30406,-0.02061
21.0,-88.5,1900.99496,-0.00927
22.0,-88.5,1919.509,0.01489
23.0,-88.5,1917.01376,0.02053
24.0,-88.5,1921.86205,0.03421
25.0,-88.5,1920.73197,-0.10832
26.0,-88.5,1918.89564,0.00375
27.0,-88.5,1923.50867,0.04921
28.0,-88.5,1925.14419,-0.01724
29.0,-88.5,1925.87904,-0.01029
30.0,-88.5,1927.11215,0.31179
31.0,-88.5,1913.61066,0.00515
32.0,-88.5,1911.68156,0.0006
33.0,-88.5,1914.81108,-0.00116
34.0,-88.5,1917.18741,-0.01164
35.0,-88.5,1913.06537,-0.01153
36.0,-88.5,1914.41808,-0.01982
37.0,-88.5,1908.86885,-0.02933
38.0,-88.5,1917.20495,-0.02863
39.0,-88.5,1917.88023,-0.01164
40.0,-88.5,1918.87054,-0.0242
41.0,-88.5,1916.56709,-0.01522
42.0,-88.5,1911.67885,0.00238
43.0,-88.5,1908.00487,0.00089
44.0,-88.5,1906.22927,0.00791
45.0,-88.5,1896.12059,0.0041
46.0,-88.5,1883.96328,0.00884
47.0,-88.5,1877.96298,-0.41518
48.0,-88.5,1881.40093,-0.09501
49.0,-88.5,1870.52484,0.05416
50.0,-88.5,1875.83809,0.03011
51.0,-88.5,1878.45078,0.03199
52.0,-88.5,1877.93979,0.02783
53.0,-88.5,1882.14388,0.02456
54.0,-88.5,1885.40335,0.03195
55.0,-88.5,1888.79265,0.02634
56.0,-88.5,1892.4056,0.02982
57.0,-88.5,1882.56083,0.12351
64.0,-88.5,1890.2331,-0.02952
65.0,-88.5,1886.96045,0.03447
66.0,-88.5,1883.00562,0.06128
67.0,-88.5,1886.90202,0.07081
68.0,-88.5,1883.62496,0.02568
69.0,-88.5,1883.04641,0.44227
70.0,-88.5,1882.86684,2.64162
71.0,-88.5,1883.81825,0.06311
72.0,-88.5,1897.68492,0.04649
73.0,-88.5,1892.14237,0.02845
74.0,-88.5,1857.86644,0.06589
75.0,-88.5,1879.31972,0.01829
76.0,-88.5,1854.87364,-5.57834
77.0,-88.5,1873.03246,0.05002
78.0,-88.5,1855.09952,0.06905
79.0,-88.5,1846.21618,-0.46787
80.0,-88.5,1857.08728,-0.05035
81.0,-88.5,1851.48694,0.18227
82.0,-88.5,1853.78392,0.28157
7.0,-87.5,1913.78877,0.01343
8.0,-87.5,1914.65032,0.77995
9.0,-87.5,1919.03051,0.50884
10.0,-87.5,1920.37612,-0.03779
11.0,-87.5,1921.87423,0.01962
12.0,-87.5,1915.47773,0.00353
13.0,-87.5,1906.72194,-0.06292
14.0,-87.5,1914.87769,0.01532
15.0,-87.5,1910.64231,-0.08444
16.0,-87.5,1905.37952,0.00712
17.0,-87.5,1903.82841,-0.01264
18.0,-87.5,1886.72251,-0.00842
19.0,-87.5,1886.22666,0.02921
20.0,-87.5,1880.81267,0.01698
21.0,-87.5,1890.30857,-0.06492
22.0,-87.5,1914.09987,0.00712
23.0,-87.5,1915.31846,-0.01026
24.0,-87.5,1915.51743,0.02937
25.0,-87.5,1916.93329,-0.00175
26.0,-87.5,1917.74307,0.32422
27.0,-87.5,1926.30433,0.09624
28.0,-87.5,1925.50264,0.01919
29.0,-87.5,1922.21804,0.0253
30.0,-87.5,1922.98093,-0.02214
31.0,-87.5,1917.25212,-0.00609
32.0,-87.5,1914.02493,-0.00117
33.0,-87.5,1915.96019,0.01017
34.0,-87.5,1914.35179,-0.00043
35.0,-87.5,1916.70371,-0.01567
36.0,-87.5,1909.44145,-0.02308
37.0,-87.5,1915.18163,-0.01246
38.0,-87.5,1922.39205,-0.02513
39.0,-87.5,1918.717,-0.01568
40.0,-87.5,1914.83923,-0.04371
41.0,-87.5,1916.78991,-0.01539
42.0,-87.5,1897.68001,0.06704
43.0,-87.5,1889.30429,0.07614
44.0,-87.5,1897.37322,0.01986
45.0,-87.5,1881.22432,0.06575
46.0,-87.5,1886.93196,0.01524
47.0,-87.5,1877.86131,0.08212
48.0,-87.5,1872.755,0.566
49.0,-87.5,1876.60412,0.01206
50.0,-87.5,1879.60824,0.0257
51.0,-87.5,1879.75909,0.02793
52.0,-87.5,1877.17795,0.02069
53.0,-87.5,1882.59118,0.03016
54.0,-87.5,1888.51249,0.03105
55.0,-87.5,1888.5639,0.04435
56.0,-87.5,1886.81347,0.08918
57.0,-87.5,1837.04251,1.09298
63.0,-87.5,1851.66622,-0.06421
64.0,-87.5,1878.82862,-0.02191
65.0,-87.5,1887.62059,0.03476
66.0,-87.5,1882.28612,0.06953
67.0,-87.5,1885.54262,0.01771
68.0,-87.5,1886.61638,-3.79023
69.0,-87.5,1886.15278,1.51233
70.0,-87.5,1882.84919,0.14967
71.0,-87.5,1883.37162,0.05969
72.0,-87.5,1893.98521,0.04984
73.0,-87.5,1895.74953,0.03876
74.0,-87.5,1877.34833,9.72606
75.0,-87.5,1882.93068,-0.07766
76.0,-87.5,1865.48392,-0.30391
77.0,-87.5,1868.06009,0.04723
78.0,-87.5,1863.91644,0.07013
79.0,-87.5,1853.22163,-0.50081
80.0,-87.5,1858.29985,-0.0903
81.0,-87.5,1858.62613,0.00593
82.0,-87.5,1853.93037,13.65046
7.0,-86.5,1899.12876,-0.46896
8.0,-86.5,1912.69369,-0.31742
9.0,-86.5,1914.98066,0.27487
10.0,-86.5,1915.75907,0.00053
11.0,-86.5,1917.58142,0.0657
12.0,-86.5,1911.18605,0.04431
13.0,-86.5,1922.22251,0.00096
14.0,-86.5,1914.54245,-0.01342
15.0,-86.5,1910.09153,-0.01461
16.0,-86.5,1899.49799,-0.01093
17.0,-86.5,1907.4438,-0.03791
18.0,-86.5,1910.00132,0.01906
19.0,-86.5,1907.17616,-0.04246
20.0,-86.5,1897.39051,-0.06867
21.0,-86.5,1898.47572,-0.01249
22.0,-86.5,1913.7095,0.01743
23.0,-86.5,1914.31019,-0.01027
24.0,-86.5,1913.52007,0.03753
25.0,-86.5,1924.29922,0.01316
26.0,-86.5,1919.82134,-0.05404
27.0,-86.5,1927.58784,-0.13688
28.0,-86.5,1926.32158,4.33808
29.0,-86.5,1919.46731,-0.02481
30.0,-86.5,1921.06708,-0.06711
31.0,-86.5,1918.94173,0.01543
32.0,-86.5,1917.9357,0.0081
33.0,-86.5,1917.31439,-0.01096
34.0,-86.5,1917.47347,-0.01193
35.0,-86.5,1919.09632,-0.0201
36.0,-86.5,1916.83128,-0.01675
37.0,-86.5,1914.86772,-0.01212
38.0,-86.5,1911.81458,-0.00732
39.0,-86.5,1906.44881,-0.028
40.0,-86.5,1914.09015,-0.03217
41.0,-86.5,1915.76211,-0.01753
42.0,-86.5,1901.00035,0.00718
43.0,-86.5,1896.63114,0.03478
44.0,-86.5,1895.68195,0.0676
45.0,-86.5,1894.86768,0.14386
46.0,-86.5,1883.21844,0.07062
47.0,-86.5,1884.94,0.02201
48.0,-86.5,1878.38543,0.17864
49.0,-86.5,1880.51472,0.04188
50.0,-86.5,1877.75967,0.02971
51.0,-86.5,1881.4329,0.0227
52.0,-86.5,1887.39936,0.03178
53.0,-86.5,1890.65586,0.02954
54.0,-86.5,1891.66224,0.03072
55.0,-86.5,1888.65179,0.04504
56.0,-86.5,1890.92426,0.01676
63.0,-86.5,1827.31531,-0.75081
64.0,-86.5,1886.7045,0.04005
65.0,-86.5,1890.87225,-0.00667
66.0,-86.5,1887.05007,0.03344
67.0,-86.5,1888.36768,0.0527
68.0,-86.5,1882.73135,0.42217
69.0,-86.5,1870.39091,-0.01764
70.0,-86.5,1883.01719,-0.11235
71.0,-86.5,1881.09888,0.06139
72.0,-86.5,1883.40043,0.05375
73.0,-86.5,1876.674,-1.81651
74.0,-86.5,1872.18385,-0.35088
75.0,-86.5,1869.4184,0.42369
76.0,-86.5,1861.64708,1.14536
77.0,-86.5,1866.34982,-0.33863
78.0,-86.5,1864.05959,0.038
79.0,-86.5,1866.1079,-0.43624
80.0,-86.5,1860.26159,-0.09652
81.0,-86.5,1852.77329,0.39841
82.0,-86.5,1841.78703,-0.59789
83.0,-86.5,1841.59801,-2.73829
7.0,-85.5,1907.61871,-0.82337
8.0,-85.5,1895.88705,2.46012
9.0,-85.5,1912.28205,1.04762
10.0,-85.5,1903.94885,0.12468
11.0,-85.5,1899.84346,0.08417
12.0,-85.5,1902.66254,0.19773
13.0,-85.5,1907.61513,1.07775
14.0,-85.5,1910.04416,0.06698
15.0,-85.5,1903.59894,0.39732
16.0,-85.5,1898.7011,0.03063
17.0,-85.5,1906.04516,-0.09877
18.0,-85.5,1912.81387,0.02377
19.0,-85.5,1901.72218,0.00485
20.0,-85.5,1908.25958,0.25909
21.0,-85.5,1910.45226,-0.00566
22.0,-85.5,1910.12817,0.029
23.0,-85.5,1916.90599,0.02608
24.0,-85.5,1917.46164,0.15714
25.0,-85.5,1919.01706,-0.01586
26.0,-85.5,1922.11716,-0.43868
27.0,-85.5,1923.13324,0.17221
28.0,-85.5,1919.52967,-0.02995
29.0,-85.5,1923.40812,-0.06256
30.0,-85.5,1922.46879,-0.00254
31.0,-85.5,1924.91392,0.00538
32.0,-85.5,1916.51447,0.00817
33.0,-85.5,1914.44368,-0.00072
34.0,-85.5,1916.36699,-0.01141
35.0,-85.5,1916.66454,-0.00128
36.0,-85.5,1913.51868,-0.00478
37.0,-85.5,1912.60164,-0.03296
38.0,-85.5,1911.73165,-0.02237
39.0,-85.5,1910.3383,-0.02444
40.0,-85.5,1915.98583,-0.02665
41.0,-85.5,1915.11471,-0.00391
42.0,-85.5,1911.77779,0.01163
43.0,-85.5,1906.86942,0.00694
44.0,-85.5,1894.2808,0.01138
45.0,-85.5,1883.97514,0.06944
46.0,-85.5,1880.52958,0.14131
47.0,-85.5,1892.23625,0.29956
48.0,-85.5,1882.16931,0.0368
49.0,-85.5,1877.76201,0.02769
50.0,-85.5,1881.75372,0.02461
51.0,-85.5,1889.7592,0.02804
52.0,-85.5,1889.28124,0.03261
53.0,-85.5,1890.77679,0.02059
54.0,-85.5,1890.15068,0.02316
55.0,-85.5,1889.11263,0.03417
56.0,-85.5,1882.44597,0.03539
63.0,-85.5,1890.75429,-0.02883
64.0,-85.5,1888.89882,0.05511
65.0,-85.5,1885.31375,0.064
66.0,-85.5,1882.97295,0.06653
67.0,-85.5,1885.10174,0.04742
68.0,-85.5,1882.28246,0.0439
69.0,-85.5,1876.87542,0.01514
70.0,-85.5,1883.78428,0.0362
71.0,-85.5,1879.77545,0.05668
72.0,-85.5,1870.55712,0.0602
73.0,-85.5,1861.05617,0.16579
74.0,-85.5,1853.23889,0.41431
75.0,-85.5,1864.07852,0.0525
76.0,-85.5,1865.26967,-0.05114
77.0,-85.5,1859.74438,0.09924
78.0,-85.5,1859.81201,0.1139
79.0,-85.5,1864.19492,0.20243
80.0,-85.5,1863.4594,0.16865
81.0,-85.5,1850.79828,-1.20597
82.0,-85.5,1839.27388,0.01032
83.0,-85.5,1847.46982,0.20564
7.0,-84.5,1889.08939,3.49091
8.0,-84.5,1912.97852,1.15332
9.0,-84.5,1909.6187,0.02689
10.0,-84.5,1900.91616,0.12785
11.0,-84.5,1890.35375,-1.82139
12.0,-84.5,1905.54231,0.12133
13.0,-84.5,1905.81061,0.58485
14.0,-84.5,1907.30615,-0.18498
15.0,-84.5,1892.54244,0.19216
16.0,-84.5,1898.90867,-0.00092
17.0,-84.5,1911.75276,-0.06408
18.0,-84.5,1910.98586,0.00684
19.0,-84.5,1903.20402,0.05452
20.0,-84.5,1905.60738,0.13031
21.0,-84.5,1910.10512,-0.02587
22.0,-84.5,1896.95653,-0.011
23.0,-84.5,1912.43846,-0.00997
24.0,-84.5,1911.75907,-0.13168
25.0,-84.5,1913.52306,-0.07899
26.0,-84.5,1913.94384,0.23709
27.0,-84.5,1927.38107,-0.19036
28.0,-84.5,1925.85045,-0.01455
29.0,-84.5,1918.641,0.00947
30.0,-84.5,1918.10117,0.02154
31.0,-84.5,1926.56901,0.01504
32.0,-84.5,1922.34961,0.01406
33.0,-84.5,1916.96066,0.01134
34.0,-84.5,1918.46943,-0.00286
35.0,-84.5,1911.40939,-0.02715
36.0,-84.5,1913.17976,-0.00088
37.0,-84.5,1912.1433,-0.02088
38.0,-84.5,1912.67249,-0.01091
39.0,-84.5,1909.02987,-0.00624
40.0,-84.5,1916.52549,-0.01542
41.0,-84.5,1918.6834,-0.01158
42.0,-84.5,1912.40328,-0.00197
43.0,-84.5,1911.5217,0.01313
44.0,-84.5,1897.84453,0.02091
45.0,-84.5,1892.24456,0.02428
46.0,-84.5,1882.43267,0.04204
47.0,-84.5,1873.94045,0.05909
48.0,-84.5,1881.38634,0.03208
49.0,-84.5,1879.39202,0.0179
50.0,-84.5,1882.19616,0.02181
51.0,-84.5,1889.02142,0.03031
52.0,-84.5,1890.05187,0.03012
53.0,-84.5,1890.79167,0.02811
54.0,-84.5,1889.55036,0.02027
55.0,-84.5,1888.55166,0.03298
62.0,-84.5,1876.39335,-1.53747
63.0,-84.5,1883.31536,-0.314
64.0,-84.5,1886.89727,0.05563
65.0,-84.5,1886.92362,0.05782
66.0,-84.5,1879.40894,0.02185
67.0,-84.5,1885.52614,0.04107
68.0,-84.5,1886.9962,0.05529
69.0,-84.5,1882.12127,0.06364
70.0,-84.5,1881.07589,0.05882
71.0,-84.5,1880.9024,0.05822
72.0,-84.5,1878.63682,0.078
73.0,-84.5,1866.00394,0.09424
74.0,-84.5,1850.31379,0.96335
75.0,-84.5,1864.53572,-1.02685
76.0,-84.5,1860.61684,-0.00197
77.0,-84.5,1859.19998,0.00952
78.0,-84.5,1870.71186,0.04053
79.0,-84.5,1860.6163,-0.01124
80.0,-84.5,1865.83926,-0.01838
81.0,-84.5,1851.04119,-1.08436
82.0,-84.5,1842.82259,0.31999
83.0,-84.5,1849.1301,1.04969
7.0,-83.5,1905.36553,9.65232
8.0,-83.5,1900.90805,2.55171
9.0,-83.5,1860.31733,1.45459
10.0,-83.5,1888.23619,-0.09549
11.0,-83.5,1884.86686,-0.01516
12.0,-83.5,1880.28822,-0.08637
13.0,-83.5,1886.40395,-0.20126
14.0,-83.5,1888.73981,0.12064
15.0,-83.5,1871.99242,-0.17593
16.0,-83.5,1898.24901,-0.10647
17.0,-83.5,1904.29816,0.01115
18.0,-83.5,1911.91863,0.02495
19.0,-83.5,1908.30455,-0.00468
20.0,-83.5,1909.7482,1.28239
21.0,-83.5,1913.25656,-0.03296
22.0,-83.5,1906.1415,0.00391
23.0,-83.5,1910.95047,-0.00155
24.0,-83.5,1910.25935,-0.11509
25.0,-83.5,1918.50748,0.54525
26.0,-83.5,1918.98696,4.98656
27.0,-83.5,1924.44327,-0.01368
28.0,-83.5,1930.21964,0.01917
29.0,-83.5,1927.49799,-0.01957
30.0,-83.5,1922.96813,0.01227
31.0,-83.5,1927.79957,0.01176
32.0,-83.5,1925.34295,0.00334
33.0,-83.5,1918.11194,-0.00355
34.0,-83.5,1918.47579,0.00309
35.0,-83.5,1910.15897,0.00873
36.0,-83.5,1912.50691,-0.0144
37.0,-83.5,1907.8391,-0.0366
38.0,-83.5,1908.1903,0.00138
39.0,-83.5,1911.12097,0.00048
40.0,-83.5,1917.59165,-0.00805
41.0,-83.5,1917.43299,-0.01963
42.0,-83.5,1906.4327,0.01156
43.0,-83.5,1905.45791,0.02151
44.0,-83.5,1894.66752,0.03739
45.0,-83.5,1884.40198,0.03761
46.0,-83.5,1881.03738,0.02291
47.0,-83.5,1880.75385,0.04275
48.0,-83.5,1880.65072,0.02559
49.0,-83.5,1880.08393,0.02255
50.0,-83.5,1884.26765,0.0236
51.0,-83.5,1890.21855,0.02375
52.0,-83.5,1891.19549,0.02516
53.0,-83.5,1893.15537,0.02382
54.0,-83.5,1891.16852,0.02491
55.0,-83.5,1891.28177,0.01641
62.0,-83.5,1887.39032,0.0039
63.0,-83.5,1893.72461,-0.79719
64.0,-83.5,1889.48551,0.04451
65.0,-83.5,1886.85249,0.37208
66.0,-83.5,1889.0113,-0.00327
67.0,-83.5,1885.0668,0.04713
68.0,-83.5,1890.12175,0.05515
69.0,-83.5,1887.15873,0.0685
70.0,-83.5,1881.37539,0.11658
71.0,-83.5,1884.19542,0.05442
72.0,-83.5,1881.65763,0.04584
73.0,-83.5,1873.97663,0.08158
74.0,-83.5,1873.58304,-0.42064
75.0,-83.5,1860.13896,0.09746
76.0,-83.5,1858.45604,0.49393
77.0,-83.5,1860.73986,-0.37285
78.0,-83.5,1865.07425,-0.02396
79.0,-83.5,1859.25743,0.00962
80.0,-83.5,1860.27646,0.07818
81.0,-83.5,1845.66566,-0.04307
82.0,-83.5,1840.24275,-0.49515
83.0,-83.5,1833.52776,0.75574
7.0,-82.5,1929.97214,0.46384
8.0,-82.5,1891.59983,0.2149
9.0,-82.5,1873.07699,0.16701
10.0,-82.5,1886.01811,-0.7823
11.0,-82.5,1905.63529,0.29996
12.0,-82.5,1920.49504,-0.24041
13.0,-82.5,1925.22645,0.25362
14.0,-82.5,1911.23781,0.16233
15.0,-82.5,1909.55575,0.9548
16.0,-82.5,1906.15666,-0.69207
17.0,-82.5,1906.14779,-0.01375
18.0,-82.5,1912.41025,0.00798
19.0,-82.5,1907.81166,-0.02104
20.0,-82.5,1907.29323,-0.16145
21.0,-82.5,1913.62379,0.0655
22.0,-82.5,1896.54519,0.02954
23.0,-82.5,1909.47539,0.00503
24.0,-82.5,1915.51881,-0.10503
25.0,-82.5,1926.44818,0.0139
26.0,-82.5,1924.58397,0.01039
27.0,-82.5,1921.40355,0.00843
28.0,-82.5,1924.51869,0.01256
29.0,-82.5,1924.6261,0.01794
30.0,-82.5,1928.97386,0.03334
31.0,-82.5,1922.17627,0.02767
32.0,-82.5,1923.85207,0.01481
33.0,-82.5,1920.29127,0.00134
34.0,-82.5,1912.20782,0.0056
35.0,-82.5,1915.48389,-0.00842
36.0,-82.5,1911.50129,-0.01449
37.0,-82.5,1912.71327,-0.00918
38.0,-82.5,1911.55322,0.01238
39.0,-82.5,1908.46082,0.02549
40.0,-82.5,1911.60733,-0.00651
41.0,-82.5,1909.85378,-0.0106
42.0,-82.5,1896.85978,0.05283
43.0,-82.5,1900.88923,0.02862
44.0,-82.5,1894.36011,-0.02274
45.0,-82.5,1900.95372,0.07191
46.0,-82.5,1882.76327,0.09854
47.0,-82.5,1881.03831,0.03621
48.0,-82.5,1885.64258,0.02192
49.0,-82.5,1885.18775,0.02609
50.0,-82.5,1884.22741,0.03574
51.0,-82.5,1892.03728,0.03189
52.0,-82.5,1892.08568,0.03034
53.0,-82.5,1889.43832,0.01762
54.0,-82.5,1885.0317,0.0157
55.0,-82.5,1891.90713,0.00924
62.0,-82.5,1894.65901,-0.09141
63.0,-82.5,1894.32161,0.0309
64.0,-82.5,1886.90739,-0.1576
65.0,-82.5,1883.01565,0.27039
66.0,-82.5,1901.19288,12.57992
67.0,-82.5,1886.66754,-0.00645
68.0,-82.5,1885.13982,0.0565
69.0,-82.5,1882.00113,0.07001
70.0,-82.5,1882.58986,0.06439
71.0,-82.5,1883.62258,0.04989
72.0,-82.5,1885.02513,0.04704
73.0,-82.5,1863.64314,0.02798
74.0,-82.5,1869.52498,-2.02809
75.0,-82.5,1851.30166,0.15466
76.0,-82.5,1846.19239,-0.88405
77.0,-82.5,1869.70195,0.00601
78.0,-82.5,1862.97198,0.50027
79.0,-82.5,1863.33077,0.63718
80.0,-82.5,1856.12174,-0.00105
81.0,-82.5,1842.08257,0.07885
82.0,-82.5,1834.91179,-0.09609
83.0,-82.5,1842.60381,0.19369
7.0,-81.5,1905.66413,0.53801
8.0,-81.5,1885.69547,0.17872
9.0,-81.5,1879.32319,1.1615
10.0,-81.5,1908.49362,-0.07025
11.0,-81.5,1910.74325,-0.93984
12.0,-81.5,1916.47768,0.09457
13.0,-81.5,1910.64789,0.25581
14.0,-81.5,1909.89397,0.3196
15.0,-81.5,1902.52775,-0.00255
16.0,-81.5,1901.96039,0.506
17.0,-81.5,1910.03979,0.04099
18.0,-81.5,1913.68889,0.03938
19.0,-81.5,1902.51853,-0.07455
20.0,-81.5,1906.92708,-0.0964
21.0,-81.5,1917.5923,0.04132
22.0,-81.5,1897.11218,0.00585
23.0,-81.5,1902.60711,0.00817
24.0,-81.5,1910.52882,0.00193
25.0,-81.5,1905.26093,0.0159
26.0,-81.5,1918.35603,0.0083
27.0,-81.5,1929.78595,0.00517
28.0,-81.5,1930.85374,0.00965
29.0,-81.5,1924.04115,0.01495
30.0,-81.5,1918.00806,0.00855
31.0,-81.5,1913.9938,0.01164
32.0,-81.5,1918.95996,0.00224
33.0,-81.5,1921.58362,0.00132
34.0,-81.5,1916.99641,0.0022
35.0,-81.5,1912.86158,-0.00842
36.0,-81.5,1911.59769,-0.00842
37.0,-81.5,1910.26679,0.10517
38.0,-81.5,1910.82396,0.0153
39.0,-81.5,1914.53229,-0.00349
40.0,-81.5,1912.85275,-0.01144
41.0,-81.5,1909.40552,-0.01209
42.0,-81.5,1899.78488,0.05337
43.0,-81.5,1908.96196,0.04235
44.0,-81.5,1896.48891,0.04984
45.0,-81.5,1878.50387,-0.68098
46.0,-81.5,1885.30621,0.11258
47.0,-81.5,1885.89595,0.03709
48.0,-81.5,1890.54632,0.02597
49.0,-81.5,1888.92304,0.03102
50.0,-81.5,1886.8836,0.04465
51.0,-81.5,1889.93179,0.03373
52.0,-81.5,1886.53637,0.03796
53.0,-81.5,1878.8177,0.06734
54.0,-81.5,1886.46512,0.03391
55.0,-81.5,1878.40098,-300.55268
63.0,-81.5,1874.94745,0.16899
64.0,-81.5,1888.30658,0.05242
65.0,-81.5,1868.20269,-0.21501
67.0,-81.5,1887.6765,2.52211
68.0,-81.5,1878.1529,-1.15924
69.0,-81.5,1880.64811,-0.00104
70.0,-81.5,1875.8109,0.04649
71.0,-81.5,1882.32015,0.05306
72.0,-81.5,1881.1258,-2.31363
73.0,-81.5,1864.99046,0.05668
74.0,-81.5,1866.25641,0.78633
75.0,-81.5,1853.14806,0.13967
76.0,-81.5,1853.81435,0.32121
77.0,-81.5,1865.31827,-3.82992
78.0,-81.5,1850.49455,-0.6603
79.0,-81.5,1851.71558,-0.08726
80.0,-81.5,1861.00228,1.84019
81.0,-81.5,1837.03725,-0.0239
82.0,-81.5,1825.53434,-0.02059
83.0,-81.5,1848.36688,-0.28063
7.0,-80.5,1912.43569,0.11277
8.0,-80.5,1906.09171,0.25537
9.0,-80.5,1865.52925,-0.24474
10.0,-80.5,1916.40244,0.03523
11.0,-80.5,1912.28216,-0.14651
12.0,-80.5,1912.54037,-0.15643
13.0,-80.5,1918.42949,-0.03366
14.0,-80.5,1916.34578,9.22911
15.0,-80.5,1904.87769,-1.59445
16.0,-80.5,1900.28536,0.07463
17.0,-80.5,1906.11178,-0.01446
18.0,-80.5,1911.59617,0.00673
19.0,-80.5,1904.80845,-0.10078
20.0,-80.5,1904.92272,-0.05606
21.0,-80.5,1915.43121,-0.00545
22.0,-80.5,1907.54887,0.00146
23.0,-80.5,1896.3824,0.01208
24.0,-80.5,1915.73879,0.00043
25.0,-80.5,1906.01778,-0.01794
26.0,-80.5,1921.66889,0.01868
27.0,-80.5,1915.49258,0.01518
28.0,-80.5,1916.85252,-0.03752
29.0,-80.5,1916.86728,0.33787
30.0,-80.5,1924.53905,-0.01135
31.0,-80.5,1924.31485,-0.04239
32.0,-80.5,1916.99436,-0.005
33.0,-80.5,1916.24026,0.01575
34.0,-80.5,1920.4625,0.01078
35.0,-80.5,1916.27423,0.00825
36.0,-80.5,1914.77719,0.00398
37.0,-80.5,1910.25442,-0.00273
38.0,-80.5,1907.4696,0.00423
39.0,-80.5,1915.97658,-0.01643
40.0,-80.5,1921.07089,-0.00254
41.0,-80.5,1909.74081,-0.00635
42.0,-80.5,1901.84573,0.00699
43.0,-80.5,1908.14556,0.0164
44.0,-80.5,1906.25579,0.0289
45.0,-80.5,1872.70856,-0.00643
46.0,-80.5,1887.52867,0.01197
47.0,-80.5,1886.43932,0.04791
48.0,-80.5,1893.67777,0.03217
49.0,-80.5,1888.60538,0.03309
50.0,-80.5,1887.84776,0.02751
51.0,-80.5,1888.036,0.02136
52.0,-80.5,1880.92583,0.02087
53.0,-80.5,1889.71647,0.10228
54.0,-80.5,1907.38512,-0.81464
55.0,-80.5,1894.38801,-38.79708
56.0,-80.5,1890.82493,0.60757
57.0,-80.5,1880.69664,0.00087
58.0,-80.5,1896.09735,-3.654
59.0,-80.5,1887.68786,-0.0574
60.0,-80.5,1885.2415,-0.03275
61.0,-80.5,1832.0164,7.46611
62.0,-80.5,1885.04149,0.03686
63.0,-80.5,1896.82812,-0.4535
64.0,-80.5,1887.43316,0.29525
67.0,-80.5,1894.45837,-0.04328
68.0,-80.5,1840.15146,0.2283
69.0,-80.5,1871.86125,0.95524
70.0,-80.5,1875.16352,0.50428
71.0,-80.5,1879.09046,0.0541
72.0,-80.5,1867.5985,-0.30438
73.0,-80.5,1860.88311,0.02036
74.0,-80.5,1866.76705,0.12467
75.0,-80.5,1869.22355,0.09893
76.0,-80.5,1858.52607,16.01273
77.0,-80.5,1849.05857,-0.08971
78.0,-80.5,1842.76116,-0.00446
79.0,-80.5,1836.19863,0.13073
80.0,-80.5,1848.1492,0.22258
81.0,-80.5,1844.26802,0.12725
82.0,-80.5,1823.99171,-1.06852
83.0,-80.5,1846.25288,-0.82738
7.0,-79.5,1921.44313,0.04951
8.0,-79.5,1909.87254,-0.18503
9.0,-79.5,1874.75886,0.17426
10.0,-79.5,1887.74314,-0.66263
11.0,-79.5,1911.25588,7.72288
12.0,-79.5,1912.36651,0.28583
13.0,-79.5,1915.39674,-0.06944
14.0,-79.5,1910.79391,0.15383
15.0,-79.5,1910.42592,0.0134
16.0,-79.5,1908.69111,-0.24429
17.0,-79.5,1912.21757,0.00992
18.0,-79.5,1909.30255,-0.02438
19.0,-79.5,1911.04794,-0.02663
20.0,-79.5,1910.86435,0.24662
21.0,-79.5,1912.06272,-0.00066
22.0,-79.5,1900.7114,0.0058
23.0,-79.5,1900.31059,0.00518
24.0,-79.5,1913.06671,0.0777
25.0,-79.5,1916.8938,-0.01582
26.0,-79.5,1919.6566,-0.02232
27.0,-79.5,1916.2888,0.02473
28.0,-79.5,1920.55052,0.00493
29.0,-79.5,1920.22513,-0.00608
30.0,-79.5,1921.4155,-0.09846
31.0,-79.5,1921.67854,-0.00951
32.0,-79.5,1925.31457,-0.01707
33.0,-79.5,1912.90607,0.01404
34.0,-79.5,1920.44963,-0.00402
35.0,-79.5,1916.81922,0.00287
36.0,-79.5,1914.31467,0.01944
37.0,-79.5,1911.98002,0.00991
38.0,-79.5,1911.37989,0.0085
39.0,-79.5,1909.73552,-0.04275
40.0,-79.5,1912.74495,-0.00663
41.0,-79.5,1906.14055,0.00113
42.0,-79.5,1897.81585,0.0081
43.0,-79.5,1896.77346,0.02822
44.0,-79.5,1903.64553,0.03912
45.0,-79.5,1893.66017,0.05549
46.0,-79.5,1891.17409,0.06715
47.0,-79.5,1891.04277,0.04212
48.0,-79.5,1896.99378,0.02687
49.0,-79.5,1888.4927,0.03181
50.0,-79.5,1890.27238,0.03227
51.0,-79.5,1890.12578,0.01777
52.0,-79.5,1892.80076,-0.0289
53.0,-79.5,1898.98419,-0.50238
54.0,-79.5,1899.1141,-4.31294
55.0,-79.5,1895.30366,-0.02189
56.0,-79.5,1892.28732,-0.01273
57.0,-79.5,1889.54628,-0.33393
58.0,-79.5,1881.78722,0.20101
59.0,-79.5,1875.89219,-0.12311
60.0,-79.5,1874.31804,0.02207
61.0,-79.5,1852.56034,4.89943
62.0,-79.5,1894.84478,0.01157
63.0,-79.5,1915.28047,0.04158
64.0,-79.5,1897.84165,0.74861
68.0,-79.5,1875.63823,0.0192
69.0,-79.5,1887.13947,-0.26729
70.0,-79.5,1876.95086,0.04334
71.0,-79.5,1878.14773,0.04789
72.0,-79.5,1871.32287,0.01107
73.0,-79.5,1869.21543,5.18234
74.0,-79.5,1863.52298,-0.9314
75.0,-79.5,1869.00587,-5.57855
76.0,-79.5,1853.44515,-4.87244
77.0,-79.5,1854.05064,0.05618
78.0,-79.5,1847.15906,-0.0244
79.0,-79.5,1837.19251,-0.03886
80.0,-79.5,1838.57885,0.00107
81.0,-79.5,1852.37666,0.10516
82.0,-79.5,1827.95306,1.07401
83.0,-79.5,1858.32868,-1.46963
7.0,-78.5,1907.29738,-0.70936
8.0,-78.5,1884.05422,0.87909
9.0,-78.5,1855.25532,0.90657
10.0,-78.5,1915.87232,-0.39735
11.0,-78.5,1935.30853,0.14446
12.0,-78.5,1914.37711,0.38974
13.0,-78.5,1913.17333,0.26397
14.0,-78.5,1916.15329,0.1426
15.0,-78.5,1911.92562,0.03322
16.0,-78.5,1915.00683,0.11697
17.0,-78.5,1907.52559,0.06344
18.0,-78.5,1907.24475,-0.02667
19.0,-78.5,1912.00623,-0.00678
20.0,-78.5,1917.09891,-0.0045
21.0,-78.5,1891.27069,0.03357
22.0,-78.5,1889.51821,0.00873
23.0,-78.5,1912.66834,0.03699
24.0,-78.5,1915.18429,0.06644
25.0,-78.5,1910.94494,-0.02929
26.0,-78.5,1917.43618,-0.0077
27.0,-78.5,1911.84194,0.00064
28.0,-78.5,1921.12958,0.00611
29.0,-78.5,1916.16645,-0.02924
30.0,-78.5,1913.61402,0.00923
31.0,-78.5,1915.22897,0.05729
32.0,-78.5,1919.71942,0.038
33.0,-78.5,1915.42925,-0.04944
34.0,-78.5,1918.90713,-0.01482
35.0,-78.5,1922.2124,-0.00681
36.0,-78.5,1915.35732,0.00992
37.0,-78.5,1912.3473,0.00682
38.0,-78.5,1913.19365,0.00548
39.0,-78.5,1912.43827,-0.00279
40.0,-78.5,1911.49689,-0.00138
41.0,-78.5,1905.29699,0.0016
42.0,-78.5,1900.68161,0.00909
43.0,-78.5,1905.23986,0.03705
44.0,-78.5,1903.50663,0.13674
45.0,-78.5,1892.41323,0.05005
46.0,-78.5,1889.8716,0.05846
47.0,-78.5,1892.63199,0.04468
48.0,-78.5,1893.26892,0.04112
49.0,-78.5,1889.32686,0.03715
50.0,-78.5,1892.30517,0.03684
51.0,-78.5,1895.27117,0.02481
52.0,-78.5,1890.67357,0.01438
53.0,-78.5,1890.48361,0.03864
54.0,-78.5,1890.40592,0.03038
55.0,-78.5,1887.24991,-0.00068
56.0,-78.5,1887.05444,0.41441
57.0,-78.5,1886.1084,-0.11895
58.0,-78.5,1880.1026,-0.56607
59.0,-78.5,1888.79112,0.03327
60.0,-78.5,1894.88703,-1.18131
61.0,-78.5,1883.53415,-0.15876
62.0,-78.5,1878.07912,-0.3348
63.0,-78.5,1895.21023,-0.68854
64.0,-78.5,1863.10718,-0.39279
65.0,-78.5,1881.05028,-0.09709
68.0,-78.5,1874.65753,-0.10796
69.0,-78.5,1880.08491,-2.55259
70.0,-78.5,1874.95233,0.07322
71.0,-78.5,1880.28896,0.04428
72.0,-78.5,1867.04983,0.07476
73.0,-78.5,1867.60133,0.00055
74.0,-78.5,1871.21014,0.04288
76.0,-78.5,1857.83058,0.01768
77.0,-78.5,1863.60202,0.05013
78.0,-78.5,1853.15066,-0.01928
79.0,-78.5,1840.35367,0.04539
80.0,-78.5,1837.14442,0.04429
81.0,-78.5,1838.24175,0.21206
82.0,-78.5,1812.13542,-0.08881
83.0,-78.5,1855.03212,-0.64299
7.0,-77.5,1898.23217,-0.33404
8.0,-77.5,1889.07972,0.48363
9.0,-77.5,1910.28962,0.34964
10.0,-77.5,1930.42894,0.03378
11.0,-77.5,1919.30767,-0.05693
12.0,-77.5,1915.1741,0.03945
13.0,-77.5,1913.84175,0.15582
14.0,-77.5,1917.17781,0.10837
15.0,-77.5,1902.9043,0.06579
16.0,-77.5,1909.72135,-0.00325
17.0,-77.5,1910.37471,0.0094
18.0,-77.5,1894.24111,-0.01168
19.0,-77.5,1907.95577,-0.05153
20.0,-77.5,1903.23335,0.00291
21.0,-77.5,1898.31438,0.02807
22.0,-77.5,1894.46613,0.00066
23.0,-77.5,1920.29005,-0.09968
24.0,-77.5,1896.58585,0.17232
25.0,-77.5,1907.96601,-0.00675
26.0,-77.5,1900.28848,-0.02846
27.0,-77.5,1897.87806,-0.06219
28.0,-77.5,1910.93859,-0.00761
29.0,-77.5,1909.5342,0.06078
30.0,-77.5,1911.01253,0.00622
31.0,-77.5,1920.68145,-0.06789
32.0,-77.5,1922.21724,-0.11383
33.0,-77.5,1919.42362,-0.01353
34.0,-77.5,1917.22448,0.00035
35.0,-77.5,1919.3702,-0.03384
36.0,-77.5,1922.05039,-0.00351
37.0,-77.5,1914.77672,-0.00303
38.0,-77.5,1910.23418,0.00236
39.0,-77.5,1910.65019,0.00672
40.0,-77.5,1916.109,0.01923
41.0,-77.5,1911.20317,0.00374
42.0,-77.5,1903.35794,0.01956
43.0,-77.5,1906.55297,0.03119
44.0,-77.5,1903.51082,0.03296
45.0,-77.5,1894.92706,0.04762
46.0,-77.5,1895.70405,0.04448
47.0,-77.5,1893.67862,0.04547
48.0,-77.5,1891.0652,0.02822
49.0,-77.5,1889.15946,0.03914
50.0,-77.5,1888.67744,0.02673
51.0,-77.5,1890.02104,0.02331
52.0,-77.5,1892.87386,0.03152
53.0,-77.5,1890.36812,0.03126
54.0,-77.5,1888.61271,0.00755
55.0,-77.5,1888.30425,0.04906
56.0,-77.5,1887.57533,0.14525
57.0,-77.5,1884.76117,1.67019
58.0,-77.5,1883.70731,0.0912
59.0,-77.5,1888.11945,-0.00305
60.0,-77.5,1887.59194,0.11162
61.0,-77.5,1894.10632,0.01159
62.0,-77.5,1893.83955,0.01815
63.0,-77.5,1881.06871,0.15651
64.0,-77.5,1884.76265,-2.04931
65.0,-77.5,1892.67962,-0.00889
66.0,-77.5,1894.32885,-1.06959
67.0,-77.5,1880.52824,-1.61414
68.0,-77.5,1875.08393,0.01119
69.0,-77.5,1875.00619,-6.16147
70.0,-77.5,1879.7415,0.03809
71.0,-77.5,1881.24471,0.05005
72.0,-77.5,1865.52604,0.76885
73.0,-77.5,1861.03483,-0.72667
74.0,-77.5,1865.00081,0.76147
76.0,-77.5,1825.6646,-0.01906
77.0,-77.5,1854.80953,7.62241
78.0,-77.5,1858.91276,0.10408
79.0,-77.5,1840.12295,-0.05812
80.0,-77.5,1835.40298,0.19042
81.0,-77.5,1858.40518,0.66345
82.0,-77.5,1818.80978,0.26242
83.0,-77.5,1839.16045,0.12074
7.0,-76.5,1901.25863,-0.52471
8.0,-76.5,1888.62605,-0.30499
9.0,-76.5,1918.08255,-0.11536
10.0,-76.5,1929.91539,0.1349
11.0,-76.5,1928.97525,0.04648
12.0,-76.5,1913.94753,-0.44917
13.0,-76.5,1914.5205,-1.85368
14.0,-76.5,1911.78898,-0.30735
15.0,-76.5,1907.78864,0.11017
16.0,-76.5,1911.72761,0.0321
17.0,-76.5,1912.34939,0.03612
18.0,-76.5,1887.84979,-0.71152
19.0,-76.5,1913.34663,0.00513
20.0,-76.5,1912.84833,-0.00311
21.0,-76.5,1904.32549,0.00846
22.0,-76.5,1915.85758,0.03501
23.0,-76.5,1920.33698,0.01473
24.0,-76.5,1911.63055,0.01239
25.0,-76.5,1888.54276,0.10985
26.0,-76.5,1908.36333,0.01849
27.0,-76.5,1921.41774,-0.03055
28.0,-76.5,1910.32186,-0.11493
29.0,-76.5,1907.31797,0.0033
30.0,-76.5,1915.35793,0.04394
31.0,-76.5,1914.07308,-0.00336
32.0,-76.5,1910.51788,0.10331
33.0,-76.5,1915.20385,0.00431
34.0,-76.5,1921.45044,-0.0233
35.0,-76.5,1906.17794,-0.01446
36.0,-76.5,1914.21426,-0.01129
37.0,-76.5,1907.90474,-0.00934
38.0,-76.5,1898.0332,-0.01526
39.0,-76.5,1903.5688,0.00918
40.0,-76.5,1914.17731,0.01444
41.0,-76.5,1909.99663,0.01367
42.0,-76.5,1905.43804,0.0294
43.0,-76.5,1906.76797,0.02228
44.0,-76.5,1900.21681,-0.01591
45.0,-76.5,1900.85768,0.04511
46.0,-76.5,1899.65234,0.04864
47.0,-76.5,1891.94194,0.05682
48.0,-76.5,1891.09653,0.04968
49.0,-76.5,1897.90343,0.03595
50.0,-76.5,1885.18714,0.02313
51.0,-76.5,1887.53943,0.01786
52.0,-76.5,1888.01883,0.02001
53.0,-76.5,1883.08427,0.02418
54.0,-76.5,1884.30963,0.02019
55.0,-76.5,1886.13758,0.03537
56.0,-76.5,1883.32072,0.04648
57.0,-76.5,1890.60868,0.34394
58.0,-76.5,1886.49148,0.03641
59.0,-76.5,1886.23895,0.01392
60.0,-76.5,1889.63722,0.06598
61.0,-76.5,1893.5376,0.0456
62.0,-76.5,1886.77942,0.01677
63.0,-76.5,1880.63364,0.03813
64.0,-76.5,1880.52305,-0.05507
65.0,-76.5,1888.5624,0.00742
66.0,-76.5,1900.27857,-0.20727
67.0,-76.5,1886.31207,0.03233
68.0,-76.5,1890.21815,0.0513
69.0,-76.5,1875.71352,0.00444
70.0,-76.5,1884.33817,0.06611
71.0,-76.5,1878.01837,0.04817
72.0,-76.5,1857.7147,-0.04135
73.0,-76.5,1864.06,-0.62548
74.0,-76.5,1860.07113,0.10121
78.0,-76.5,1861.63856,-0.03235
79.0,-76.5,1850.75526,-0.0068
80.0,-76.5,1832.15743,-0.44919
81.0,-76.5,1847.86602,-0.00434
82.0,-76.5,1819.81385,0.09422
83.0,-76.5,1833.8376,-0.18059
7.0,-75.5,1909.00637,-0.24962
8.0,-75.5,1912.93065,-0.41999
9.0,-75.5,1929.64202,-0.2391
10.0,-75.5,1919.58618,0.03423
11.0,-75.5,1927.60847,-0.01038
12.0,-75.5,1917.6058,0.0575
13.0,-75.5,1915.53696,-0.00902
14.0,-75.5,1914.66938,0.01107
15.0,-75.5,1910.77675,-0.02593
16.0,-75.5,1912.66347,0.0343
17.0,-75.5,1911.06596,0.03536
18.0,-75.5,1905.18814,0.06096
19.0,-75.5,1914.19731,-0.05906
20.0,-75.5,1912.99868,-0.00702
21.0,-75.5,1902.11921,0.01645
22.0,-75.5,1911.65811,0.04001
23.0,-75.5,1896.8106,-0.10302
24.0,-75.5,1898.91273,-0.02352
25.0,-75.5,1907.23233,-0.03317
26.0,-75.5,1911.15585,-0.06902
27.0,-75.5,1916.28505,-0.052
28.0,-75.5,1916.25912,-0.0813
29.0,-75.5,1913.08136,-1.09782
30.0,-75.5,1919.24037,0.0906
31.0,-75.5,1911.73157,0.01282
32.0,-75.5,1917.31478,-0.04917
33.0,-75.5,1922.24748,-0.05211
34.0,-75.5,1921.52051,-0.03041
35.0,-75.5,1923.92937,0.00643
36.0,-75.5,1908.61187,0.0354
37.0,-75.5,1914.40597,0.02279
38.0,-75.5,1906.34524,0.01507
39.0,-75.5,1910.42199,0.00062
40.0,-75.5,1915.99416,0.00928
41.0,-75.5,1908.94409,0.008
42.0,-75.5,1902.64327,0.03487
43.0,-75.5,1903.8575,0.04086
44.0,-75.5,1901.76901,0.03262
45.0,-75.5,1908.96803,0.03927
46.0,-75.5,1897.62332,0.04346
47.0,-75.5,1895.42401,0.0567
48.0,-75.5,1890.35314,0.05218
49.0,-75.5,1891.05193,0.02719
50.0,-75.5,1885.73406,0.00609
51.0,-75.5,1889.99084,0.0129
52.0,-75.5,1890.97409,0.02565
53.0,-75.5,1889.79682,0.02984
54.0,-75.5,1886.59312,0.03523
55.0,-75.5,1885.48304,0.04682
56.0,-75.5,1886.63274,0.04312
57.0,-75.5,1883.78174,0.01534
58.0,-75.5,1885.62544,0.03744
59.0,-75.5,1886.11374,0.03672
60.0,-75.5,1886.30774,0.0449
61.0,-75.5,1891.52488,0.06654
62.0,-75.5,1889.08402,0.05497
64.0,-75.5,1889.00294,-0.12705
65.0,-75.5,1889.38633,0.02867
66.0,-75.5,1830.37854,-1.69448
67.0,-75.5,1884.79251,-0.0305
68.0,-75.5,1883.52387,0.06264
69.0,-75.5,1880.8746,0.02465
70.0,-75.5,1884.32631,0.06279
71.0,-75.5,1878.77852,0.05624
72.0,-75.5,1862.12156,0.46958
73.0,-75.5,1860.5561,-15.60041
78.0,-75.5,1856.03786,0.17732
79.0,-75.5,1856.35598,-2.30135
80.0,-75.5,1825.25742,0.27333
81.0,-75.5,1839.89748,-0.37287
82.0,-75.5,1811.17065,-1.08633
83.0,-75.5,1819.52266,0.03181
7.0,-74.5,1908.3098,0.01746
8.0,-74.5,1920.02764,0.03894
9.0,-74.5,1934.85041,0.00471
10.0,-74.5,1928.01705,0.04336
11.0,-74.5,1916.32326,0.03913
12.0,-74.5,1923.51727,-0.02407
13.0,-74.5,1912.05233,0.00457
14.0,-74.5,1913.25626,0.01818
15.0,-74.5,1910.02258,0.04344
16.0,-74.5,1914.04211,0.10907
17.0,-74.5,1915.52838,0.07761
18.0,-74.5,1907.70378,0.01106
19.0,-74.5,1912.2682,-0.00223
20.0,-74.5,1903.01809,-0.03051
21.0,-74.5,1908.59539,-0.00712
22.0,-74.5,1906.6265,0.00661
23.0,-74.5,1904.43498,-0.02926
24.0,-74.5,1907.38987,-0.05946
25.0,-74.5,1911.63343,-0.59929
26.0,-74.5,1912.14162,-0.21784
27.0,-74.5,1915.06929,-0.03186
28.0,-74.5,1917.90718,-0.01596
29.0,-74.5,1916.90686,-0.94993
30.0,-74.5,1918.82472,0.03848
31.0,-74.5,1913.3782,0.00971
32.0,-74.5,1921.81981,-0.04366
33.0,-74.5,1921.65332,-0.06875
34.0,-74.5,1920.71711,-0.02383
35.0,-74.5,1919.07411,0.03283
36.0,-74.5,1924.32654,0.04011
37.0,-74.5,1920.76479,0.02276
38.0,-74.5,1919.21711,0.01507
39.0,-74.5,1910.62899,0.02195
40.0,-74.5,1909.98788,3e-05
41.0,-74.5,1912.48736,0.00318
42.0,-74.5,1903.48752,0.01148
43.0,-74.5,1903.13099,0.03875
44.0,-74.5,1898.76808,0.04859
45.0,-74.5,1904.10102,0.0369
46.0,-74.5,1900.8303,0.03734
47.0,-74.5,1893.03893,0.06226
48.0,-74.5,1890.47532,0.04528
49.0,-74.5,1887.23031,0.03084
50.0,-74.5,1887.52305,0.01512
51.0,-74.5,1886.85349,-0.00365
52.0,-74.5,1885.40132,0.01267
53.0,-74.5,1886.24521,0.03406
54.0,-74.5,1888.16413,0.03493
55.0,-74.5,1885.02013,0.0378
56.0,-74.5,1879.28656,0.04448
57.0,-74.5,1880.75046,0.0173
58.0,-74.5,1884.80731,0.03511
59.0,-74.5,1881.62329,0.04776
60.0,-74.5,1886.52683,0.04965
61.0,-74.5,1885.7015,0.06959
62.0,-74.5,1884.30489,0.03062
63.0,-74.5,1880.8728,0.07989
64.0,-74.5,1888.75501,-0.17385
65.0,-74.5,1892.16623,0.06446
66.0,-74.5,1884.27774,0.0193
67.0,-74.5,1860.03241,-0.06824
68.0,-74.5,1875.88676,-0.02062
69.0,-74.5,1884.30673,0.03726
70.0,-74.5,1881.42388,0.08229
71.0,-74.5,1884.32739,0.11861
72.0,-74.5,1871.08961,-0.48516
73.0,-74.5,1880.52923,-1.38696
78.0,-74.5,1853.21834,3.58668
79.0,-74.5,1852.72074,-0.68569
80.0,-74.5,1826.66153,0.30271
81.0,-74.5,1834.60439,-1.5027
82.0,-74.5,1818.33149,0.34666
83.0,-74.5,1831.29448,1.03004
7.0,-73.5,1912.97398,0.00788
8.0,-73.5,1924.72182,0.00994
9.0,-73.5,1929.57696,0.05896
10.0,-73.5,1932.65809,0.02651
11.0,-73.5,1906.47282,0.04649
12.0,-73.5,1918.60831,5e-05
13.0,-73.5,1909.59515,-0.00125
14.0,-73.5,1913.72842,0.05047
15.0,-73.5,1913.38523,0.19697
16.0,-73.5,1911.99436,0.00658
17.0,-73.5,1914.53467,0.03387
18.0,-73.5,1903.71288,0.01382
19.0,-73.5,1909.18221,0.0202
20.0,-73.5,1914.32271,0.00104
21.0,-73.5,1905.19335,0.04121
22.0,-73.5,1911.61995,-0.02386
23.0,-73.5,1909.64658,-0.02257
24.0,-73.5,1916.77485,-0.09629
25.0,-73.5,1917.19887,-1.39146
26.0,-73.5,1915.13778,-0.07131
27.0,-73.5,1919.29774,-0.00171
28.0,-73.5,1915.26625,-0.15907
29.0,-73.5,1915.13495,0.06368
30.0,-73.5,1919.97064,-0.01613
31.0,-73.5,1908.99613,0.01134
32.0,-73.5,1917.50674,-0.00377
33.0,-73.5,1921.16766,0.03044
34.0,-73.5,1928.798,0.02114
35.0,-73.5,1922.00189,0.04641
36.0,-73.5,1918.53529,0.01929
37.0,-73.5,1914.58448,0.05312
38.0,-73.5,1921.64008,0.03216
39.0,-73.5,1924.07167,0.01372
40.0,-73.5,1916.95538,0.01962
41.0,-73.5,1905.74178,0.012
42.0,-73.5,1902.50731,0.01782
43.0,-73.5,1904.29033,0.01716
44.0,-73.5,1902.64498,0.03349
45.0,-73.5,1906.01964,0.03184
46.0,-73.5,1909.52173,0.03733
47.0,-73.5,1890.70563,0.05215
48.0,-73.5,1891.66244,0.0374
49.0,-73.5,1889.66961,0.04816
50.0,-73.5,1891.78362,0.03668
51.0,-73.5,1882.53997,-0.01064
52.0,-73.5,1884.19863,0.00295
53.0,-73.5,1883.52,0.0425
54.0,-73.5,1885.07062,0.04288
55.0,-73.5,1882.54872,0.01046
56.0,-73.5,1878.77881,-0.00096
57.0,-73.5,1880.07349,0.02274
58.0,-73.5,1885.3288,0.03842
59.0,-73.5,1885.05526,0.04513
60.0,-73.5,1885.78376,0.03275
61.0,-73.5,1883.54951,0.04786
62.0,-73.5,1891.73301,0.03746
63.0,-73.5,1877.38932,0.02209
64.0,-73.5,1886.94556,2.21588
65.0,-73.5,1892.08653,0.07104
66.0,-73.5,1886.50201,0.04082
67.0,-73.5,1890.77743,-0.00245
68.0,-73.5,1881.09807,0.02754
69.0,-73.5,1885.0967,0.05211
70.0,-73.5,1870.54523,0.04492
71.0,-73.5,1873.49871,0.09355
72.0,-73.5,1880.31527,-12.21294
77.0,-73.5,1878.28907,0.04529
78.0,-73.5,1867.9438,0.1639
79.0,-73.5,1855.86391,-0.17844
80.0,-73.5,1842.96023,-0.03986
81.0,-73.5,1842.8761,-0.06966
82.0,-73.5,1823.99427,-1.00206
83.0,-73.5,1829.46541,-4.35269
7.0,-72.5,1904.37512,-0.65298
8.0,-72.5,1917.9142,-0.06733
9.0,-72.5,1919.19029,-0.02107
10.0,-72.5,1921.59745,-0.00015
11.0,-72.5,1919.23903,0.02812
12.0,-72.5,1922.13305,0.01033
13.0,-72.5,1915.1602,-0.00853
14.0,-72.5,1906.65732,0.03234
15.0,-72.5,1910.29735,0.19347
16.0,-72.5,1915.78949,-0.03733
17.0,-72.5,1915.14474,-0.01968
18.0,-72.5,1909.91176,0.06067
19.0,-72.5,1897.93,0.0182
20.0,-72.5,1908.85233,0.02005
21.0,-72.5,1912.36898,0.02609
22.0,-72.5,1905.02299,0.01971
23.0,-72.5,1914.36335,0.46473
24.0,-72.5,1913.23381,-0.06651
25.0,-72.5,1909.78003,-0.9649
26.0,-72.5,1911.93458,0.00859
27.0,-72.5,1915.49795,-0.29638
28.0,-72.5,1911.49371,-0.56398
29.0,-72.5,1908.87923,-0.08893
30.0,-72.5,1915.07523,-0.03092
31.0,-72.5,1917.01768,-0.03664
32.0,-72.5,1918.53036,-0.01812
33.0,-72.5,1919.13048,0.02858
34.0,-72.5,1929.57128,-0.00901
35.0,-72.5,1923.8004,0.01198
36.0,-72.5,1924.34849,0.01119
37.0,-72.5,1921.85334,-0.02171
38.0,-72.5,1924.03754,-0.02526
39.0,-72.5,1922.47806,0.00967
40.0,-72.5,1921.25947,0.03565
41.0,-72.5,1905.20763,0.01031
42.0,-72.5,1904.38702,0.01104
43.0,-72.5,1901.31654,0.01499
44.0,-72.5,1901.68737,0.02657
45.0,-72.5,1901.94063,0.04305
46.0,-72.5,1906.82937,0.04177
47.0,-72.5,1896.9513,0.0535
48.0,-72.5,1890.10706,0.04793
49.0,-72.5,1892.4395,0.04057
50.0,-72.5,1892.29842,0.04535
51.0,-72.5,1885.51605,0.02451
52.0,-72.5,1883.93346,0.02469
53.0,-72.5,1884.73153,0.04426
54.0,-72.5,1882.68969,0.04474
55.0,-72.5,1881.38214,0.00176
56.0,-72.5,1878.48667,0.0146
57.0,-72.5,1884.19727,0.02925
58.0,-72.5,1887.83144,0.01748
59.0,-72.5,1887.32842,0.03082
60.0,-72.5,1891.23614,0.06118
61.0,-72.5,1889.82826,0.04974
62.0,-72.5,1883.85503,-0.21058
63.0,-72.5,1863.2885,0.4395
64.0,-72.5,1885.37875,0.0845
65.0,-72.5,1890.76753,0.08407
66.0,-72.5,1893.54039,0.05204
67.0,-72.5,1886.14838,2.48025
68.0,-72.5,1884.66919,0.07808
69.0,-72.5,1885.06557,0.06051
70.0,-72.5,1877.52509,0.04701
71.0,-72.5,1885.57958,0.38506
72.0,-72.5,1868.25747,-22.69883
77.0,-72.5,1859.54892,8.05755
78.0,-72.5,1851.51612,4.14725
79.0,-72.5,1860.03723,-13.12859
80.0,-72.5,1843.61618,-0.01533
81.0,-72.5,1859.14513,-1.69001
82.0,-72.5,1838.97793,-0.07334
83.0,-72.5,1840.21926,7.99166
7.0,-71.5,1913.34799,-0.05503
8.0,-71.5,1915.92023,-0.07699
9.0,-71.5,1918.09552,0.03514
10.0,-71.5,1928.24786,-0.06442
11.0,-71.5,1920.30645,0.02634
12.0,-71.5,1923.30206,0.02357
13.0,-71.5,1914.55609,-0.01837
14.0,-71.5,1913.7709,0.07574
15.0,-71.5,1914.01566,0.23188
16.0,-71.5,1918.61814,0.02461
17.0,-71.5,1911.33946,0.00396
18.0,-71.5,1905.22343,0.01702
19.0,-71.5,1909.60391,-0.00631
20.0,-71.5,1917.81387,0.01578
21.0,-71.5,1911.97702,0.02831
22.0,-71.5,1900.46943,0.02105
23.0,-71.5,1915.54245,0.12567
24.0,-71.5,1912.34955,-0.25181
25.0,-71.5,1915.9105,0.03744
26.0,-71.5,1916.37986,0.1116
27.0,-71.5,1915.29906,0.07728
28.0,-71.5,1909.57849,-0.22809
29.0,-71.5,1911.57845,-0.02056
30.0,-71.5,1916.05357,-0.00236
31.0,-71.5,1913.26436,-0.03704
32.0,-71.5,1912.08292,0.00146
33.0,-71.5,1911.68699,-0.01037
34.0,-71.5,1923.37867,-0.0123
35.0,-71.5,1920.46948,0.025
36.0,-71.5,1919.62244,0.04173
37.0,-71.5,1921.71481,-0.02499
38.0,-71.5,1920.88949,0.0078
39.0,-71.5,1913.52524,0.01226
40.0,-71.5,1917.08773,0.04865
41.0,-71.5,1910.72433,0.00362
42.0,-71.5,1905.16598,0.02029
43.0,-71.5,1903.1238,0.01869
44.0,-71.5,1896.54395,0.02288
45.0,-71.5,1899.07642,0.07147
46.0,-71.5,1897.40123,0.05203
47.0,-71.5,1897.37437,0.06003
48.0,-71.5,1885.36458,0.06523
49.0,-71.5,1892.83964,0.06482
50.0,-71.5,1893.04231,0.05205
51.0,-71.5,1887.45165,0.03273
52.0,-71.5,1883.12074,0.03078
53.0,-71.5,1880.90496,0.02031
54.0,-71.5,1880.93715,0.01167
55.0,-71.5,1880.24951,0.01909
56.0,-71.5,1877.15913,0.02798
57.0,-71.5,1880.99342,0.04374
58.0,-71.5,1885.90139,0.02632
59.0,-71.5,1888.31671,0.04619
60.0,-71.5,1889.0263,0.05864
61.0,-71.5,1880.50354,0.0068
62.0,-71.5,1874.35671,-0.04604
63.0,-71.5,1883.36466,-0.01105
64.0,-71.5,1889.57692,0.06594
65.0,-71.5,1884.72297,0.1389
66.0,-71.5,1889.98726,0.06685
67.0,-71.5,1890.75699,0.03885
68.0,-71.5,1881.78689,0.05722
69.0,-71.5,1885.58265,0.06192
70.0,-71.5,1880.51565,0.18599
71.0,-71.5,1863.98753,0.18491
72.0,-71.5,1871.65855,0.11962
77.0,-71.5,1849.54966,-1.57851
78.0,-71.5,1859.72451,-0.01124
79.0,-71.5,1870.42653,-5.03681
80.0,-71.5,1842.19773,-0.02997
81.0,-71.5,1877.61432,2.31998
82.0,-71.5,1844.55422,-0.6274
83.0,-71.5,1837.72378,-1.13142
7.0,-70.5,1912.80603,0.08257
8.0,-70.5,1917.63191,-0.03235
9.0,-70.5,1910.79026,-0.00047
10.0,-70.5,1927.84075,-0.02782
11.0,-70.5,1927.27984,0.05826
12.0,-70.5,1916.79709,0.05213
13.0,-70.5,1906.79529,-0.02163
14.0,-70.5,1918.3516,-0.15162
15.0,-70.5,1917.32905,0.1953
16.0,-70.5,1911.23166,0.0211
17.0,-70.5,1915.48131,0.0317
18.0,-70.5,1913.94123,-0.01259
19.0,-70.5,1912.08785,0.33269
20.0,-70.5,1908.85353,0.02367
21.0,-70.5,1907.63502,-0.06106
22.0,-70.5,1912.58363,-0.00948
23.0,-70.5,1916.47296,0.00465
24.0,-70.5,1918.19233,0.00227
25.0,-70.5,1917.17059,0.01049
26.0,-70.5,1900.40204,-0.29764
27.0,-70.5,1913.67755,0.0154
28.0,-70.5,1911.15283,0.0669
29.0,-70.5,1913.42316,0.02482
30.0,-70.5,1909.23714,0.00983
31.0,-70.5,1906.81507,0.02567
32.0,-70.5,1909.44166,0.01955
33.0,-70.5,1916.51359,-0.06666
34.0,-70.5,1919.63548,-0.04393
35.0,-70.5,1917.586,0.01238
36.0,-70.5,1921.68754,0.03505
37.0,-70.5,1920.47696,-0.13075
38.0,-70.5,1920.82198,0.02367
39.0,-70.5,1915.44615,0.03057
40.0,-70.5,1917.68862,0.01978
41.0,-70.5,1914.20922,0.03606
42.0,-70.5,1897.12687,0.03355
43.0,-70.5,1900.62881,0.02266
44.0,-70.5,1899.47868,0.00715
45.0,-70.5,1894.36684,0.0054
46.0,-70.5,1892.7299,0.04259
47.0,-70.5,1889.23462,0.05248
48.0,-70.5,1889.26792,0.13821
49.0,-70.5,1889.52686,0.05841
50.0,-70.5,1893.02101,0.04927
51.0,-70.5,1886.13066,0.03226
52.0,-70.5,1879.80081,0.0099
53.0,-70.5,1879.72214,0.01426
54.0,-70.5,1877.47871,0.01509
55.0,-70.5,1877.44834,0.02219
56.0,-70.5,1876.02736,0.02101
57.0,-70.5,1881.0677,0.0594
58.0,-70.5,1886.40658,0.0648
59.0,-70.5,1890.64515,0.03547
60.0,-70.5,1887.11568,0.06193
61.0,-70.5,1880.69331,0.03372
62.0,-70.5,1851.45034,0.05165
63.0,-70.5,1891.2756,0.04663
64.0,-70.5,1896.02366,0.0528
65.0,-70.5,1890.8438,0.059
66.0,-70.5,1889.05778,0.05278
67.0,-70.5,1886.12058,0.05075
68.0,-70.5,1881.83972,0.05747
69.0,-70.5,1884.84232,1.20303
70.0,-70.5,1875.93966,-0.20508
71.0,-70.5,1872.39472,-0.02475
76.0,-70.5,1823.10741,0.02683
77.0,-70.5,1860.90539,0.37284
78.0,-70.5,1859.06771,-0.03224
79.0,-70.5,1860.19212,0.02763
80.0,-70.5,1840.72899,-3.22535
81.0,-70.5,1845.70314,0.08517
82.0,-70.5,1868.57541,-3.12724
83.0,-70.5,1848.14253,-1.76235
7.0,-69.5,1918.48328,-0.09849
8.0,-69.5,1914.13776,-7e-05
9.0,-69.5,1914.32375,-0.01731
10.0,-69.5,1924.63571,-0.09387
11.0,-69.5,1915.42341,-0.08062
12.0,-69.5,1907.7936,0.01838
13.0,-69.5,1913.72188,0.29795
14.0,-69.5,1914.14791,0.24115
15.0,-69.5,1911.17299,-0.03549
16.0,-69.5,1906.707,0.09765
17.0,-69.5,1907.2945,0.128
18.0,-69.5,1911.35931,-0.01525
19.0,-69.5,1891.66753,0.02707
20.0,-69.5,1912.25437,0.00856
21.0,-69.5,1913.87317,-0.03255
22.0,-69.5,1912.74642,-15.32603
23.0,-69.5,1914.23345,-0.0841
24.0,-69.5,1915.60824,-0.23647
25.0,-69.5,1917.22649,0.22282
26.0,-69.5,1914.47418,0.02594
27.0,-69.5,1915.13357,-0.0283
28.0,-69.5,1917.24625,-0.02296
29.0,-69.5,1911.23713,-0.04981
30.0,-69.5,1914.76155,-0.02972
31.0,-69.5,1907.00252,0.02518
32.0,-69.5,1911.94755,-0.03942
33.0,-69.5,1912.14089,-0.00857
34.0,-69.5,1912.16849,-0.03062
35.0,-69.5,1919.09202,0.04158
36.0,-69.5,1917.11465,0.02331
37.0,-69.5,1916.81311,0.00363
38.0,-69.5,1918.89947,0.11476
39.0,-69.5,1913.50876,0.00464
40.0,-69.5,1922.34752,0.05141
41.0,-69.5,1919.55172,0.04523
42.0,-69.5,1911.90205,0.03271
43.0,-69.5,1915.35349,0.02311
44.0,-69.5,1899.68039,0.0036
45.0,-69.5,1897.34884,0.02253
46.0,-69.5,1886.51617,0.02829
47.0,-69.5,1889.49565,0.03926
48.0,-69.5,1888.64911,0.03264
49.0,-69.5,1894.76332,0.04287
50.0,-69.5,1890.51697,0.0308
51.0,-69.5,1884.25806,0.03008
52.0,-69.5,1881.59593,0.00399
53.0,-69.5,1878.51436,0.04122
54.0,-69.5,1877.97708,0.04996
55.0,-69.5,1873.5217,0.04263
56.0,-69.5,1877.67035,0.04591
57.0,-69.5,1877.04282,0.05458
58.0,-69.5,1883.23453,0.04278
59.0,-69.5,1887.69456,0.13018
60.0,-69.5,1882.62763,-8.04043
61.0,-69.5,1878.91064,0.05398
62.0,-69.5,1867.36445,0.19255
63.0,-69.5,1893.95742,0.00375
64.0,-69.5,1891.74564,0.06371
65.0,-69.5,1889.76636,0.06587
66.0,-69.5,1889.52195,0.0661
67.0,-69.5,1886.57728,0.07706
68.0,-69.5,1881.9154,0.05298
69.0,-69.5,1878.95831,1.17235
70.0,-69.5,1859.73788,-0.03513
71.0,-69.5,1881.73938,1.39
76.0,-69.5,1857.3962,-0.00966
77.0,-69.5,1847.7708,-1.90673
78.0,-69.5,1859.26068,-1.15007
79.0,-69.5,1870.95576,-0.01882
80.0,-69.5,1846.80927,-0.91941
81.0,-69.5,1838.21996,0.15382
82.0,-69.5,1861.10685,-0.42624
83.0,-69.5,1829.79381,1.90375
7.0,-68.5,1927.31773,0.053
8.0,-68.5,1922.14818,0.08672
9.0,-68.5,1916.79563,0.08042
10.0,-68.5,1911.41963,0.0976
11.0,-68.5,1897.89266,0.04331
12.0,-68.5,1906.37717,0.01112
13.0,-68.5,1917.63628,0.04755
14.0,-68.5,1915.33281,-0.13344
15.0,-68.5,1921.77122,-0.02448
16.0,-68.5,1919.93097,-0.23239
17.0,-68.5,1913.58032,-0.14584
18.0,-68.5,1904.66661,-0.01246
19.0,-68.5,1903.26336,0.06009
20.0,-68.5,1914.63335,-0.04715
21.0,-68.5,1917.88864,0.0151
22.0,-68.5,1919.70007,-18.87911
23.0,-68.5,1913.80599,0.25339
24.0,-68.5,1915.48566,-0.09397
25.0,-68.5,1909.12317,0.09792
26.0,-68.5,1910.10465,-0.0755
27.0,-68.5,1918.07958,-0.04505
28.0,-68.5,1917.05542,-0.82583
29.0,-68.5,1911.61107,-0.12932
30.0,-68.5,1913.41573,-0.04725
31.0,-68.5,1913.91865,-0.01153
32.0,-68.5,1911.90118,-0.00893
33.0,-68.5,1913.88895,-0.00303
34.0,-68.5,1913.93976,-0.01872
35.0,-68.5,1910.25394,-0.00648
36.0,-68.5,1912.64856,0.02587
37.0,-68.5,1917.73895,0.28643
38.0,-68.5,1918.4283,-0.15047
39.0,-68.5,1918.62213,-0.07077
40.0,-68.5,1923.35672,0.15265
41.0,-68.5,1922.17657,0.02033
42.0,-68.5,1914.68817,0.05054
43.0,-68.5,1919.06644,0.02302
44.0,-68.5,1892.18448,0.01152
45.0,-68.5,1894.87836,0.00735
46.0,-68.5,1890.49627,0.03631
47.0,-68.5,1893.56014,0.04171
48.0,-68.5,1887.39851,0.04416
49.0,-68.5,1888.18687,0.04062
50.0,-68.5,1895.27014,0.05154
51.0,-68.5,1882.40094,-0.00041
52.0,-68.5,1879.56634,0.02458
53.0,-68.5,1875.36807,0.05546
54.0,-68.5,1875.78213,0.06377
55.0,-68.5,1877.13028,0.04215
56.0,-68.5,1876.04966,0.06164
57.0,-68.5,1869.75804,0.05506
58.0,-68.5,1878.64472,0.07159
59.0,-68.5,1887.32601,0.02239
60.0,-68.5,1898.32698,0.04333
61.0,-68.5,1916.05364,-0.00306
62.0,-68.5,1889.50911,0.02584
63.0,-68.5,1890.26531,0.04385
64.0,-68.5,1890.45366,0.04592
65.0,-68.5,1891.36127,0.064
66.0,-68.5,1884.89279,0.08756
67.0,-68.5,1881.86842,0.06881
68.0,-68.5,1878.72993,0.13537
69.0,-68.5,1850.9379,0.64192
70.0,-68.5,1872.96846,0.16189
71.0,-68.5,1879.04183,0.24806
76.0,-68.5,1874.39104,0.26634
77.0,-68.5,1860.33467,-0.23218
78.0,-68.5,1846.59711,-1.76118
79.0,-68.5,1871.79543,0.0139
80.0,-68.5,1840.07685,1.1595
81.0,-68.5,1835.80711,-0.10355
82.0,-68.5,1865.42124,0.19973
83.0,-68.5,1823.54448,24.90666
7.0,-67.5,1919.59598,0.06728
8.0,-67.5,1913.25298,0.07267
9.0,-67.5,1923.4438,-0.01786
10.0,-67.5,1914.2627,0.14304
11.0,-67.5,1919.03204,0.0433
12.0,-67.5,1918.43757,-0.04276
13.0,-67.5,1917.0604,-0.05958
14.0,-67.5,1907.5567,0.15351
15.0,-67.5,1910.22084,-0.16564
16.0,-67.5,1913.20084,-0.01895
17.0,-67.5,1914.82467,-0.15008
18.0,-67.5,1912.74817,-0.07798
19.0,-67.5,1918.53785,0.01256
20.0,-67.5,1912.92414,-0.00528
21.0,-67.5,1914.36367,0.4706
22.0,-67.5,1913.34587,0.03108
23.0,-67.5,1915.20968,-0.72727
24.0,-67.5,1921.06539,-0.09728
25.0,-67.5,1913.58132,0.00073
26.0,-67.5,1916.23988,-0.42492
27.0,-67.5,1914.74774,19.17054
28.0,-67.5,1910.04983,-0.69388
29.0,-67.5,1902.61676,0.03098
30.0,-67.5,1899.28932,-0.11386
31.0,-67.5,1909.27705,0.03732
32.0,-67.5,1908.37386,0.00942
33.0,-67.5,1906.50626,-0.01934
34.0,-67.5,1913.96475,-0.02321
35.0,-67.5,1906.02336,0.01728
36.0,-67.5,1909.50077,0.92168
37.0,-67.5,1902.59849,0.65925
38.0,-67.5,1915.14441,0.05272
39.0,-67.5,1915.10504,0.02438
40.0,-67.5,1916.35977,0.03625
41.0,-67.5,1922.89264,0.0448
42.0,-67.5,1920.08442,0.05699
43.0,-67.5,1916.71344,0.03599
44.0,-67.5,1903.42175,-0.10981
45.0,-67.5,1891.62448,0.00939
46.0,-67.5,1890.89891,0.02168
47.0,-67.5,1893.37244,0.02422
48.0,-67.5,1889.05337,0.03952
49.0,-67.5,1879.94697,0.11772
50.0,-67.5,1896.04728,0.07387
51.0,-67.5,1888.90015,0.00473
52.0,-67.5,1885.75784,0.0325
53.0,-67.5,1878.34428,0.05409
54.0,-67.5,1877.64078,0.06101
55.0,-67.5,1871.43617,0.04855
56.0,-67.5,1872.34641,0.0602
57.0,-67.5,1874.41777,0.06942
58.0,-67.5,1881.16495,0.00667
59.0,-67.5,1888.88908,-0.41589
60.0,-67.5,1892.52383,-9.17691
61.0,-67.5,1864.59579,-108.65207
62.0,-67.5,1887.1424,0.05163
63.0,-67.5,1880.14416,2.70259
64.0,-67.5,1882.85986,0.04052
65.0,-67.5,1880.23653,0.0718
66.0,-67.5,1880.02633,0.0673
67.0,-67.5,1876.97303,0.04543
68.0,-67.5,1871.28535,0.17845
69.0,-67.5,1876.56009,0.28071
70.0,-67.5,1880.23979,0.17471
71.0,-67.5,1881.61717,-0.03788
76.0,-67.5,1861.88701,0.05716
77.0,-67.5,1839.29331,-0.04777
78.0,-67.5,1843.07288,-0.18832
79.0,-67.5,1869.53733,-0.02274
80.0,-67.5,1849.27077,2.62518
81.0,-67.5,1846.43676,0.50401
82.0,-67.5,1858.51802,0.06357
83.0,-67.5,1837.79116,1.58637
7.0,-66.5,1909.70425,-0.15083
8.0,-66.5,1919.1466,0.00769
9.0,-66.5,1921.41978,0.21427
10.0,-66.5,1910.3506,0.06755
11.0,-66.5,1914.1337,0.02987
12.0,-66.5,1908.8411,-0.02773
13.0,-66.5,1917.46516,0.0178
14.0,-66.5,1918.52854,0.04108
15.0,-66.5,1915.20519,-0.03606
16.0,-66.5,1912.62352,0.04637
17.0,-66.5,1912.09217,-0.08135
18.0,-66.5,1911.80381,0.02093
19.0,-66.5,1919.64549,0.06072
20.0,-66.5,1915.68121,0.01115
21.0,-66.5,1916.45098,-0.03311
22.0,-66.5,1915.81963,5.8257
23.0,-66.5,1917.28434,-1.47824
24.0,-66.5,1916.67746,0.00835
25.0,-66.5,1915.78103,-23.53632
26.0,-66.5,1911.67842,-0.07619
27.0,-66.5,1913.37253,-0.10834
28.0,-66.5,1904.74712,-0.39261
29.0,-66.5,1898.90392,-0.0644
30.0,-66.5,1906.17908,-0.01873
31.0,-66.5,1914.60446,-0.10927
32.0,-66.5,1911.79695,-0.10179
33.0,-66.5,1913.57136,-0.01436
34.0,-66.5,1911.73576,-0.04945
35.0,-66.5,1911.92283,-0.02682
36.0,-66.5,1915.19444,-0.01937
37.0,-66.5,1902.63824,-0.10611
38.0,-66.5,1913.0751,0.02118
39.0,-66.5,1918.53594,0.06335
40.0,-66.5,1924.99206,0.06165
41.0,-66.5,1926.34858,0.04658
42.0,-66.5,1922.48875,0.00699
43.0,-66.5,1917.5034,-0.04965
44.0,-66.5,1900.74904,0.02827
45.0,-66.5,1891.42426,0.01075
46.0,-66.5,1892.4371,0.02699
47.0,-66.5,1883.98859,0.02315
48.0,-66.5,1886.8917,0.06284
49.0,-66.5,1887.2138,0.14268
50.0,-66.5,1888.59814,0.13358
51.0,-66.5,1889.05333,0.05926
52.0,-66.5,1885.77395,0.03193
53.0,-66.5,1881.48186,0.0553
54.0,-66.5,1873.22775,0.02297
55.0,-66.5,1867.08172,0.04281
56.0,-66.5,1872.18865,0.06563
57.0,-66.5,1875.47459,0.08047
58.0,-66.5,1879.6769,0.0544
59.0,-66.5,1886.31825,0.19602
62.0,-66.5,1877.30659,0.09657
63.0,-66.5,1869.24402,0.14188
64.0,-66.5,1882.36756,0.05307
65.0,-66.5,1870.44682,-0.15974
66.0,-66.5,1872.79162,-0.24954
67.0,-66.5,1861.05187,0.11958
68.0,-66.5,1872.75578,0.10781
69.0,-66.5,1882.99071,0.01019
70.0,-66.5,1871.762,-0.66099
76.0,-66.5,1863.12678,0.19864
77.0,-66.5,1854.75645,-0.16991
78.0,-66.5,1838.77735,0.01983
79.0,-66.5,1856.2894,-0.02259
80.0,-66.5,1861.08521,0.23263
81.0,-66.5,1850.24083,3.91257
82.0,-66.5,1853.66303,1.59574
83.0,-66.5,1840.94961,0.31424
7.0,-65.5,1891.95568,-0.01631
8.0,-65.5,1920.03534,0.06493
9.0,-65.5,1914.98054,0.07047
10.0,-65.5,1904.01128,-0.02
11.0,-65.5,1918.52689,0.01709
12.0,-65.5,1916.20227,-0.00016
13.0,-65.5,1912.48696,0.01768
14.0,-65.5,1917.16425,0.00337
15.0,-65.5,1916.72981,0.00932
16.0,-65.5,1919.61111,-0.03347
17.0,-65.5,1916.5138,-0.06499
18.0,-65.5,1902.05411,-0.00548
19.0,-65.5,1912.84088,-0.0639
20.0,-65.5,1914.40492,-0.01682
21.0,-65.5,1915.21993,0.66906
22.0,-65.5,1916.50831,-0.02402
23.0,-65.5,1918.83411,0.00717
24.0,-65.5,1916.90677,-0.1477
25.0,-65.5,1912.67331,-0.81182
26.0,-65.5,1911.68197,0.23987
27.0,-65.5,1914.94785,0.01296
28.0,-65.5,1911.14247,-0.07434
29.0,-65.5,1911.92996,-0.19177
30.0,-65.5,1916.25447,-0.02254
31.0,-65.5,1915.25304,1.13182
32.0,-65.5,1914.03574,-0.00288
33.0,-65.5,1909.38498,-0.02326
34.0,-65.5,1912.7299,-0.03524
35.0,-65.5,1912.6872,0.13977
36.0,-65.5,1910.21331,0.05474
37.0,-65.5,1909.3523,-0.17872
38.0,-65.5,1917.78438,-0.19714
39.0,-65.5,1919.08505,0.02942
40.0,-65.5,1923.47495,0.04235
41.0,-65.5,1930.2212,0.04569
42.0,-65.5,1927.61038,0.04539
43.0,-65.5,1909.26274,0.03577
44.0,-65.5,1896.64071,0.02062
45.0,-65.5,1889.33947,-0.03924
46.0,-65.5,1891.47959,0.02254
47.0,-65.5,1889.11752,0.03705
48.0,-65.5,1886.25607,0.00264
49.0,-65.5,1881.18901,0.05233
50.0,-65.5,1880.27437,-3.79574
51.0,-65.5,1890.36313,0.02266
52.0,-65.5,1885.44115,0.02868
53.0,-65.5,1879.81548,0.0555
54.0,-65.5,1877.00583,0.03115
55.0,-65.5,1874.43027,0.04789
56.0,-65.5,1871.80902,0.05755
57.0,-65.5,1876.20217,0.04295
58.0,-65.5,1881.01943,0.27518
59.0,-65.5,1884.63962,-0.41144
60.0,-65.5,1884.78531,0.09493
61.0,-65.5,1878.90043,0.01029
62.0,-65.5,1882.58678,0.17774
63.0,-65.5,1880.84052,0.12864
64.0,-65.5,1879.46374,-0.01768
65.0,-65.5,1859.53663,-1.73688
66.0,-65.5,1870.2613,-0.22184
67.0,-65.5,1859.17032,0.16005
68.0,-65.5,1872.44788,0.01964
76.0,-65.5,1865.98483,0.02919
77.0,-65.5,1854.87556,-1.31802
78.0,-65.5,1839.21934,-1.63516
79.0,-65.5,1842.91701,-0.03681
80.0,-65.5,1859.92194,1.49408
81.0,-65.5,1854.74407,0.68565
82.0,-65.5,1845.78931,1.01159
83.0,-65.5,1839.10965,-7.59864
7.0,-64.5,1890.09639,-0.29767
8.0,-64.5,1919.79552,0.03214
9.0,-64.5,1921.48689,0.00895
10.0,-64.5,1910.68846,0.03172
11.0,-64.5,1920.33185,0.02198
12.0,-64.5,1915.28603,0.12099
13.0,-64.5,1915.93482,-0.03339
14.0,-64.5,1917.59511,-0.00365
15.0,-64.5,1914.44449,-0.21235
16.0,-64.5,1914.24183,-0.03074
17.0,-64.5,1915.60795,0.00103
18.0,-64.5,1902.3245,-0.00287
19.0,-64.5,1912.14781,-0.02335
20.0,-64.5,1914.52644,-0.00449
21.0,-64.5,1912.86086,0.00081
22.0,-64.5,1915.46114,-0.03778
23.0,-64.5,1918.98692,-0.05248
24.0,-64.5,1920.03046,-0.07064
25.0,-64.5,1916.14246,0.16668
26.0,-64.5,1914.89502,0.00464
27.0,-64.5,1914.07597,0.19913
28.0,-64.5,1908.72782,0.98792
29.0,-64.5,1912.81153,-0.04027
30.0,-64.5,1907.13192,-0.23252
31.0,-64.5,1910.67519,-0.0792
32.0,-64.5,1914.18402,0.00993
33.0,-64.5,1915.7869,0.07597
34.0,-64.5,1916.31598,0.05372
35.0,-64.5,1910.21667,0.01568
36.0,-64.5,1911.42787,0.12111
37.0,-64.5,1909.93866,-0.08176
38.0,-64.5,1917.65598,0.0069
39.0,-64.5,1918.05784,0.04153
40.0,-64.5,1918.7226,0.01036
41.0,-64.5,1927.87744,0.08839
42.0,-64.5,1922.49406,0.12801
43.0,-64.5,1914.01902,0.06059
44.0,-64.5,1894.24485,-0.02375
45.0,-64.5,1891.65206,0.01461
46.0,-64.5,1885.74725,0.02989
47.0,-64.5,1875.98956,0.1758
48.0,-64.5,1873.4362,-0.02342
49.0,-64.5,1874.65573,-0.10094
50.0,-64.5,1886.23555,0.06209
51.0,-64.5,1887.9449,0.03005
52.0,-64.5,1884.13976,0.04047
53.0,-64.5,1883.27686,0.04152
54.0,-64.5,1880.47325,0.03447
55.0,-64.5,1874.96273,0.05676
56.0,-64.5,1879.65396,0.04862
57.0,-64.5,1877.97988,0.03444
58.0,-64.5,1880.27393,0.04467
59.0,-64.5,1884.44655,0.09789
60.0,-64.5,1869.25126,0.16033
61.0,-64.5,1879.42377,0.14377
62.0,-64.5,1874.74264,0.36058
63.0,-64.5,1876.6621,-0.31421
64.0,-64.5,1881.07621,-0.08731
65.0,-64.5,1861.62136,-5.70117
66.0,-64.5,1883.45578,1.22997
67.0,-64.5,1781.82644,1.38392
68.0,-64.5,1871.91797,0.30773
76.0,-64.5,1866.26092,-0.0111
77.0,-64.5,1843.58426,0.02665
78.0,-64.5,1837.08676,0.03506
79.0,-64.5,1840.67493,0.01569
80.0,-64.5,1858.6536,-0.03795
81.0,-64.5,1848.01799,0.67588
82.0,-64.5,1849.45194,1.22074
83.0,-64.5,1841.21676,5.24669
7.0,-63.5,1899.00643,0.08647
8.0,-63.5,1919.16157,0.13672
9.0,-63.5,1933.15894,-0.02276
10.0,-63.5,1919.03754,-0.15509
11.0,-63.5,1908.68136,0.02227
12.0,-63.5,1915.30444,-0.3298
13.0,-63.5,1918.50577,0.50914
14.0,-63.5,1922.57697,0.01943
15.0,-63.5,1918.76406,-0.00362
16.0,-63.5,1919.42347,0.00723
17.0,-63.5,1916.60415,-0.0239
18.0,-63.5,1914.12902,-0.0416
19.0,-63.5,1921.53245,-0.00065
20.0,-63.5,1922.86379,-0.03966
21.0,-63.5,1921.50616,0.00387
22.0,-63.5,1919.16913,-0.05419
23.0,-63.5,1914.05419,0.03308
24.0,-63.5,1913.60084,-0.06726
25.0,-63.5,1913.28053,-0.08318
26.0,-63.5,1913.84859,0.02451
27.0,-63.5,1916.57397,-0.00725
28.0,-63.5,1912.51804,-0.02499
29.0,-63.5,1910.72521,-0.04248
30.0,-63.5,1917.15194,-0.05673
31.0,-63.5,1913.87177,-0.10936
32.0,-63.5,1911.72043,0.05378
33.0,-63.5,1914.73931,0.02409
34.0,-63.5,1916.86781,0.01734
35.0,-63.5,1917.19239,-0.18487
36.0,-63.5,1917.17746,0.09578
37.0,-63.5,1916.55671,-0.00117
38.0,-63.5,1914.45039,-0.0824
39.0,-63.5,1906.80768,0.10334
40.0,-63.5,1918.10144,0.01924
41.0,-63.5,1928.97325,0.19992
42.0,-63.5,1924.47079,0.00965
43.0,-63.5,1915.8344,0.02285
44.0,-63.5,1906.97377,0.14558
45.0,-63.5,1894.0729,0.00339
46.0,-63.5,1887.8418,0.03242
47.0,-63.5,1889.64455,-0.03022
48.0,-63.5,1884.45283,-2.73297
49.0,-63.5,1881.18018,-0.92741
50.0,-63.5,1886.86802,0.03889
51.0,-63.5,1889.09064,0.0252
52.0,-63.5,1875.98586,0.01259
53.0,-63.5,1880.04503,0.03472
54.0,-63.5,1877.43756,0.02967
55.0,-63.5,1874.75834,0.05509
56.0,-63.5,1879.80172,0.04973
57.0,-63.5,1882.95878,0.03675
58.0,-63.5,1882.69605,0.16882
59.0,-63.5,1876.3595,-9.69
60.0,-63.5,1892.60421,0.2808
63.0,-63.5,1871.34627,0.81455
64.0,-63.5,1894.57372,0.00617
65.0,-63.5,1877.48858,-0.12552
66.0,-63.5,1857.9341,-0.02801
67.0,-63.5,1867.78804,0.00416
68.0,-63.5,1877.10426,0.12324
76.0,-63.5,1859.06165,-0.02335
77.0,-63.5,1841.8555,0.03808
78.0,-63.5,1832.22155,0.03739
79.0,-63.5,1837.40163,0.02095
80.0,-63.5,1862.33319,0.01023
81.0,-63.5,1845.93358,-0.3939
82.0,-63.5,1845.20749,0.74717
83.0,-63.5,1848.79722,-0.07
7.0,-62.5,1888.10306,0.15477
8.0,-62.5,1902.29882,0.4142
9.0,-62.5,1921.53255,0.06452
10.0,-62.5,1886.20837,-0.01999
11.0,-62.5,1911.44482,0.03276
12.0,-62.5,1921.58019,-0.01854
13.0,-62.5,1922.49299,0.01084
14.0,-62.5,1919.22945,0.02617
15.0,-62.5,1916.15306,0.03744
16.0,-62.5,1919.28764,0.04544
17.0,-62.5,1907.22992,-0.00189
18.0,-62.5,1911.30365,-0.06322
19.0,-62.5,1920.08987,-0.05337
20.0,-62.5,1920.82614,-0.06136
21.0,-62.5,1914.96706,-0.02839
22.0,-62.5,1920.48572,-0.02805
23.0,-62.5,1919.41098,-0.00986
24.0,-62.5,1912.56979,-0.01303
25.0,-62.5,1908.22557,-0.05058
26.0,-62.5,1911.50508,-0.00636
27.0,-62.5,1912.32762,0.00509
28.0,-62.5,1916.42794,0.09042
29.0,-62.5,1905.33874,-0.09956
30.0,-62.5,1906.88557,-0.0087
31.0,-62.5,1911.3135,-0.00626
32.0,-62.5,1912.01558,-0.02276
33.0,-62.5,1917.20561,-0.12165
34.0,-62.5,1916.93078,-0.16616
35.0,-62.5,1914.90029,-0.06125
36.0,-62.5,1914.94799,-0.03213
37.0,-62.5,1912.88179,0.03892
38.0,-62.5,1913.40788,-0.07898
39.0,-62.5,1911.88882,0.02357
40.0,-62.5,1917.52612,-0.01813
41.0,-62.5,1927.65203,0.19031
42.0,-62.5,1922.44747,0.04831
43.0,-62.5,1914.66832,-0.00531
44.0,-62.5,1907.93258,0.03475
45.0,-62.5,1892.22199,-0.08812
46.0,-62.5,1888.92362,0.04036
47.0,-62.5,1900.53404,-0.15046
48.0,-62.5,1889.25269,3.51486
49.0,-62.5,1884.9693,0.02949
50.0,-62.5,1881.53488,0.07372
51.0,-62.5,1891.28718,0.01627
52.0,-62.5,1876.50763,0.02511
53.0,-62.5,1878.68599,0.03028
54.0,-62.5,1878.7295,0.03636
55.0,-62.5,1876.68586,0.03689
56.0,-62.5,1880.7163,-0.00746
57.0,-62.5,1880.37838,0.00471
58.0,-62.5,1881.94767,0.65038
59.0,-62.5,1858.22374,34.00151
65.0,-62.5,1879.55078,-0.41434
66.0,-62.5,1864.96335,-0.11718
67.0,-62.5,1869.14948,0.08001
76.0,-62.5,1859.83509,0.05348
77.0,-62.5,1841.45202,0.04032
78.0,-62.5,1829.96568,0.03544
79.0,-62.5,1835.42964,0.02508
80.0,-62.5,1868.43551,0.00879
81.0,-62.5,1844.95047,-11.31803
82.0,-62.5,1852.33328,6.60553
83.0,-62.5,1841.79179,-0.07871
7.0,-61.5,1894.92693,-0.38429
8.0,-61.5,1890.4426,0.36737
9.0,-61.5,1887.61266,0.03066
10.0,-61.5,1873.92289,0.02158
11.0,-61.5,1904.8223,0.51511
12.0,-61.5,1905.36941,-0.00136
13.0,-61.5,1900.57617,0.99528
14.0,-61.5,1914.2599,0.02674
15.0,-61.5,1896.49023,0.06041
16.0,-61.5,1888.1349,-0.08185
17.0,-61.5,1909.40713,-0.01217
18.0,-61.5,1910.09411,-0.13756
19.0,-61.5,1920.61284,-0.0668
20.0,-61.5,1923.42027,-0.08965
21.0,-61.5,1918.36809,-0.0217
22.0,-61.5,1916.0972,-0.01768
23.0,-61.5,1911.07815,-0.26831
24.0,-61.5,1910.02824,0.02627
25.0,-61.5,1910.88747,-0.03412
26.0,-61.5,1913.85805,0.0051
27.0,-61.5,1912.32302,-0.03573
28.0,-61.5,1913.37928,-0.00641
29.0,-61.5,1910.73897,-0.01905
30.0,-61.5,1914.90757,0.0205
31.0,-61.5,1916.22961,-0.00538
32.0,-61.5,1917.01498,0.00773
33.0,-61.5,1914.94547,-0.0349
34.0,-61.5,1913.881,0.00277
35.0,-61.5,1911.21037,0.08563
36.0,-61.5,1911.88151,-0.00582
37.0,-61.5,1912.47995,0.01299
38.0,-61.5,1913.55327,0.00246
39.0,-61.5,1915.31763,0.02298
40.0,-61.5,1918.06486,0.01552
41.0,-61.5,1914.34444,0.07079
42.0,-61.5,1906.71671,-0.04419
43.0,-61.5,1907.93829,-0.06386
44.0,-61.5,1909.52409,-0.0056
45.0,-61.5,1895.74504,0.03272
46.0,-61.5,1878.67636,0.03464
47.0,-61.5,1888.86626,-0.07432
48.0,-61.5,1896.55429,-0.58105
49.0,-61.5,1886.18761,-0.27042
50.0,-61.5,1894.25296,-0.14779
51.0,-61.5,1890.30436,0.0327
52.0,-61.5,1878.5336,0.02025
53.0,-61.5,1876.97117,0.01966
54.0,-61.5,1878.70892,0.05617
55.0,-61.5,1879.02423,0.00165
56.0,-61.5,1877.87922,0.05251
57.0,-61.5,1876.54823,0.07149
58.0,-61.5,1857.34427,-0.07718
66.0,-61.5,1858.55838,0.96544
67.0,-61.5,1860.90489,-0.03514
76.0,-61.5,1861.72229,0.06982
77.0,-61.5,1840.97242,0.04429
78.0,-61.5,1828.42734,0.03618
79.0,-61.5,1833.26133,0.02521
80.0,-61.5,1859.86613,1.38197
81.0,-61.5,1852.81011,-21.35281
82.0,-61.5,1850.88648,7.23112
83.0,-61.5,1840.02619,-0.08385
7.0,-60.5,1877.99258,0.51968
8.0,-60.5,1870.80667,0.29914
9.0,-60.5,1869.66733,0.07912
10.0,-60.5,1903.82221,-0.0013
11.0,-60.5,1902.86251,0.04321
12.0,-60.5,1916.09168,-0.07793
13.0,-60.5,1916.07709,0.08588
14.0,-60.5,1905.97008,0.01826
15.0,-60.5,1912.56404,0.27038
16.0,-60.5,1918.95851,-0.0296
17.0,-60.5,1914.63482,0.13789
18.0,-60.5,1911.37478,0.1798
19.0,-60.5,1919.67976,0.01136
20.0,-60.5,1918.16351,0.01608
21.0,-60.5,1920.74845,0.01384
22.0,-60.5,1918.88142,0.00225
23.0,-60.5,1916.82593,-0.0155
24.0,-60.5,1918.83577,0.01918
25.0,-60.5,1916.39796,0.01416
26.0,-60.5,1916.46237,0.00645
27.0,-60.5,1914.81904,0.93954
28.0,-60.5,1915.31491,0.00526
29.0,-60.5,1916.38587,0.04485
30.0,-60.5,1913.85223,-0.00465
31.0,-60.5,1917.34578,-0.12369
32.0,-60.5,1914.06786,-0.01961
33.0,-60.5,1914.76858,-0.0087
34.0,-60.5,1913.63766,-0.03622
35.0,-60.5,1914.70451,-0.04881
36.0,-60.5,1907.40684,-0.07453
37.0,-60.5,1910.28175,0.0334
38.0,-60.5,1912.48321,-0.08678
39.0,-60.5,1915.84889,0.02932
40.0,-60.5,1913.01403,-0.06202
41.0,-60.5,1914.64494,-0.18703
42.0,-60.5,1914.46488,-0.04615
43.0,-60.5,1907.0758,0.06379
44.0,-60.5,1907.90957,-0.05276
45.0,-60.5,1902.07101,0.08067
46.0,-60.5,1887.95243,0.00214
47.0,-60.5,1887.05655,-0.43961
48.0,-60.5,1899.40595,-0.97064
49.0,-60.5,1897.09018,-0.23016
50.0,-60.5,1889.45879,-0.06345
51.0,-60.5,1882.23057,0.04795
52.0,-60.5,1878.77686,0.03747
53.0,-60.5,1875.10196,0.05596
54.0,-60.5,1879.35121,0.04498
55.0,-60.5,1880.14197,0.01537
56.0,-60.5,1884.25296,-0.0909
57.0,-60.5,1886.44072,0.49636
66.0,-60.5,1848.19845,-1.31248
67.0,-60.5,1779.07358,-3.5525
75.0,-60.5,1879.7397,-0.01026
76.0,-60.5,1864.90788,-0.05783
77.0,-60.5,1838.91087,0.04609
78.0,-60.5,1827.31486,0.03206
79.0,-60.5,1831.55296,0.03095
80.0,-60.5,1853.37654,-0.00362
81.0,-60.5,1851.30401,0.02063
82.0,-60.5,1850.69815,-3.72746
83.0,-60.5,1869.90606,-4.68498
7.0,-59.5,1885.32716,1.13506
8.0,-59.5,1866.73845,-0.12317
9.0,-59.5,1908.08402,-0.00407
10.0,-59.5,1906.76539,0.00518
11.0,-59.5,1918.73772,0.05926
12.0,-59.5,1913.78116,-0.333
13.0,-59.5,1910.64096,0.06319
14.0,-59.5,1922.7111,0.15769
15.0,-59.5,1921.82771,0.08668
16.0,-59.5,1917.46726,-0.04893
17.0,-59.5,1919.67786,0.03502
18.0,-59.5,1920.98314,0.05304
19.0,-59.5,1919.06263,0.06591
20.0,-59.5,1916.93512,0.06881
21.0,-59.5,1922.63236,-0.01071
22.0,-59.5,1920.72916,-0.00543
23.0,-59.5,1921.80382,0.18953
24.0,-59.5,1922.45577,0.02483
25.0,-59.5,1919.23592,-0.07531
26.0,-59.5,1916.20582,-0.0247
27.0,-59.5,1914.03477,0.04075
28.0,-59.5,1909.94327,0.03331
29.0,-59.5,1916.81995,-1.0158
30.0,-59.5,1913.20617,-0.14381
31.0,-59.5,1911.93932,-0.01401
32.0,-59.5,1908.24671,-0.02787
33.0,-59.5,1917.46543,-0.00551
34.0,-59.5,1919.12973,0.00644
35.0,-59.5,1917.39019,-0.00195
36.0,-59.5,1913.63942,-0.07415
37.0,-59.5,1900.97603,-0.09191
38.0,-59.5,1903.13665,0.09246
39.0,-59.5,1909.4008,0.01912
40.0,-59.5,1908.92924,-0.00689
41.0,-59.5,1908.54093,-0.02107
42.0,-59.5,1909.039,-0.02767
43.0,-59.5,1911.19905,0.06373
44.0,-59.5,1910.01055,0.08143
45.0,-59.5,1911.5541,0.06139
46.0,-59.5,1893.33473,-0.537
47.0,-59.5,1891.09944,0.40994
48.0,-59.5,1888.02372,-0.10492
49.0,-59.5,1891.63006,0.06149
50.0,-59.5,1898.58043,-0.18727
51.0,-59.5,1884.41756,-5.62028
52.0,-59.5,1881.38824,0.05662
53.0,-59.5,1874.45793,0.0746
54.0,-59.5,1878.95133,-1.06896
55.0,-59.5,1880.07018,-5.01411
56.0,-59.5,1882.72661,17.80669
75.0,-59.5,1873.34292,0.06273
76.0,-59.5,1858.43629,0.02309
77.0,-59.5,1837.38079,0.04172
78.0,-59.5,1825.63801,0.03163
79.0,-59.5,1829.99774,0.03466
80.0,-59.5,1843.04016,0.0224
81.0,-59.5,1845.45244,0.21038
82.0,-59.5,1863.74985,48.1532
7.0,-58.5,1876.9509,-0.08795
8.0,-58.5,1905.0413,0.62769
9.0,-58.5,1903.48291,-0.10393
10.0,-58.5,1914.80814,-0.07531
11.0,-58.5,1917.6294,-0.12507
12.0,-58.5,1913.13617,0.03189
13.0,-58.5,1919.09632,0.14217
14.0,-58.5,1924.50075,-0.0314
15.0,-58.5,1923.31713,0.63359
16.0,-58.5,1927.9321,-0.04601
17.0,-58.5,1924.4504,-0.02484
18.0,-58.5,1919.989,-0.02125
19.0,-58.5,1912.48684,-0.05838
20.0,-58.5,1920.1773,-0.02235
21.0,-58.5,1920.8709,-0.00385
22.0,-58.5,1920.03423,-0.00496
23.0,-58.5,1916.63792,-0.00964
24.0,-58.5,1918.56028,0.0195
25.0,-58.5,1918.17326,0.02999
26.0,-58.5,1916.93676,0.03457
27.0,-58.5,1911.66727,-0.0003
28.0,-58.5,1913.76155,0.00223
29.0,-58.5,1915.71115,-0.04334
30.0,-58.5,1913.15527,0.00356
31.0,-58.5,1904.54791,-0.03297
32.0,-58.5,1910.16288,0.37923
33.0,-58.5,1912.53013,0.00392
34.0,-58.5,1915.18515,0.00524
35.0,-58.5,1914.42101,-0.03019
36.0,-58.5,1914.68386,-0.02041
37.0,-58.5,1908.22741,0.01879
38.0,-58.5,1903.66815,-0.02706
39.0,-58.5,1906.81555,-0.19807
40.0,-58.5,1910.2116,-0.00104
41.0,-58.5,1911.41933,-0.0012
42.0,-58.5,1911.1492,-0.05727
43.0,-58.5,1908.62469,0.25021
44.0,-58.5,1919.84396,0.01915
45.0,-58.5,1913.63214,0.02725
46.0,-58.5,1901.9998,-0.37641
47.0,-58.5,1895.99991,-0.86493
48.0,-58.5,1891.56117,-0.02005
49.0,-58.5,1871.79967,0.10222
50.0,-58.5,1863.29527,0.07531
51.0,-58.5,1882.39677,-5.70854
52.0,-58.5,1880.15665,0.04975
53.0,-58.5,1876.5273,0.02655
54.0,-58.5,1873.61708,0.01064
55.0,-58.5,1885.0933,-0.23079
75.0,-58.5,1870.94905,-3.73305
76.0,-58.5,1857.26272,0.01161
77.0,-58.5,1835.34303,0.0372
78.0,-58.5,1825.26364,0.03111
79.0,-58.5,1829.31213,0.03598
80.0,-58.5,1839.95421,0.02594
81.0,-58.5,1846.88248,-0.72151
82.0,-58.5,1853.29681,15.30009
7.0,-57.5,1903.25554,0.1407
8.0,-57.5,1914.91209,0.03185
9.0,-57.5,1908.9468,0.29754
10.0,-57.5,1915.99121,0.41586
11.0,-57.5,1919.16759,-0.00601
12.0,-57.5,1915.06021,0.02545
13.0,-57.5,1918.35242,0.06557
14.0,-57.5,1916.53733,0.77326
15.0,-57.5,1917.02661,-0.03421
16.0,-57.5,1922.11758,-0.01573
17.0,-57.5,1921.23212,-0.02771
18.0,-57.5,1921.92888,0.07701
19.0,-57.5,1916.71706,0.15652
20.0,-57.5,1918.64023,0.26471
21.0,-57.5,1919.27284,-0.00167
22.0,-57.5,1920.10959,-0.00082
23.0,-57.5,1919.93213,-0.01398
24.0,-57.5,1918.12154,0.01542
25.0,-57.5,1915.64164,-0.01552
26.0,-57.5,1915.35551,0.0236
27.0,-57.5,1911.18975,2.64354
28.0,-57.5,1913.47487,-0.6392
29.0,-57.5,1914.74045,-1.00987
30.0,-57.5,1911.39316,0.00028
31.0,-57.5,1907.32132,-0.09471
32.0,-57.5,1914.78097,-0.2386
33.0,-57.5,1912.82054,-0.01514
34.0,-57.5,1909.72693,-0.02974
35.0,-57.5,1915.51577,-0.01672
36.0,-57.5,1915.02372,0.02918
37.0,-57.5,1917.06165,0.03108
38.0,-57.5,1912.20214,0.34108
39.0,-57.5,1914.96794,-0.1043
40.0,-57.5,1904.08138,-0.12179
41.0,-57.5,1903.23232,0.23402
42.0,-57.5,1903.14987,0.83022
43.0,-57.5,1909.41066,-0.23252
44.0,-57.5,1913.86388,-0.30163
45.0,-57.5,1912.81106,-0.10494
46.0,-57.5,1908.39336,-0.49224
47.0,-57.5,1896.08773,-0.11299
48.0,-57.5,1894.67037,0.02764
49.0,-57.5,1893.27671,0.0271
50.0,-57.5,1888.34966,0.05238
51.0,-57.5,1868.42013,0.08335
52.0,-57.5,1885.54507,0.04837
53.0,-57.5,1879.19511,0.04687
54.0,-57.5,1876.12487,0.00889
55.0,-57.5,1875.55508,0.26908
73.0,-57.5,1830.86527,14.9809
74.0,-57.5,1879.14528,-0.27449
75.0,-57.5,1866.89138,0.02706
76.0,-57.5,1850.82571,0.04613
77.0,-57.5,1834.17225,0.03744
78.0,-57.5,1825.80384,0.0285
79.0,-57.5,1828.35413,0.03574
80.0,-57.5,1838.86956,0.03023
81.0,-57.5,1842.73441,0.05907
82.0,-57.5,1853.39149,-0.09935
7.0,-56.5,1914.64619,0.14964
8.0,-56.5,1911.41437,-0.31031
9.0,-56.5,1917.909,0.2957
10.0,-56.5,1923.04968,-1.63579
11.0,-56.5,1923.49153,-0.09755
12.0,-56.5,1919.88919,0.01038
13.0,-56.5,1916.20896,0.02631
14.0,-56.5,1916.83913,0.07869
15.0,-56.5,1917.7256,-0.20394
16.0,-56.5,1917.67803,-0.0947
17.0,-56.5,1916.40917,0.00221
18.0,-56.5,1920.47183,0.02535
19.0,-56.5,1923.51719,0.20733
20.0,-56.5,1920.80045,0.02465
21.0,-56.5,1917.5486,-0.27858
22.0,-56.5,1919.11431,-0.03664
23.0,-56.5,1917.4382,-0.07055
24.0,-56.5,1918.00895,-0.04498
25.0,-56.5,1917.4078,-0.02583
26.0,-56.5,1918.31695,-0.00462
27.0,-56.5,1912.62704,0.0469
28.0,-56.5,1919.50308,0.04061
29.0,-56.5,1921.14053,0.16079
30.0,-56.5,1918.57302,0.06462
31.0,-56.5,1908.55913,-0.03888
32.0,-56.5,1912.83417,-0.01013
33.0,-56.5,1914.58681,0.00552
34.0,-56.5,1913.15496,0.0224
35.0,-56.5,1915.49832,0.02616
36.0,-56.5,1911.51098,0.01427
37.0,-56.5,1912.40716,-0.06207
38.0,-56.5,1909.82291,0.00607
39.0,-56.5,1906.06605,0.16872
40.0,-56.5,1907.27844,-0.2702
41.0,-56.5,1908.98423,-0.13302
42.0,-56.5,1908.47686,-0.2879
43.0,-56.5,1910.64144,-0.03239
44.0,-56.5,1912.12411,-0.07927
45.0,-56.5,1915.45619,-0.05257
46.0,-56.5,1912.97117,0.07135
47.0,-56.5,1887.22336,-0.12774
48.0,-56.5,1892.47366,0.03272
49.0,-56.5,1894.76539,0.03515
50.0,-56.5,1885.57371,0.30606
51.0,-56.5,1888.8202,0.04628
52.0,-56.5,1884.20677,2.41932
53.0,-56.5,1879.32388,0.05261
54.0,-56.5,1883.69815,-0.66612
55.0,-56.5,1889.65812,0.34844
72.0,-56.5,1865.91616,-0.17748
73.0,-56.5,1871.62922,-14.47893
74.0,-56.5,1858.33016,0.05501
75.0,-56.5,1857.84631,0.03336
76.0,-56.5,1843.90455,0.03541
77.0,-56.5,1833.12997,0.03243
78.0,-56.5,1825.7212,0.02874
79.0,-56.5,1827.33285,0.03595
80.0,-56.5,1837.38401,0.03048
81.0,-56.5,1837.81672,-0.29856
82.0,-56.5,1847.57747,9.24176
7.0,-55.5,1918.10321,-0.04452
8.0,-55.5,1916.81985,-0.11372
9.0,-55.5,1920.66793,0.05373
10.0,-55.5,1918.03733,-0.54501
11.0,-55.5,1902.95319,-0.06993
12.0,-55.5,1915.4765,3.13151
13.0,-55.5,1918.97102,0.04789
14.0,-55.5,1915.29965,-0.01258
15.0,-55.5,1918.2295,-0.06638
16.0,-55.5,1923.8736,0.00053
17.0,-55.5,1927.7624,0.05967
18.0,-55.5,1924.29472,0.05895
19.0,-55.5,1922.94741,0.00975
20.0,-55.5,1923.24572,-0.0063
21.0,-55.5,1920.11513,-0.02247
22.0,-55.5,1923.24869,0.03286
23.0,-55.5,1918.18894,-0.04199
24.0,-55.5,1918.72288,0.04348
25.0,-55.5,1921.25082,-0.05761
26.0,-55.5,1923.62702,0.01613
27.0,-55.5,1913.46357,1.58955
28.0,-55.5,1914.38111,1.6373
29.0,-55.5,1914.68859,1.48427
30.0,-55.5,1911.49062,0.0342
31.0,-55.5,1909.13506,0.01738
32.0,-55.5,1913.36647,0.04595
33.0,-55.5,1907.35566,-0.01561
34.0,-55.5,1908.2371,0.03603
35.0,-55.5,1910.55966,0.05627
36.0,-55.5,1912.38781,0.01412
37.0,-55.5,1912.72735,-0.04269
38.0,-55.5,1915.55822,0.39602
39.0,-55.5,1908.72516,0.07346
40.0,-55.5,1911.2645,-0.04869
41.0,-55.5,1911.00518,-0.0119
42.0,-55.5,1912.43126,-0.23021
43.0,-55.5,1913.69332,0.02994
44.0,-55.5,1912.31991,0.00848
45.0,-55.5,1906.41109,-0.12186
46.0,-55.5,1901.0867,-0.02966
47.0,-55.5,1892.18123,0.14399
48.0,-55.5,1891.9377,0.02069
49.0,-55.5,1887.8644,0.02455
50.0,-55.5,1877.61492,0.06029
51.0,-55.5,1875.98001,0.15668
52.0,-55.5,1877.45936,-0.29418
53.0,-55.5,1874.35758,0.2699
54.0,-55.5,1892.03874,-0.72363
70.0,-55.5,1797.2894,-2.01688
71.0,-55.5,1839.48948,-0.34555
72.0,-55.5,1854.83107,0.15965
73.0,-55.5,1852.61064,0.09038
74.0,-55.5,1856.24597,0.04485
75.0,-55.5,1852.52667,0.03275
76.0,-55.5,1837.97755,0.03238
77.0,-55.5,1831.67598,0.03046
78.0,-55.5,1825.00181,0.02813
79.0,-55.5,1827.01244,0.03288
80.0,-55.5,1835.53749,0.02742
81.0,-55.5,1836.82308,-0.02912
82.0,-55.5,1833.0829,-0.15334
7.0,-54.5,1911.47372,-0.00051
8.0,-54.5,1907.12614,0.49382
9.0,-54.5,1928.01307,-0.91455
10.0,-54.5,1925.03968,-0.0206
11.0,-54.5,1908.40285,-0.02746
12.0,-54.5,1920.05687,-0.10446
13.0,-54.5,1917.66726,0.03733
14.0,-54.5,1913.13413,0.07051
15.0,-54.5,1922.72634,0.00615
16.0,-54.5,1924.97589,0.094
17.0,-54.5,1924.31697,0.03691
18.0,-54.5,1921.56781,0.04693
19.0,-54.5,1926.75557,-0.00733
20.0,-54.5,1924.43906,0.02863
21.0,-54.5,1925.6191,-0.0059
22.0,-54.5,1926.83838,0.02901
23.0,-54.5,1925.79446,0.00205
24.0,-54.5,1921.60622,0.00368
25.0,-54.5,1918.41868,0.00798
26.0,-54.5,1921.17694,0.09192
27.0,-54.5,1921.74412,0.74574
28.0,-54.5,1917.45151,1.51587
29.0,-54.5,1920.223,0.04061
30.0,-54.5,1912.36707,0.02334
31.0,-54.5,1909.50429,-0.02693
32.0,-54.5,1909.45694,0.02618
33.0,-54.5,1907.38649,0.0307
34.0,-54.5,1910.4876,0.02166
35.0,-54.5,1918.66113,0.04734
36.0,-54.5,1914.23083,-0.03768
37.0,-54.5,1921.04635,0.03783
38.0,-54.5,1919.05067,0.01573
39.0,-54.5,1910.23412,-0.01174
40.0,-54.5,1912.57477,0.04528
41.0,-54.5,1902.24431,0.05337
42.0,-54.5,1908.6938,0.03631
43.0,-54.5,1909.52183,0.24018
44.0,-54.5,1907.36954,-0.02159
45.0,-54.5,1902.70005,-0.00145
46.0,-54.5,1903.25301,-0.04964
47.0,-54.5,1888.90231,-0.26794
48.0,-54.5,1894.59266,0.01938
49.0,-54.5,1885.48956,0.02337
50.0,-54.5,1875.40967,0.00272
66.0,-54.5,1815.02234,-0.0
67.0,-54.5,1862.88112,28.83022
68.0,-54.5,1887.45827,1.101
69.0,-54.5,1875.12484,-0.86046
70.0,-54.5,1814.43235,6.41784
71.0,-54.5,1837.52047,-1.10388
72.0,-54.5,1847.53161,0.05956
73.0,-54.5,1857.88936,0.0581
74.0,-54.5,1854.34574,0.03486
75.0,-54.5,1845.85561,0.03969
76.0,-54.5,1835.33291,0.02702
77.0,-54.5,1829.87862,0.03042
78.0,-54.5,1824.42374,0.02616
79.0,-54.5,1825.74742,0.03105
80.0,-54.5,1833.90006,0.02563
81.0,-54.5,1834.69167,0.16829
82.0,-54.5,1841.23516,0.09841
7.0,-53.5,1915.45934,-0.39108
8.0,-53.5,1909.53552,0.19738
9.0,-53.5,1916.38311,-0.06798
10.0,-53.5,1914.56539,-5.43865
11.0,-53.5,1918.59824,0.05655
12.0,-53.5,1923.06744,0.0222
13.0,-53.5,1919.44617,0.02179
14.0,-53.5,1916.74877,0.01474
15.0,-53.5,1920.85947,0.02529
16.0,-53.5,1920.97699,0.03913
17.0,-53.5,1925.27954,0.02876
18.0,-53.5,1917.79296,0.00658
19.0,-53.5,1920.65368,0.02735
20.0,-53.5,1919.71395,0.0354
21.0,-53.5,1918.97999,0.05707
22.0,-53.5,1923.10392,0.03071
23.0,-53.5,1923.69403,0.01788
24.0,-53.5,1920.65002,0.04778
25.0,-53.5,1922.19932,0.0123
26.0,-53.5,1919.86143,0.03482
27.0,-53.5,1921.67695,0.0351
28.0,-53.5,1917.77328,-0.01161
29.0,-53.5,1915.9554,0.011
30.0,-53.5,1912.05192,-1.59966
31.0,-53.5,1916.40594,0.02119
32.0,-53.5,1916.81277,0.22309
33.0,-53.5,1911.29204,0.03109
34.0,-53.5,1912.35349,-0.03151
35.0,-53.5,1923.62787,-0.00195
36.0,-53.5,1921.42036,-0.08606
37.0,-53.5,1920.76464,-0.03446
38.0,-53.5,1920.57976,0.0406
39.0,-53.5,1914.5936,-0.35364
40.0,-53.5,1921.18998,0.01769
41.0,-53.5,1915.15974,0.08213
42.0,-53.5,1916.34508,-0.20929
43.0,-53.5,1914.54779,-0.12598
44.0,-53.5,1915.01759,-0.22245
45.0,-53.5,1907.80943,-0.01542
46.0,-53.5,1902.35104,-0.07467
47.0,-53.5,1892.63524,-0.00491
48.0,-53.5,1880.77789,0.0848
49.0,-53.5,1877.38403,0.00191
50.0,-53.5,1874.03123,0.27529
65.0,-53.5,1862.1859,-0.00904
66.0,-53.5,1861.28196,0.58239
67.0,-53.5,1858.74939,0.30204
68.0,-53.5,1880.72189,0.08447
69.0,-53.5,1873.35281,0.68653
70.0,-53.5,1865.72309,0.95017
71.0,-53.5,1853.85012,-23.39172
72.0,-53.5,1846.92145,-0.71589
73.0,-53.5,1856.93807,0.0261
74.0,-53.5,1847.56313,0.03964
75.0,-53.5,1838.77773,0.03364
76.0,-53.5,1832.74764,0.02815
77.0,-53.5,1827.55017,0.03288
78.0,-53.5,1823.76039,0.0263
79.0,-53.5,1824.45307,0.03323
80.0,-53.5,1832.03638,0.02955
81.0,-53.5,1837.42562,0.21026
82.0,-53.5,1844.94807,-3.79068
83.0,-53.5,1829.13174,7.61338
7.0,-52.5,1907.55446,-3.75407
8.0,-52.5,1911.95688,0.03111
9.0,-52.5,1914.53146,-0.90263
10.0,-52.5,1911.68796,0.05885
11.0,-52.5,1921.75395,-1.7246
12.0,-52.5,1921.72477,0.00291
13.0,-52.5,1918.43574,0.35844
14.0,-52.5,1920.00815,0.0573
15.0,-52.5,1920.13505,0.01965
16.0,-52.5,1920.37598,0.21391
17.0,-52.5,1916.36111,0.03352
18.0,-52.5,1914.27585,-0.01814
19.0,-52.5,1913.91408,0.12787
20.0,-52.5,1915.01073,0.05199
21.0,-52.5,1918.92947,0.05113
22.0,-52.5,1922.20207,0.03022
23.0,-52.5,1921.09427,0.05198
24.0,-52.5,1919.11552,0.0111
25.0,-52.5,1918.77528,0.13196
26.0,-52.5,1921.92939,0.03053
27.0,-52.5,1912.08093,-0.00112
28.0,-52.5,1915.14445,0.29173
29.0,-52.5,1915.82874,-0.13306
30.0,-52.5,1914.44128,0.0243
31.0,-52.5,1916.124,-0.15318
32.0,-52.5,1913.58655,-0.11129
33.0,-52.5,1906.28851,-0.11256
34.0,-52.5,1908.15789,-0.00139
35.0,-52.5,1911.97181,-0.00611
36.0,-52.5,1917.49749,0.2402
37.0,-52.5,1916.26515,0.10106
38.0,-52.5,1918.90517,-0.0045
39.0,-52.5,1911.55456,-0.12089
40.0,-52.5,1916.33918,-0.02922
41.0,-52.5,1912.5498,-0.03199
42.0,-52.5,1909.13106,-0.15421
43.0,-52.5,1916.29319,0.19687
44.0,-52.5,1915.2757,-0.01753
45.0,-52.5,1909.56799,-0.00304
46.0,-52.5,1910.23651,-0.14362
47.0,-52.5,1897.57615,-0.18192
48.0,-52.5,1874.17972,-0.05132
49.0,-52.5,1842.8832,0.25444
50.0,-52.5,1889.74376,4.0
64.0,-52.5,1875.70754,0.02286
65.0,-52.5,1865.5334,0.06564
66.0,-52.5,1852.38919,0.16427
67.0,-52.5,1872.71327,-0.30646
68.0,-52.5,1882.35384,0.06978
69.0,-52.5,1870.69058,0.00732
70.0,-52.5,1867.34649,-8.19376
71.0,-52.5,1824.03064,0.20712
72.0,-52.5,1849.13908,0.10719
73.0,-52.5,1849.32627,0.04764
74.0,-52.5,1840.50933,0.03307
75.0,-52.5,1834.94848,0.0281
76.0,-52.5,1830.63586,0.0318
77.0,-52.5,1826.65774,0.03251
78.0,-52.5,1823.11599,0.02697
79.0,-52.5,1824.11614,0.03429
80.0,-52.5,1829.84377,0.03015
81.0,-52.5,1835.0924,0.06464
82.0,-52.5,1843.54381,-0.47371
83.0,-52.5,1829.20632,0.02857
7.0,-51.5,1914.34205,-2.38513
8.0,-51.5,1904.83257,-1.44544
9.0,-51.5,1908.25387,-0.03975
10.0,-51.5,1918.35949,0.03794
11.0,-51.5,1924.98771,0.0925
12.0,-51.5,1918.64885,0.00084
13.0,-51.5,1923.55489,0.05635
14.0,-51.5,1917.44556,0.13217
15.0,-51.5,1916.60446,0.15996
16.0,-51.5,1917.4726,0.04382
17.0,-51.5,1918.04628,0.00263
18.0,-51.5,1918.01491,0.04413
19.0,-51.5,1917.11109,0.02757
20.0,-51.5,1915.63843,0.03523
21.0,-51.5,1918.2542,0.05026
22.0,-51.5,1922.42288,0.06698
23.0,-51.5,1918.86369,-0.04249
24.0,-51.5,1923.23872,0.02069
25.0,-51.5,1921.50056,0.00377
26.0,-51.5,1919.99701,0.01648
27.0,-51.5,1915.47773,0.0095
28.0,-51.5,1913.81584,0.92618
29.0,-51.5,1915.64786,-1.41949
30.0,-51.5,1915.43004,0.01763
31.0,-51.5,1914.35327,0.00859
32.0,-51.5,1913.865,-0.00395
33.0,-51.5,1917.58267,-0.09739
34.0,-51.5,1909.85742,-0.01142
35.0,-51.5,1910.57434,-0.04716
36.0,-51.5,1909.06617,0.01475
37.0,-51.5,1907.65743,-0.00482
38.0,-51.5,1913.00257,-0.03848
39.0,-51.5,1912.56902,0.12388
40.0,-51.5,1911.50959,-0.04671
41.0,-51.5,1901.98607,0.06591
42.0,-51.5,1901.27432,-0.10682
43.0,-51.5,1914.61158,0.03809
44.0,-51.5,1908.69483,-0.01361
45.0,-51.5,1905.12827,-0.00156
46.0,-51.5,1907.17579,0.01089
47.0,-51.5,1907.35984,0.02032
48.0,-51.5,1885.95799,-0.14916
49.0,-51.5,1848.15954,-1.0
50.0,-51.5,1894.79358,0.0
63.0,-51.5,1877.41561,9.83175
64.0,-51.5,1873.07605,0.461
65.0,-51.5,1871.34297,2.98211
66.0,-51.5,1872.39508,-0.71068
67.0,-51.5,1881.94438,-0.10405
68.0,-51.5,1868.84501,0.11469
69.0,-51.5,1862.26654,0.08345
70.0,-51.5,1835.99118,0.75265
71.0,-51.5,1837.6659,-12.62042
72.0,-51.5,1843.95867,0.05835
73.0,-51.5,1843.35994,0.05474
74.0,-51.5,1837.89285,0.03143
75.0,-51.5,1833.26959,0.03076
76.0,-51.5,1828.00244,0.03166
77.0,-51.5,1825.98003,0.03463
78.0,-51.5,1822.36519,0.02574
79.0,-51.5,1823.07725,0.03747
80.0,-51.5,1827.62126,0.02934
81.0,-51.5,1841.35141,0.01641
82.0,-51.5,1842.71136,-1.73179
83.0,-51.5,1843.11142,0.48567
7.0,-50.5,1914.51988,-0.17037
8.0,-50.5,1911.4674,0.12518
9.0,-50.5,1918.52741,0.60794
10.0,-50.5,1923.6646,-1.2369
11.0,-50.5,1924.11416,-0.27728
12.0,-50.5,1925.15854,0.06738
13.0,-50.5,1926.88646,0.01086
14.0,-50.5,1920.82173,-0.07374
15.0,-50.5,1923.83791,0.02106
16.0,-50.5,1919.16237,-0.02167
17.0,-50.5,1918.1883,-0.06037
18.0,-50.5,1916.4032,0.06924
19.0,-50.5,1925.34285,0.06591
20.0,-50.5,1920.27845,-0.03187
21.0,-50.5,1919.87172,0.01969
22.0,-50.5,1922.00889,0.26793
23.0,-50.5,1918.9358,0.06521
24.0,-50.5,1919.29495,-0.20104
25.0,-50.5,1919.86018,0.03771
26.0,-50.5,1918.46939,0.01516
27.0,-50.5,1920.40931,0.78318
28.0,-50.5,1916.75998,0.07849
29.0,-50.5,1918.25864,0.00711
30.0,-50.5,1915.19579,-0.02697
31.0,-50.5,1911.97701,-0.00307
32.0,-50.5,1913.27381,0.01517
33.0,-50.5,1909.97751,0.00373
34.0,-50.5,1909.93462,-0.74448
35.0,-50.5,1913.32526,-0.00939
36.0,-50.5,1907.61895,-0.01082
37.0,-50.5,1908.38935,-0.01003
38.0,-50.5,1908.11867,0.00091
39.0,-50.5,1908.20856,-0.00679
40.0,-50.5,1910.33247,0.02783
41.0,-50.5,1909.9702,0.12881
42.0,-50.5,1910.43163,0.09226
43.0,-50.5,1906.22245,-0.05279
44.0,-50.5,1905.48564,0.01044
45.0,-50.5,1898.55609,0.04131
46.0,-50.5,1907.80771,0.04817
47.0,-50.5,1901.19134,-0.1503
48.0,-50.5,1885.59487,-0.02429
49.0,-50.5,1856.50043,-0.4306
62.0,-50.5,1884.63594,0.04671
63.0,-50.5,1877.83752,0.17797
64.0,-50.5,1817.57597,2.93177
65.0,-50.5,1872.80494,0.02994
66.0,-50.5,1872.25796,0.06599
67.0,-50.5,1887.26961,0.01169
68.0,-50.5,1877.14015,0.20472
69.0,-50.5,1876.8555,1.37912
70.0,-50.5,1844.83016,0.12775
71.0,-50.5,1850.05409,0.05041
72.0,-50.5,1845.64385,0.04401
73.0,-50.5,1839.72988,0.05158
74.0,-50.5,1836.51042,0.03121
75.0,-50.5,1830.45686,0.03558
76.0,-50.5,1827.27862,0.03406
77.0,-50.5,1825.20316,0.03618
78.0,-50.5,1821.60975,0.03156
79.0,-50.5,1822.03116,0.04075
80.0,-50.5,1825.76777,0.02954
81.0,-50.5,1838.41778,0.03731
82.0,-50.5,1837.17117,9.16737
83.0,-50.5,1852.42611,0.08075
-40.0,-51.5,1837.69871,-3.10375
-39.0,-51.5,1847.85111,-0.55607
-38.0,-51.5,1855.68802,0.29362
-37.0,-51.5,1854.77412,-0.27244
-36.0,-51.5,1847.76045,-0.3082
-35.0,-51.5,1858.05468,0.0614
-34.0,-51.5,1853.63694,0.28478
-33.0,-51.5,1849.36114,0.1057
-32.0,-51.5,1842.02161,-0.04733
-31.0,-51.5,1843.42011,0.05147
-30.0,-51.5,1854.99388,0.00825
-29.0,-51.5,1854.72309,0.01184
-28.0,-51.5,1854.39476,0.01458
-27.0,-51.5,1853.48765,0.01037
-26.0,-51.5,1850.66866,0.01459
-25.0,-51.5,1857.20977,0.02126
-24.0,-51.5,1861.49541,0.01272
-23.0,-51.5,1867.32509,0.01605
-22.0,-51.5,1875.60524,0.01538
-21.0,-51.5,1872.51721,0.01704
-20.0,-51.5,1874.04564,0.01212
-19.0,-51.5,1879.82551,0.01176
-18.0,-51.5,1881.8861,0.00793
-17.0,-51.5,1882.23095,0.00799
-16.0,-51.5,1885.15522,0.00568
-15.0,-51.5,1884.81894,0.00879
-14.0,-51.5,1882.794,0.00707
-13.0,-51.5,1884.44456,0.00047
-12.0,-51.5,1887.57228,0.0013
-11.0,-51.5,1888.5987,0.00214
-10.0,-51.5,1893.22699,-0.00301
-9.0,-51.5,1889.6218,-0.00129
-8.0,-51.5,1876.99691,-0.00998
-7.0,-51.5,1881.9855,-0.00982
-6.0,-51.5,1888.64491,-0.00985
-5.0,-51.5,1857.32779,0.03009
-4.0,-51.5,1853.20213,0.11279
-3.0,-51.5,1851.70199,0.29999
-2.0,-51.5,1848.88115,-0.33537
-1.0,-51.5,1854.02393,0.50438
0.0,-51.5,1879.50734,0.07602
1.0,-51.5,1892.30636,0.88291
2.0,-51.5,1863.54214,0.30255
3.0,-51.5,1863.46439,-0.41963
4.0,-51.5,1843.58738,0.13333
5.0,-51.5,1900.39847,0.00682
6.0,-51.5,1908.56672,-0.27473
-40.0,-50.5,1838.18622,-0.07414
-39.0,-50.5,1846.59025,-1.85955
-38.0,-50.5,1852.28094,0.10998
-37.0,-50.5,1857.77363,0.27629
-36.0,-50.5,1855.33308,-0.26083
-35.0,-50.5,1854.49815,-0.50814
-34.0,-50.5,1855.02417,1.09412
-33.0,-50.5,1854.61932,0.24704
-32.0,-50.5,1852.27893,0.23628
-31.0,-50.5,1845.69053,0.03271
-30.0,-50.5,1847.78822,-0.02608
-29.0,-50.5,1848.22591,0.00874
-28.0,-50.5,1848.51287,0.0152
-27.0,-50.5,1853.33688,0.01876
-26.0,-50.5,1861.80625,0.01516
-25.0,-50.5,1862.64074,0.02092
-24.0,-50.5,1858.95653,0.01317
-23.0,-50.5,1866.19371,0.01467
-22.0,-50.5,1875.13874,0.01439
-21.0,-50.5,1873.67216,0.01482
-20.0,-50.5,1876.459,0.00783
-19.0,-50.5,1877.46482,0.01059
-18.0,-50.5,1880.28192,0.01994
-17.0,-50.5,1885.29084,0.01128
-16.0,-50.5,1881.475,0.01039
-15.0,-50.5,1882.66543,0.00628
-14.0,-50.5,1882.75341,0.00333
-13.0,-50.5,1880.21581,0.00495
-12.0,-50.5,1879.47572,0.00753
-11.0,-50.5,1879.63606,0.00323
-10.0,-50.5,1883.19431,0.00146
-9.0,-50.5,1890.39359,0.00119
-8.0,-50.5,1894.00185,0.00162
-7.0,-50.5,1893.83744,0.00025
-6.0,-50.5,1875.26358,-0.01812
-5.0,-50.5,1882.93837,-0.01914
-4.0,-50.5,1880.06041,-0.07453
-3.0,-50.5,1866.56547,0.4844
-2.0,-50.5,1844.45829,0.05439
-1.0,-50.5,1829.38975,-0.50018
0.0,-50.5,1847.85275,-0.04933
1.0,-50.5,1870.97448,-0.10162
2.0,-50.5,1861.99275,0.14044
3.0,-50.5,1889.56501,0.0603
4.0,-50.5,1903.10077,0.00484
5.0,-50.5,1913.92412,-0.22135
6.0,-50.5,1905.45877,0.40405
-39.0,-49.5,1849.27108,0.03025
-38.0,-49.5,1847.79025,-0.76839
-37.0,-49.5,1850.94558,0.57414
-36.0,-49.5,1851.7821,0.16179
-35.0,-49.5,1849.86727,-0.42777
-34.0,-49.5,1856.46544,-0.30753
-33.0,-49.5,1859.5694,0.25741
-32.0,-49.5,1853.77748,-0.18232
-31.0,-49.5,1854.17153,-0.98261
-30.0,-49.5,1845.64992,-0.26883
-29.0,-49.5,1853.89557,-0.01592
-28.0,-49.5,1857.32023,-0.01297
-27.0,-49.5,1862.99271,0.01374
-26.0,-49.5,1862.79124,-0.01821
-25.0,-49.5,1859.54788,0.0266
-24.0,-49.5,1861.45336,0.0149
-23.0,-49.5,1864.6342,0.01812
-22.0,-49.5,1870.87471,0.01309
-21.0,-49.5,1874.63564,0.00757
-20.0,-49.5,1875.25282,0.00629
-19.0,-49.5,1876.5749,0.01001
-18.0,-49.5,1879.79408,0.01357
-17.0,-49.5,1882.95103,0.01068
-16.0,-49.5,1881.09281,0.00624
-15.0,-49.5,1880.42667,0.00758
-14.0,-49.5,1881.91593,0.00912
-13.0,-49.5,1884.79299,0.01069
-12.0,-49.5,1885.16252,0.00949
-11.0,-49.5,1885.64996,0.00679
-10.0,-49.5,1887.02126,0.00561
-9.0,-49.5,1887.38577,0.00547
-8.0,-49.5,1887.75828,0.00495
-7.0,-49.5,1890.83622,-0.00649
-6.0,-49.5,1891.05944,-0.00347
-5.0,-49.5,1875.44409,-0.01818
-4.0,-49.5,1870.36732,0.20653
-3.0,-49.5,1872.32666,-0.21815
-2.0,-49.5,1843.07192,-0.20912
-1.0,-49.5,1865.49851,0.10383
0.0,-49.5,1850.10438,0.18005
1.0,-49.5,1842.82327,-0.50163
2.0,-49.5,1858.64723,-0.32152
3.0,-49.5,1902.26822,21.29584
4.0,-49.5,1903.06322,0.16712
5.0,-49.5,1898.99995,-0.00251
6.0,-49.5,1905.94629,-0.07734
-40.0,-48.5,1837.2048,0.0
-39.0,-48.5,1849.88758,0.26587
-37.0,-48.5,1853.36004,0.95281
-36.0,-48.5,1844.10885,-0.24335
-35.0,-48.5,1845.4985,-0.32845
-34.0,-48.5,1855.24498,-0.21394
-33.0,-48.5,1853.15337,-0.06807
-32.0,-48.5,1862.32774,0.00504
-31.0,-48.5,1866.33656,-0.00501
-30.0,-48.5,1863.80637,-0.09152
-29.0,-48.5,1860.62115,0.00194
-28.0,-48.5,1849.55529,-0.01481
-27.0,-48.5,1848.32035,0.12333
-26.0,-48.5,1856.99473,0.03438
-25.0,-48.5,1843.65403,0.01644
-24.0,-48.5,1859.90842,0.02649
-23.0,-48.5,1865.06422,0.01514
-22.0,-48.5,1869.0952,0.00783
-21.0,-48.5,1872.89665,0.01007
-20.0,-48.5,1871.84087,0.01147
-19.0,-48.5,1876.20693,0.00839
-18.0,-48.5,1875.30014,0.0113
-17.0,-48.5,1879.9923,0.00726
-16.0,-48.5,1879.38905,0.00129
-15.0,-48.5,1880.5254,-0.01064
-14.0,-48.5,1872.64513,0.01314
-13.0,-48.5,1877.82919,0.0163
-12.0,-48.5,1884.34789,0.01159
-11.0,-48.5,1886.32363,0.00396
-10.0,-48.5,1885.62869,0.00514
-9.0,-48.5,1888.26654,0.01111
-8.0,-48.5,1892.88475,0.01332
-7.0,-48.5,1891.12548,0.00425
-6.0,-48.5,1886.40325,-0.00088
-5.0,-48.5,1877.04603,0.0191
-4.0,-48.5,1878.21296,0.05049
-3.0,-48.5,1866.95133,0.69488
-2.0,-48.5,1841.93391,0.69342
-1.0,-48.5,1838.42266,-0.00836
0.0,-48.5,1836.79335,-0.00284
1.0,-48.5,1907.57258,-0.35681
2.0,-48.5,1902.94148,-0.03468
3.0,-48.5,1898.76638,0.06619
4.0,-48.5,1912.97246,0.04163
5.0,-48.5,1909.13879,0.09256
6.0,-48.5,1915.32251,-1.56697
-39.0,-47.5,1806.43893,0.52994
-38.0,-47.5,1829.41465,-0.58737
-37.0,-47.5,1844.55284,-1.74644
-36.0,-47.5,1832.54085,-0.08787
-35.0,-47.5,1836.86102,0.00951
-34.0,-47.5,1842.37654,-0.14534
-33.0,-47.5,1852.09281,-1.28028
-32.0,-47.5,1852.72295,-0.15776
-31.0,-47.5,1861.74228,-0.20119
-30.0,-47.5,1861.42059,-0.44617
-29.0,-47.5,1866.9532,-0.0569
-28.0,-47.5,1871.78254,0.20345
-27.0,-47.5,1870.45246,-0.19855
-26.0,-47.5,1900.58862,0.81559
-25.0,-47.5,1851.73772,0.21352
-24.0,-47.5,1859.90601,0.00747
-23.0,-47.5,1874.99119,0.01213
-22.0,-47.5,1868.93869,0.01256
-21.0,-47.5,1868.53344,0.01288
-20.0,-47.5,1870.89963,0.00914
-19.0,-47.5,1871.83666,0.00336
-18.0,-47.5,1877.36452,8e-05
-17.0,-47.5,1880.35072,-0.00514
-16.0,-47.5,1881.5327,-0.00077
-15.0,-47.5,1881.38918,0.0053
-14.0,-47.5,1881.33399,0.01024
-13.0,-47.5,1881.11451,0.0138
-12.0,-47.5,1883.82478,0.01155
-11.0,-47.5,1883.27772,0.00381
-10.0,-47.5,1888.12553,0.00457
-9.0,-47.5,1885.02056,0.01684
-8.0,-47.5,1888.31314,0.01513
-7.0,-47.5,1893.31216,0.00998
-6.0,-47.5,1885.55452,0.00125
-5.0,-47.5,1889.53317,-0.00303
-4.0,-47.5,1894.49527,0.15474
-3.0,-47.5,1869.43937,0.32103
-2.0,-47.5,1872.48154,-0.4353
-1.0,-47.5,1837.18853,0.24958
0.0,-47.5,1862.6862,2.77125
1.0,-47.5,1892.36145,0.03275
2.0,-47.5,1901.87788,0.10496
3.0,-47.5,1905.19082,-0.02798
4.0,-47.5,1907.16063,-0.25449
5.0,-47.5,1912.28998,0.19747
6.0,-47.5,1906.93124,0.0164
-39.0,-46.5,1813.34615,-0.67092
-38.0,-46.5,1823.09445,0.192
-37.0,-46.5,1831.09247,-0.29834
-36.0,-46.5,1834.71052,0.09317
-35.0,-46.5,1839.47112,-4.15542
-34.0,-46.5,1844.09405,-1.95778
-33.0,-46.5,1852.35704,-0.09063
-32.0,-46.5,1851.61958,0.16967
-31.0,-46.5,1853.62386,-0.14466
-30.0,-46.5,1858.83081,-0.0217
-29.0,-46.5,1861.4875,1.17036
-28.0,-46.5,1864.79206,0.03768
-27.0,-46.5,1864.44103,-0.83866
-26.0,-46.5,1867.52432,-0.08421
-25.0,-46.5,1881.44646,0.14061
-24.0,-46.5,1868.41974,0.03948
-23.0,-46.5,1869.76145,0.02168
-22.0,-46.5,1870.2297,0.01495
-21.0,-46.5,1870.91831,0.0076
-20.0,-46.5,1872.25409,-0.00143
-19.0,-46.5,1876.06781,-0.00761
-18.0,-46.5,1878.40585,-0.00665
-17.0,-46.5,1881.72056,-0.00496
-16.0,-46.5,1883.21366,0.00309
-15.0,-46.5,1884.76722,0.00135
-14.0,-46.5,1886.22552,0.00419
-13.0,-46.5,1889.30667,0.00487
-12.0,-46.5,1890.00348,0.00563
-11.0,-46.5,1895.48528,0.00512
-10.0,-46.5,1894.81728,0.01197
-9.0,-46.5,1892.73667,0.01759
-8.0,-46.5,1892.71319,0.0161
-7.0,-46.5,1895.52353,0.01281
-6.0,-46.5,1890.46016,0.00821
-5.0,-46.5,1881.29586,-0.01324
-4.0,-46.5,1872.15718,-0.00106
-3.0,-46.5,1852.72941,-0.12467
-2.0,-46.5,1877.65992,-1.69178
-1.0,-46.5,1821.04431,0.0563
0.0,-46.5,1870.96228,-1.18467
1.0,-46.5,1904.68029,-0.57374
2.0,-46.5,1912.76556,-0.54179
3.0,-46.5,1913.56147,0.21948
4.0,-46.5,1913.07543,-0.5148
5.0,-46.5,1908.08039,-3.48727
6.0,-46.5,1913.20984,-1.87412
-37.0,-45.5,1839.16162,0.2963
-36.0,-45.5,1835.16831,2.05714
-35.0,-45.5,1841.0995,-6.23761
-34.0,-45.5,1848.29771,-0.64712
-33.0,-45.5,1852.89698,-0.36309
-32.0,-45.5,1858.90766,-0.35148
-31.0,-45.5,1858.77423,-0.33382
-30.0,-45.5,1859.04935,0.26958
-29.0,-45.5,1859.22579,0.28472
-28.0,-45.5,1864.83697,0.41575
-27.0,-45.5,1861.84498,0.45646
-26.0,-45.5,1865.98962,0.32939
-25.0,-45.5,1876.87561,-0.207
-24.0,-45.5,1851.72083,0.26162
-23.0,-45.5,1869.85321,0.01726
-22.0,-45.5,1871.17341,0.0193
-21.0,-45.5,1870.79257,0.01518
-20.0,-45.5,1876.9806,0.00538
-19.0,-45.5,1874.1853,-0.00441
-18.0,-45.5,1875.22234,-0.00288
-17.0,-45.5,1879.95499,-0.00801
-16.0,-45.5,1883.28684,-0.00697
-15.0,-45.5,1884.2504,0.00284
-14.0,-45.5,1888.74074,0.00466
-13.0,-45.5,1891.41694,0.00413
-12.0,-45.5,1890.62597,0.00776
-11.0,-45.5,1890.24228,0.00728
-10.0,-45.5,1891.41061,0.00982
-9.0,-45.5,1891.97262,0.0135
-8.0,-45.5,1894.62322,0.01228
-7.0,-45.5,1893.7502,0.0195
-6.0,-45.5,1886.6477,0.02375
-5.0,-45.5,1883.45805,0.00972
-4.0,-45.5,1873.51251,0.01567
-3.0,-45.5,1859.35856,0.2387
-2.0,-45.5,1842.87469,0.3637
-1.0,-45.5,1821.57245,0.01966
0.0,-45.5,1892.74584,1.22241
1.0,-45.5,1906.70165,-0.67309
2.0,-45.5,1907.05649,-0.15008
3.0,-45.5,1899.26667,-0.06608
4.0,-45.5,1902.58998,-0.01597
5.0,-45.5,1908.72314,-3.7943
6.0,-45.5,1911.24405,-0.01605
-38.0,-44.5,1836.105,2.30631
-37.0,-44.5,1828.13411,0.34674
-36.0,-44.5,1837.73817,-0.36877
-35.0,-44.5,1848.1549,-0.21245
-34.0,-44.5,1856.87616,-0.72285
-33.0,-44.5,1859.17201,-0.57192
-32.0,-44.5,1862.67022,-0.37084
-31.0,-44.5,1865.79096,-0.10607
-30.0,-44.5,1863.3919,0.46214
-29.0,-44.5,1861.81814,0.00041
-28.0,-44.5,1862.32729,-0.11862
-27.0,-44.5,1868.24206,-0.28684
-26.0,-44.5,1871.86822,0.11725
-25.0,-44.5,1875.9017,0.21743
-24.0,-44.5,1881.79595,0.32753
-23.0,-44.5,1835.33148,0.2045
-22.0,-44.5,1871.40616,0.03471
-21.0,-44.5,1871.83112,0.01627
-20.0,-44.5,1874.64851,0.00633
-19.0,-44.5,1876.95899,-0.00747
-18.0,-44.5,1879.49394,-0.00072
-17.0,-44.5,1881.75013,-0.00461
-16.0,-44.5,1882.70527,-0.00159
-15.0,-44.5,1880.13157,0.00427
-14.0,-44.5,1886.1954,0.01199
-13.0,-44.5,1887.51726,0.01
-12.0,-44.5,1885.98602,0.00895
-11.0,-44.5,1885.05204,0.00015
-10.0,-44.5,1883.08817,0.00851
-9.0,-44.5,1890.15333,0.0076
-8.0,-44.5,1893.53219,0.01979
-7.0,-44.5,1887.73921,0.02371
-6.0,-44.5,1888.61779,0.02021
-5.0,-44.5,1887.02539,0.01492
-4.0,-44.5,1883.0902,0.03625
-3.0,-44.5,1854.57132,-0.02223
-2.0,-44.5,1831.90868,-0.05881
-1.0,-44.5,1836.68443,-0.03127
0.0,-44.5,1897.585,-0.67495
1.0,-44.5,1907.15166,-0.42943
2.0,-44.5,1903.12156,-0.07238
3.0,-44.5,1907.03476,-0.40913
4.0,-44.5,1902.53184,0.24623
5.0,-44.5,1915.31335,0.14261
6.0,-44.5,1911.90803,0.00168
-39.0,-43.5,1840.71693,2.66667
-38.0,-43.5,1831.34757,-0.88399
-37.0,-43.5,1826.78313,-0.51877
-36.0,-43.5,1835.88371,-0.72207
-35.0,-43.5,1844.52406,-0.6357
-34.0,-43.5,1852.67646,-0.97139
-33.0,-43.5,1861.42741,-0.66287
-32.0,-43.5,1866.27692,0.0158
-31.0,-43.5,1863.72134,-0.2615
-30.0,-43.5,1858.24575,-0.02831
-29.0,-43.5,1858.3098,-0.13103
-28.0,-43.5,1863.48879,-0.1531
-27.0,-43.5,1869.13758,-0.28115
-26.0,-43.5,1870.23197,0.3307
-25.0,-43.5,1873.91693,0.25394
-24.0,-43.5,1888.67731,0.40061
-23.0,-43.5,1874.56613,0.18867
-22.0,-43.5,1874.54253,0.02982
-21.0,-43.5,1874.30805,0.01309
-20.0,-43.5,1869.89818,0.01418
-19.0,-43.5,1875.70755,0.00109
-18.0,-43.5,1877.81028,0.00459
-17.0,-43.5,1882.27325,0.00105
-16.0,-43.5,1883.05663,0.01014
-15.0,-43.5,1885.61587,0.0069
-14.0,-43.5,1886.80954,0.00689
-13.0,-43.5,1886.04827,0.00537
-12.0,-43.5,1885.51358,0.00824
-11.0,-43.5,1887.11511,0.00329
-10.0,-43.5,1888.27812,0.00341
-9.0,-43.5,1884.89754,0.01352
-8.0,-43.5,1887.37116,0.02294
-7.0,-43.5,1890.56761,0.01153
-6.0,-43.5,1887.63551,0.01041
-5.0,-43.5,1891.75892,-0.00038
-4.0,-43.5,1887.19424,-0.00102
-3.0,-43.5,1886.47874,0.07692
-2.0,-43.5,1884.70854,-0.14959
-1.0,-43.5,1897.63901,0.02824
0.0,-43.5,1904.06788,-0.03534
1.0,-43.5,1911.42945,-0.05913
2.0,-43.5,1906.28407,-0.03015
3.0,-43.5,1905.99117,0.0384
4.0,-43.5,1908.72508,-0.01193
5.0,-43.5,1917.9246,-0.02701
6.0,-43.5,1908.95011,-0.08848
-40.0,-42.5,1836.28532,0.34814
-38.0,-42.5,1818.4485,2.518
-37.0,-42.5,1834.56097,-0.33917
-36.0,-42.5,1840.98373,-0.39857
-35.0,-42.5,1846.4364,-0.00136
-34.0,-42.5,1846.1355,-0.23155
-33.0,-42.5,1847.9394,-0.43679
-32.0,-42.5,1859.29711,-0.28844
-31.0,-42.5,1869.15487,0.18912
-30.0,-42.5,1859.32036,-0.21866
-29.0,-42.5,1860.75506,-0.35741
-28.0,-42.5,1858.82822,-0.85894
-27.0,-42.5,1855.65256,-1.32196
-26.0,-42.5,1854.61013,-2.27543
-25.0,-42.5,1864.45284,-0.84653
-24.0,-42.5,1896.75672,-0.30171
-23.0,-42.5,1885.21144,0.08696
-22.0,-42.5,1877.13229,0.02288
-21.0,-42.5,1879.24562,0.01518
-20.0,-42.5,1875.25659,0.01729
-19.0,-42.5,1877.20162,-0.00229
-18.0,-42.5,1878.1793,0.00491
-17.0,-42.5,1879.0366,-0.00152
-16.0,-42.5,1880.89726,0.00489
-15.0,-42.5,1882.98255,0.01115
-14.0,-42.5,1887.40935,0.00398
-13.0,-42.5,1890.243,0.00351
-12.0,-42.5,1887.73367,0.01202
-11.0,-42.5,1890.14324,0.00696
-10.0,-42.5,1887.32259,-0.0082
-9.0,-42.5,1890.83629,0.00331
-8.0,-42.5,1892.34591,0.01098
-7.0,-42.5,1891.62779,0.01091
-6.0,-42.5,1891.67115,0.00799
-5.0,-42.5,1895.15967,0.00214
-4.0,-42.5,1890.22023,0.00591
-3.0,-42.5,1890.58023,-0.02337
-2.0,-42.5,1902.80571,-0.09789
-1.0,-42.5,1903.16435,-0.31146
0.0,-42.5,1907.1376,-0.3922
1.0,-42.5,1908.9398,-0.73146
2.0,-42.5,1908.09334,-0.45516
3.0,-42.5,1907.99317,-1.64358
4.0,-42.5,1912.3341,0.08446
5.0,-42.5,1913.82413,-0.16358
6.0,-42.5,1918.18693,0.14923
-40.0,-41.5,1831.04417,-0.0
-39.0,-41.5,1837.54992,-1.14286
-38.0,-41.5,1838.25547,-0.71331
-37.0,-41.5,1832.74455,-0.05358
-36.0,-41.5,1839.16606,-0.74308
-35.0,-41.5,1846.13427,-0.05544
-34.0,-41.5,1849.58363,0.10556
-33.0,-41.5,1847.56797,-0.24365
-32.0,-41.5,1857.73763,-0.42954
-31.0,-41.5,1870.35088,0.04433
-30.0,-41.5,1864.1618,-0.09388
-29.0,-41.5,1866.82987,-0.20342
-28.0,-41.5,1868.06738,-0.18433
-27.0,-41.5,1861.71382,0.07656
-26.0,-41.5,1880.70079,-0.43868
-25.0,-41.5,1890.24914,-0.97749
-24.0,-41.5,1884.87269,0.03549
-23.0,-41.5,1865.47441,0.19197
-22.0,-41.5,1874.78349,0.04293
-21.0,-41.5,1883.38377,0.00987
-20.0,-41.5,1877.07737,0.01912
-19.0,-41.5,1882.66602,0.05526
-18.0,-41.5,1882.68393,0.00962
-17.0,-41.5,1883.02837,0.00667
-16.0,-41.5,1881.61254,0.01251
-15.0,-41.5,1883.29047,0.01068
-14.0,-41.5,1889.21527,0.00024
-13.0,-41.5,1886.15445,0.06865
-12.0,-41.5,1889.01219,0.00321
-11.0,-41.5,1896.11258,-0.00055
-10.0,-41.5,1888.23772,0.00508
-9.0,-41.5,1891.49335,0.00934
-8.0,-41.5,1892.92377,0.01312
-7.0,-41.5,1894.94912,0.00691
-6.0,-41.5,1893.03106,0.00675
-5.0,-41.5,1895.88049,0.01549
-4.0,-41.5,1893.85167,0.01649
-3.0,-41.5,1893.89706,-0.09753
-2.0,-41.5,1905.14204,-0.01398
-1.0,-41.5,1907.94547,-0.28732
0.0,-41.5,1904.70457,-0.21104
1.0,-41.5,1910.15747,-0.40918
2.0,-41.5,1910.74939,-0.01453
3.0,-41.5,1904.92469,0.60147
4.0,-41.5,1911.46254,0.03615
5.0,-41.5,1905.42871,-0.06803
6.0,-41.5,1911.07834,-0.15296
-40.0,-40.5,1835.34827,0.43959
-39.0,-40.5,1836.8607,1.19229
-38.0,-40.5,1833.1878,-2.08667
-37.0,-40.5,1830.72475,-1.57964
-36.0,-40.5,1840.69928,-0.5792
-35.0,-40.5,1849.15225,0.64152
-34.0,-40.5,1854.70135,-0.05293
-33.0,-40.5,1858.90149,-0.16585
-32.0,-40.5,1856.66569,-1.21649
-31.0,-40.5,1862.23784,-0.59206
-30.0,-40.5,1864.69121,-0.22908
-29.0,-40.5,1869.89469,0.20585
-28.0,-40.5,1875.81893,0.6017
-27.0,-40.5,1872.7358,0.41358
-26.0,-40.5,1862.65974,0.14259
-25.0,-40.5,1863.61513,0.20237
-24.0,-40.5,1867.41977,0.11832
-23.0,-40.5,1867.3682,0.01233
-22.0,-40.5,1876.96531,-0.00255
-21.0,-40.5,1865.35417,0.21071
-20.0,-40.5,1863.49191,-0.00071
-19.0,-40.5,1877.4837,0.01608
-18.0,-40.5,1884.91602,0.00923
-17.0,-40.5,1887.08716,0.02287
-16.0,-40.5,1886.34946,0.18683
-15.0,-40.5,1885.93437,0.01677
-14.0,-40.5,1888.27312,0.07202
-13.0,-40.5,1888.69294,0.02873
-12.0,-40.5,1889.29538,0.00552
-11.0,-40.5,1892.95936,0.00245
-10.0,-40.5,1896.96383,0.01049
-9.0,-40.5,1895.02577,0.00889
-8.0,-40.5,1897.78602,0.00363
-7.0,-40.5,1896.00482,0.00538
-6.0,-40.5,1894.67073,-0.00793
-5.0,-40.5,1897.70369,-0.00246
-4.0,-40.5,1898.96474,0.01516
-3.0,-40.5,1899.95504,-0.03339
-2.0,-40.5,1903.81501,-0.03532
-1.0,-40.5,1909.19977,0.29258
0.0,-40.5,1901.29098,-0.1564
1.0,-40.5,1909.47745,-0.27085
2.0,-40.5,1909.27925,-0.35592
3.0,-40.5,1908.47332,0.45698
4.0,-40.5,1918.59042,0.04585
5.0,-40.5,1918.1632,-0.0323
6.0,-40.5,1909.73355,-0.06905
-40.0,-39.5,1825.61799,-0.51692
-39.0,-39.5,1826.93982,1.38514
-38.0,-39.5,1834.05656,1.41676
-37.0,-39.5,1833.95995,0.6578
-36.0,-39.5,1835.12684,-0.82084
-35.0,-39.5,1854.50356,-0.42039
-34.0,-39.5,1852.87821,-0.35432
-33.0,-39.5,1853.70175,-0.94459
-32.0,-39.5,1853.29166,0.47276
-31.0,-39.5,1854.83262,-0.04789
-30.0,-39.5,1865.16412,0.28734
-29.0,-39.5,1868.7116,0.45511
-28.0,-39.5,1876.29613,2.32717
-27.0,-39.5,1865.5985,0.25336
-26.0,-39.5,1862.23419,0.19872
-25.0,-39.5,1870.74598,0.22692
-24.0,-39.5,1872.21283,-0.17678
-23.0,-39.5,1867.51041,0.52747
-22.0,-39.5,1874.11883,0.36437
-21.0,-39.5,1882.83295,0.34583
-20.0,-39.5,1869.66659,-0.17524
-19.0,-39.5,1861.30443,0.01243
-18.0,-39.5,1851.50944,-0.0546
-17.0,-39.5,1861.41063,0.01444
-16.0,-39.5,1870.00039,0.01831
-15.0,-39.5,1866.38453,0.03422
-14.0,-39.5,1863.7955,0.07268
-13.0,-39.5,1884.17344,0.02612
-12.0,-39.5,1896.40633,0.02106
-11.0,-39.5,1894.2118,0.01163
-10.0,-39.5,1895.03713,0.00938
-9.0,-39.5,1897.19828,0.00656
-8.0,-39.5,1896.67798,0.01342
-7.0,-39.5,1893.68534,0.0121
-6.0,-39.5,1896.88336,0.00992
-5.0,-39.5,1900.03136,5e-05
-4.0,-39.5,1897.10241,0.05569
-3.0,-39.5,1892.60114,-0.10278
-2.0,-39.5,1895.49057,-0.02877
-1.0,-39.5,1900.73965,0.28175
0.0,-39.5,1905.24153,0.21472
1.0,-39.5,1884.04138,0.97762
2.0,-39.5,1899.55577,-2.06961
3.0,-39.5,1921.09909,0.07588
4.0,-39.5,1916.84926,21.16731
5.0,-39.5,1919.70266,53.1816
6.0,-39.5,1919.84025,0.10534
-40.0,-38.5,1822.00654,-0.76998
-39.0,-38.5,1831.72804,0.56721
-38.0,-38.5,1826.2471,2.51547
-37.0,-38.5,1837.71379,1.16679
-36.0,-38.5,1842.17452,-0.39901
-35.0,-38.5,1844.37866,-0.5467
-34.0,-38.5,1852.22911,-0.07188
-33.0,-38.5,1843.71873,0.25008
-32.0,-38.5,1854.61343,1.40618
-31.0,-38.5,1858.94216,0.22153
-30.0,-38.5,1866.59304,1.21239
-29.0,-38.5,1866.23405,4.29884
-28.0,-38.5,1868.37337,6.27253
-27.0,-38.5,1851.36429,0.23183
-26.0,-38.5,1867.87229,0.36482
-25.0,-38.5,1874.83184,-0.77606
-24.0,-38.5,1869.2352,0.51789
-23.0,-38.5,1845.53853,-5.57247
-22.0,-38.5,1863.8876,0.34139
-21.0,-38.5,1868.66489,0.80148
-20.0,-38.5,1891.87434,0.36449
-19.0,-38.5,1894.81358,0.12581
-18.0,-38.5,1874.19352,0.26427
-17.0,-38.5,1875.71875,0.34255
-16.0,-38.5,1861.58734,-0.40169
-15.0,-38.5,1825.77679,0.44612
-14.0,-38.5,1855.67585,0.30101
-13.0,-38.5,1859.66577,0.25963
-12.0,-38.5,1885.46055,0.05015
-11.0,-38.5,1897.86688,0.01695
-10.0,-38.5,1896.068,0.00945
-9.0,-38.5,1897.88049,0.01305
-8.0,-38.5,1894.55562,0.01364
-7.0,-38.5,1894.68537,0.01323
-6.0,-38.5,1899.83514,0.00507
-5.0,-38.5,1902.64763,-0.00722
-4.0,-38.5,1889.39239,-0.01556
-3.0,-38.5,1889.07829,-0.36452
-2.0,-38.5,1881.24969,-0.56541
-1.0,-38.5,1901.93598,-0.15687
0.0,-38.5,1906.15609,0.12545
1.0,-38.5,1907.42713,-0.04928
2.0,-38.5,1906.24826,0.25902
3.0,-38.5,1917.83483,5.81694
4.0,-38.5,1919.9718,-76.2464
5.0,-38.5,1926.53311,-31.21656
6.0,-38.5,1921.86526,9.668
-41.0,-37.5,1823.79364,5.33333
-40.0,-37.5,1819.81816,1.33333
-39.0,-37.5,1827.90827,2.66667
-38.0,-37.5,1831.806,-3.44803
-37.0,-37.5,1838.71305,0.98921
-36.0,-37.5,1844.23914,-0.19158
-35.0,-37.5,1845.40674,-0.50872
-34.0,-37.5,1846.95871,-0.24553
-33.0,-37.5,1848.00389,0.73004
-32.0,-37.5,1844.92494,0.12559
-31.0,-37.5,1845.19804,-0.08704
-30.0,-37.5,1852.16988,0.28622
-29.0,-37.5,1872.47044,0.13344
-28.0,-37.5,1863.0395,1.85545
-27.0,-37.5,1847.58156,0.56814
-26.0,-37.5,1862.12456,-1.42099
-25.0,-37.5,1874.77399,-1.37576
-24.0,-37.5,1867.5188,0.14676
-23.0,-37.5,1882.18582,0.24588
-22.0,-37.5,1852.82563,0.28684
-21.0,-37.5,1866.62963,0.42923
-20.0,-37.5,1881.20741,0.23015
-19.0,-37.5,1894.98914,0.11103
-18.0,-37.5,1895.76801,0.78697
-17.0,-37.5,1886.9361,0.21695
-16.0,-37.5,1896.08556,0.06499
-15.0,-37.5,1895.70591,0.87011
-14.0,-37.5,1895.66255,0.64591
-13.0,-37.5,1891.19109,-0.09087
-12.0,-37.5,1866.72828,0.13651
-11.0,-37.5,1876.23938,0.02428
-10.0,-37.5,1899.9923,0.00219
-9.0,-37.5,1901.85562,0.01775
-8.0,-37.5,1896.90724,0.01118
-7.0,-37.5,1896.3389,0.00586
-6.0,-37.5,1902.09565,-0.00962
-5.0,-37.5,1894.4621,-0.00154
-4.0,-37.5,1893.92012,-0.07863
-3.0,-37.5,1897.88315,0.11885
-2.0,-37.5,1896.5531,-0.03414
-1.0,-37.5,1902.29449,0.10725
0.0,-37.5,1902.88554,0.33481
1.0,-37.5,1892.99159,-0.05047
2.0,-37.5,1908.07832,0.21356
3.0,-37.5,1922.677,90.8401
4.0,-37.5,1926.60015,3.8689
5.0,-37.5,1919.15535,41.51478
6.0,-37.5,1924.38572,2.27122
-41.0,-36.5,1834.96923,-4.0
-40.0,-36.5,1822.7398,2.82135
-39.0,-36.5,1828.6905,-5.22979
-38.0,-36.5,1842.04561,-2.00477
-37.0,-36.5,1843.91949,-1.21585
-36.0,-36.5,1846.82167,-0.78045
-35.0,-36.5,1846.23919,-0.34606
-34.0,-36.5,1846.04875,0.30501
-33.0,-36.5,1845.66941,0.14087
-32.0,-36.5,1848.35136,0.43495
-31.0,-36.5,1855.02133,-0.21863
-30.0,-36.5,1854.84687,0.34141
-29.0,-36.5,1854.44512,0.40247
-28.0,-36.5,1849.11814,0.39547
-27.0,-36.5,1860.81321,0.14919
-26.0,-36.5,1864.6045,-0.66926
-25.0,-36.5,1860.60952,0.36972
-24.0,-36.5,1856.23261,0.37517
-23.0,-36.5,1871.141,0.2159
-22.0,-36.5,1876.73338,0.23593
-21.0,-36.5,1888.72456,0.76523
-20.0,-36.5,1898.61694,0.05087
-19.0,-36.5,1889.31474,-0.08946
-18.0,-36.5,1881.19837,0.17709
-17.0,-36.5,1882.53983,0.53685
-16.0,-36.5,1897.67128,0.32898
-15.0,-36.5,1893.33626,-0.17339
-14.0,-36.5,1897.17686,-0.02296
-13.0,-36.5,1898.28573,-0.04622
-12.0,-36.5,1894.04634,-0.00518
-11.0,-36.5,1885.5865,0.23341
-10.0,-36.5,1879.89951,-0.00682
-9.0,-36.5,1898.00216,-0.00031
-8.0,-36.5,1898.8998,-0.0089
-7.0,-36.5,1902.0495,-0.00226
-6.0,-36.5,1902.88588,-0.00152
-5.0,-36.5,1897.48118,-0.04722
-4.0,-36.5,1900.99899,0.00328
-3.0,-36.5,1899.37058,0.06812
-2.0,-36.5,1903.65763,-0.09332
-1.0,-36.5,1903.90203,0.11034
0.0,-36.5,1901.59565,0.30473
1.0,-36.5,1904.64702,-0.01462
2.0,-36.5,1906.92021,0.79337
3.0,-36.5,1917.63012,-28.145
4.0,-36.5,1923.15683,-0.06261
5.0,-36.5,1912.6412,-0.16017
6.0,-36.5,1919.65495,-0.05629
-40.0,-35.5,1817.97458,2.45621
-39.0,-35.5,1825.58667,-0.56983
-38.0,-35.5,1829.1166,-1.14187
-37.0,-35.5,1843.01784,-1.0256
-36.0,-35.5,1837.96734,-0.32744
-35.0,-35.5,1839.82851,-0.13167
-34.0,-35.5,1846.86086,0.73055
-33.0,-35.5,1848.84531,0.31101
-32.0,-35.5,1851.55636,0.45422
-31.0,-35.5,1859.97453,0.65311
-30.0,-35.5,1851.83645,0.42054
-29.0,-35.5,1851.15162,-0.02847
-28.0,-35.5,1855.2455,-0.00441
-27.0,-35.5,1858.79288,-0.24938
-26.0,-35.5,1857.36692,-0.06527
-25.0,-35.5,1871.79343,0.23108
-24.0,-35.5,1872.5766,0.17579
-23.0,-35.5,1872.61934,0.31729
-22.0,-35.5,1877.975,0.05091
-21.0,-35.5,1892.50456,-0.49119
-20.0,-35.5,1891.94256,-0.02701
-19.0,-35.5,1884.71269,-0.0487
-18.0,-35.5,1880.51462,0.30913
-17.0,-35.5,1876.06563,0.01973
-16.0,-35.5,1890.26843,0.0506
-15.0,-35.5,1889.83257,0.07522
-14.0,-35.5,1889.05212,-1.28029
-13.0,-35.5,1894.91777,0.2325
-12.0,-35.5,1879.02844,-0.3962
-11.0,-35.5,1885.73777,0.55842
-10.0,-35.5,1868.76331,0.23393
-9.0,-35.5,1867.93459,0.05852
-8.0,-35.5,1891.92115,-0.01955
-7.0,-35.5,1894.0218,-0.02067
-6.0,-35.5,1888.06508,0.03076
-5.0,-35.5,1891.77498,-0.00136
-4.0,-35.5,1908.7057,-0.04461
-3.0,-35.5,1904.81785,-0.16482
-2.0,-35.5,1907.85758,-0.07145
-1.0,-35.5,1905.92395,-0.07784
0.0,-35.5,1903.28808,0.07745
1.0,-35.5,1903.73262,0.91409
2.0,-35.5,1912.53801,14.08969
3.0,-35.5,1930.08078,-68.53267
4.0,-35.5,1929.29798,-2.47787
5.0,-35.5,1915.35221,-0.89589
6.0,-35.5,1919.31624,-0.07783
-40.0,-34.5,1819.07067,8.0
-39.0,-34.5,1814.35598,0.36246
-38.0,-34.5,1833.60157,-0.37705
-37.0,-34.5,1835.15072,-0.4511
-36.0,-34.5,1836.53677,0.33989
-35.0,-34.5,1844.87907,0.31631
-34.0,-34.5,1850.45145,-0.1103
-33.0,-34.5,1850.43274,0.18387
-32.0,-34.5,1877.39433,0.60491
-31.0,-34.5,1875.55858,0.84765
-30.0,-34.5,1841.66526,1.24879
-29.0,-34.5,1842.94258,-0.07224
-28.0,-34.5,1852.31567,0.34049
-27.0,-34.5,1852.33555,-0.31596
-26.0,-34.5,1864.09471,-0.12968
-25.0,-34.5,1876.72656,0.4286
-24.0,-34.5,1878.33029,0.14237
-23.0,-34.5,1874.81119,0.49016
-22.0,-34.5,1882.05346,-0.07201
-21.0,-34.5,1872.10829,0.67704
-20.0,-34.5,1865.89593,0.41796
-19.0,-34.5,1863.62518,0.80723
-18.0,-34.5,1887.28612,0.65447
-17.0,-34.5,1875.25967,1.67442
-16.0,-34.5,1881.80565,-4.01369
-15.0,-34.5,1888.80001,-4.99583
-14.0,-34.5,1899.45459,0.80112
-13.0,-34.5,1896.34228,0.30169
-12.0,-34.5,1891.02119,0.37143
-11.0,-34.5,1895.02921,-0.19975
-10.0,-34.5,1873.67596,0.41944
-9.0,-34.5,1879.40434,-0.71011
-8.0,-34.5,1878.73436,0.03316
-7.0,-34.5,1873.47879,0.0884
-6.0,-34.5,1882.48635,0.20268
-5.0,-34.5,1900.9408,0.11976
-4.0,-34.5,1901.82805,0.30908
-3.0,-34.5,1901.90468,0.21082
-2.0,-34.5,1902.85546,0.16067
-1.0,-34.5,1904.26065,0.03361
0.0,-34.5,1904.3625,-0.12797
1.0,-34.5,1898.07705,0.00173
2.0,-34.5,1895.3588,-0.71677
3.0,-34.5,1909.32052,-5.55093
4.0,-34.5,1910.17031,-4.2959
5.0,-34.5,1917.25678,0.27839
6.0,-34.5,1925.28372,0.08021
-39.0,-91.5,1833.07684,1.40881
-38.0,-91.5,1837.10782,1.56868
-37.0,-91.5,1846.90767,1.10911
-36.0,-91.5,1846.5499,0.60582
-35.0,-91.5,1841.80813,0.18389
-34.0,-91.5,1827.79239,0.31625
-33.0,-91.5,1840.0423,0.18245
-32.0,-91.5,1848.6426,-0.50171
-31.0,-91.5,1851.30897,0.33534
-30.0,-91.5,1850.02105,0.24344
-29.0,-91.5,1850.45253,0.23585
-28.0,-91.5,1846.08611,-1.81052
-27.0,-91.5,1860.70762,-0.42888
-26.0,-91.5,1871.88585,-0.25653
-25.0,-91.5,1858.90775,0.12189
-24.0,-91.5,1864.30681,0.18165
-23.0,-91.5,1882.53633,0.77013
-22.0,-91.5,1879.16937,0.49364
-21.0,-91.5,1879.95604,0.38317
-20.0,-91.5,1878.65174,-0.02854
-19.0,-91.5,1881.75199,-0.08973
-18.0,-91.5,1882.69168,-0.00802
-17.0,-91.5,1886.8981,0.05156
-16.0,-91.5,1886.76166,-0.00551
-15.0,-91.5,1891.31867,0.54134
-14.0,-91.5,1886.17981,0.02505
-13.0,-91.5,1884.81393,-2.62704
-12.0,-91.5,1882.93976,-1.4937
-11.0,-91.5,1883.20892,-1.05016
-10.0,-91.5,1893.29061,-1.23631
-9.0,-91.5,1894.43779,0.29568
-8.0,-91.5,1878.34345,-0.47494
-7.0,-91.5,1888.75674,-0.15779
-6.0,-91.5,1889.57354,-0.03345
-5.0,-91.5,1894.0275,-0.11216
-4.0,-91.5,1902.35629,0.00649
-3.0,-91.5,1894.50137,0.18968
-2.0,-91.5,1910.24952,-0.00753
-1.0,-91.5,1902.63139,-0.55278
0.0,-91.5,1891.14577,0.12938
1.0,-91.5,1901.29334,0.09361
2.0,-91.5,1908.74593,-0.45246
3.0,-91.5,1908.89273,0.7135
4.0,-91.5,1905.19151,-1.18972
5.0,-91.5,1925.34144,0.90911
6.0,-91.5,1938.90445,0.96036
-39.0,-90.5,1842.67694,-1.91333
-38.0,-90.5,1842.91943,-0.19753
-37.0,-90.5,1843.25875,-1.93103
-36.0,-90.5,1838.28419,-0.28068
-35.0,-90.5,1840.55237,-0.4792
-34.0,-90.5,1833.46964,0.59025
-33.0,-90.5,1841.6692,0.54396
-32.0,-90.5,1847.21766,0.39112
-31.0,-90.5,1851.16808,-0.15401
-30.0,-90.5,1853.84169,0.10641
-29.0,-90.5,1856.09943,-0.00875
-28.0,-90.5,1857.27524,-0.02145
-27.0,-90.5,1854.26025,1.20128
-26.0,-90.5,1862.18935,-0.17829
-25.0,-90.5,1874.86413,0.39752
-24.0,-90.5,1884.98173,0.58622
-23.0,-90.5,1881.79513,0.45129
-22.0,-90.5,1874.56503,0.47773
-21.0,-90.5,1878.41389,0.13999
-20.0,-90.5,1875.48681,-0.03973
-19.0,-90.5,1886.48693,0.15111
-18.0,-90.5,1882.65352,0.24995
-17.0,-90.5,1881.32477,0.20925
-16.0,-90.5,1888.27143,0.09706
-15.0,-90.5,1883.97725,0.61705
-14.0,-90.5,1885.72983,-0.00977
-13.0,-90.5,1892.74354,-0.00554
-12.0,-90.5,1889.07941,-0.11105
-11.0,-90.5,1878.11254,0.36627
-10.0,-90.5,1889.48026,0.48805
-9.0,-90.5,1890.36405,-0.01611
-8.0,-90.5,1886.23782,0.25421
-7.0,-90.5,1892.91828,0.06094
-6.0,-90.5,1889.20431,0.06095
-5.0,-90.5,1893.76583,0.19557
-4.0,-90.5,1899.46679,0.19975
-3.0,-90.5,1898.74426,-0.07246
-2.0,-90.5,1912.60237,-0.14058
-1.0,-90.5,1885.59145,-0.06962
0.0,-90.5,1896.91654,0.02334
1.0,-90.5,1910.75947,0.57073
2.0,-90.5,1921.01011,0.24385
3.0,-90.5,1888.4708,0.14641
4.0,-90.5,1905.04692,-0.04765
5.0,-90.5,1921.42333,-0.1673
6.0,-90.5,1922.18628,-0.11579
-39.0,-89.5,1838.28722,0.20097
-38.0,-89.5,1840.9451,-0.76459
-36.0,-89.5,1828.89462,-0.01254
-35.0,-89.5,1829.5064,0.33461
-34.0,-89.5,1838.16744,-0.13009
-33.0,-89.5,1841.89261,0.29289
-32.0,-89.5,1848.62476,0.01783
-31.0,-89.5,1851.47555,0.20507
-30.0,-89.5,1855.95856,-0.1548
-29.0,-89.5,1860.21259,-0.00725
-28.0,-89.5,1854.09899,0.36255
-27.0,-89.5,1856.88569,-0.21955
-26.0,-89.5,1862.05138,-0.15198
-25.0,-89.5,1865.61131,-0.09381
-24.0,-89.5,1864.30883,0.06972
-23.0,-89.5,1879.80956,-0.00958
-22.0,-89.5,1875.19226,0.23537
-21.0,-89.5,1867.00419,0.61135
-20.0,-89.5,1874.36648,0.25802
-19.0,-89.5,1887.31879,-0.25764
-18.0,-89.5,1887.14186,0.24244
-17.0,-89.5,1888.27577,-0.1321
-16.0,-89.5,1883.74637,0.18712
-15.0,-89.5,1889.9643,0.45451
-14.0,-89.5,1888.17941,0.20024
-13.0,-89.5,1887.92017,0.39993
-12.0,-89.5,1884.83125,0.24245
-11.0,-89.5,1889.10506,0.19788
-10.0,-89.5,1888.15994,0.37358
-9.0,-89.5,1888.82323,0.40822
-8.0,-89.5,1891.15731,-0.02958
-7.0,-89.5,1893.05025,-0.05198
-6.0,-89.5,1897.71757,0.00548
-5.0,-89.5,1897.12,-0.01473
-4.0,-89.5,1895.43304,0.0679
-3.0,-89.5,1892.20829,-0.59912
-2.0,-89.5,1908.29607,-0.18378
-1.0,-89.5,1896.82798,0.09301
0.0,-89.5,1893.8261,-0.0551
1.0,-89.5,1911.4437,-0.39522
2.0,-89.5,1924.51332,0.05486
3.0,-89.5,1896.69604,7.44881
4.0,-89.5,1913.59545,113.72962
5.0,-89.5,1932.11977,1.95686
6.0,-89.5,1934.82098,0.89011
-40.0,-88.5,1799.83885,1.45455
-39.0,-88.5,1829.5949,4.97357
-38.0,-88.5,1812.67499,-1.03226
-37.0,-88.5,1829.0653,0.41745
-36.0,-88.5,1839.09544,0.21971
-35.0,-88.5,1833.26583,0.61265
-34.0,-88.5,1841.17842,0.13914
-33.0,-88.5,1839.96188,0.11379
-32.0,-88.5,1844.42129,0.05675
-31.0,-88.5,1848.69788,0.11552
-30.0,-88.5,1860.31939,0.15955
-29.0,-88.5,1859.34403,-0.38173
-28.0,-88.5,1856.76144,-0.09095
-27.0,-88.5,1859.11418,-0.24489
-26.0,-88.5,1859.31335,-0.25274
-25.0,-88.5,1866.19632,0.1849
-24.0,-88.5,1870.97905,0.01926
-23.0,-88.5,1886.57734,0.32472
-22.0,-88.5,1875.63665,-0.69179
-21.0,-88.5,1873.0805,0.31289
-20.0,-88.5,1877.00464,0.44519
-19.0,-88.5,1895.41874,-0.02355
-18.0,-88.5,1889.20619,0.33399
-17.0,-88.5,1898.15236,0.21389
-16.0,-88.5,1892.46969,0.43115
-15.0,-88.5,1895.48199,0.25906
-14.0,-88.5,1892.86049,-0.32068
-13.0,-88.5,1889.60198,-0.43438
-12.0,-88.5,1895.50768,-0.5786
-11.0,-88.5,1891.08458,0.23777
-10.0,-88.5,1891.13404,0.24489
-9.0,-88.5,1888.35716,0.14213
-8.0,-88.5,1889.15248,-0.0234
-7.0,-88.5,1888.36051,-0.02585
-6.0,-88.5,1885.92297,-0.36915
-5.0,-88.5,1887.70045,-0.16424
-4.0,-88.5,1894.43277,-0.16298
-3.0,-88.5,1889.96168,-0.40987
-2.0,-88.5,1902.64816,0.51311
-1.0,-88.5,1892.43979,0.35757
0.0,-88.5,1897.0167,0.02585
1.0,-88.5,1896.9275,0.40069
2.0,-88.5,1902.28885,0.45116
3.0,-88.5,1921.5496,80.10043
4.0,-88.5,1913.4631,0.18112
5.0,-88.5,1910.97731,-18.60793
6.0,-88.5,1935.45855,0.02754
-40.0,-87.5,1816.79333,-0.14562
-39.0,-87.5,1831.18106,-1.6308
-38.0,-87.5,1839.00816,-1.16216
-37.0,-87.5,1838.82636,0.9883
-36.0,-87.5,1834.71637,-0.24522
-35.0,-87.5,1832.65271,0.21829
-34.0,-87.5,1836.74917,-0.35342
-33.0,-87.5,1840.32295,0.09506
-32.0,-87.5,1847.99623,0.54721
-31.0,-87.5,1849.82675,-0.02394
-30.0,-87.5,1859.23274,-0.62231
-29.0,-87.5,1862.33746,0.11401
-28.0,-87.5,1847.85394,0.71777
-27.0,-87.5,1858.26404,-0.50624
-26.0,-87.5,1862.80034,0.2106
-25.0,-87.5,1864.98947,0.22684
-24.0,-87.5,1872.61256,0.20659
-23.0,-87.5,1869.70126,0.10103
-22.0,-87.5,1871.70175,-0.14594
-21.0,-87.5,1878.22868,0.19
-20.0,-87.5,1885.0142,0.33186
-19.0,-87.5,1893.94663,0.4351
-18.0,-87.5,1880.81754,0.2068
-17.0,-87.5,1884.54795,0.13417
-16.0,-87.5,1894.68872,-0.22722
-15.0,-87.5,1895.99199,0.18154
-14.0,-87.5,1894.55728,0.2457
-13.0,-87.5,1894.71568,0.57283
-12.0,-87.5,1872.79326,-0.46744
-11.0,-87.5,1889.80586,0.48382
-10.0,-87.5,1879.37538,0.65087
-9.0,-87.5,1885.37079,0.77786
-8.0,-87.5,1882.0781,1.32497
-7.0,-87.5,1881.32024,0.2324
-6.0,-87.5,1886.66253,0.02793
-5.0,-87.5,1894.23409,0.25777
-4.0,-87.5,1896.69129,-0.04148
-3.0,-87.5,1895.7864,0.04351
-2.0,-87.5,1899.18458,2.12812
-1.0,-87.5,1907.25342,-0.08269
0.0,-87.5,1912.88672,-0.05564
1.0,-87.5,1912.28764,-0.20312
2.0,-87.5,1923.7277,-0.19818
3.0,-87.5,1927.80124,-1.21951
4.0,-87.5,1925.99584,-1.07678
5.0,-87.5,1909.38779,0.04298
6.0,-87.5,1905.83659,-0.10126
-40.0,-86.5,1830.99936,-0.09915
-39.0,-86.5,1834.05261,0.00429
-38.0,-86.5,1843.02763,0.2239
-37.0,-86.5,1839.75712,-0.21941
-36.0,-86.5,1835.46607,-0.60128
-35.0,-86.5,1835.38864,0.34327
-34.0,-86.5,1838.52646,-0.86152
-33.0,-86.5,1839.17009,-0.3999
-32.0,-86.5,1846.34504,0.46259
-31.0,-86.5,1853.33288,-0.2288
-30.0,-86.5,1866.43953,-0.0709
-29.0,-86.5,1865.77423,0.83262
-28.0,-86.5,1853.76435,0.11339
-27.0,-86.5,1853.70453,0.64428
-26.0,-86.5,1865.72967,-0.21384
-25.0,-86.5,1868.3826,-2.63636
-24.0,-86.5,1868.02185,0.04058
-23.0,-86.5,1873.06608,-0.02308
-22.0,-86.5,1874.11942,-0.08098
-21.0,-86.5,1876.33423,0.20502
-20.0,-86.5,1889.57669,0.0615
-19.0,-86.5,1880.87848,-0.40185
-18.0,-86.5,1883.08967,-0.30802
-17.0,-86.5,1894.7863,-0.10736
-16.0,-86.5,1894.04234,-0.41345
-15.0,-86.5,1886.43177,-0.39094
-14.0,-86.5,1890.26859,-0.72489
-13.0,-86.5,1884.6934,0.03746
-12.0,-86.5,1884.35705,-0.10132
-11.0,-86.5,1908.08043,0.37545
-10.0,-86.5,1889.19702,0.3867
-9.0,-86.5,1872.48784,0.91317
-8.0,-86.5,1895.14375,0.48762
-7.0,-86.5,1868.29555,0.89367
-6.0,-86.5,1890.66508,0.57868
-5.0,-86.5,1898.3719,0.03064
-4.0,-86.5,1903.73673,-0.02419
-3.0,-86.5,1898.58578,0.09061
-2.0,-86.5,1899.03858,0.1883
-1.0,-86.5,1902.61557,10.48945
0.0,-86.5,1910.61005,-0.35092
1.0,-86.5,1912.61389,-0.27914
2.0,-86.5,1898.36213,-0.00854
3.0,-86.5,1912.89078,0.02227
4.0,-86.5,1904.48859,0.14331
5.0,-86.5,1910.68283,-1.38604
6.0,-86.5,1900.89553,-0.63781
-40.0,-85.5,1844.86657,4.0
-39.0,-85.5,1831.23132,0.4715
-38.0,-85.5,1836.53487,-0.36651
-37.0,-85.5,1836.84632,-0.02157
-36.0,-85.5,1833.06918,0.49562
-35.0,-85.5,1837.32332,-0.32577
-34.0,-85.5,1842.14819,0.524
-33.0,-85.5,1847.18259,-0.61011
-32.0,-85.5,1849.94503,0.19605
-31.0,-85.5,1851.60864,-2.13943
-30.0,-85.5,1849.96376,0.52003
-29.0,-85.5,1852.96227,0.20264
-28.0,-85.5,1856.87667,-0.30169
-27.0,-85.5,1861.18396,0.0419
-26.0,-85.5,1859.93279,-0.20799
-25.0,-85.5,1865.03386,0.52763
-24.0,-85.5,1873.03972,0.79969
-23.0,-85.5,1874.22928,0.01407
-22.0,-85.5,1879.86763,0.05831
-21.0,-85.5,1878.98193,0.10408
-20.0,-85.5,1889.3915,-0.68145
-19.0,-85.5,1873.26443,-0.26249
-18.0,-85.5,1884.88218,-1.80905
-17.0,-85.5,1890.76467,0.04445
-16.0,-85.5,1890.66462,0.21661
-15.0,-85.5,1892.11263,-0.39663
-14.0,-85.5,1895.46652,0.20345
-13.0,-85.5,1895.78634,0.07444
-12.0,-85.5,1886.08192,0.33077
-11.0,-85.5,1893.45925,-0.77258
-10.0,-85.5,1885.99557,2.03131
-9.0,-85.5,1891.09494,1.41394
-8.0,-85.5,1892.22275,0.19898
-7.0,-85.5,1883.33076,0.4895
-6.0,-85.5,1884.09424,2.05974
-5.0,-85.5,1891.71563,0.47678
-4.0,-85.5,1905.38291,-0.00912
-3.0,-85.5,1904.58714,0.14391
-2.0,-85.5,1906.40987,0.13672
-1.0,-85.5,1908.87487,0.0314
0.0,-85.5,1908.70874,0.01056
1.0,-85.5,1893.42337,0.07197
2.0,-85.5,1920.68114,0.27462
3.0,-85.5,1915.60267,0.4302
4.0,-85.5,1920.48932,-14.77166
5.0,-85.5,1845.24909,-0.0
6.0,-85.5,1919.45353,-2.87437
-38.0,-84.5,1831.30874,-0.53556
-37.0,-84.5,1837.47569,-0.37424
-36.0,-84.5,1833.7656,0.11588
-35.0,-84.5,1832.00022,-0.40033
-34.0,-84.5,1841.21423,0.51872
-33.0,-84.5,1845.07017,-0.34688
-32.0,-84.5,1850.38017,0.17733
-31.0,-84.5,1850.5277,1.17061
-30.0,-84.5,1850.27848,-0.13215
-29.0,-84.5,1852.09673,0.44947
-28.0,-84.5,1855.10991,0.2027
-27.0,-84.5,1864.66278,0.34206
-26.0,-84.5,1860.79048,-0.03747
-25.0,-84.5,1861.31993,0.25873
-24.0,-84.5,1869.16084,0.47676
-23.0,-84.5,1869.3823,0.62769
-22.0,-84.5,1874.28058,0.09846
-21.0,-84.5,1872.42951,0.44635
-20.0,-84.5,1887.39738,-0.09645
-19.0,-84.5,1888.49781,0.31665
-18.0,-84.5,1887.28815,0.22024
-17.0,-84.5,1891.726,0.28113
-16.0,-84.5,1891.95432,0.20851
-15.0,-84.5,1890.30978,-0.44205
-14.0,-84.5,1891.79966,-0.07444
-13.0,-84.5,1892.77554,0.14238
-12.0,-84.5,1895.72875,0.58971
-11.0,-84.5,1901.81866,-0.01329
-10.0,-84.5,1891.64652,-0.63745
-9.0,-84.5,1888.3434,-1.48724
-8.0,-84.5,1872.70907,-0.26722
-7.0,-84.5,1874.34965,-0.0962
-6.0,-84.5,1892.22531,0.55881
-5.0,-84.5,1898.56903,0.16528
-4.0,-84.5,1909.85687,0.20051
-3.0,-84.5,1906.39949,-0.07811
-2.0,-84.5,1912.90928,-0.01247
-1.0,-84.5,1910.66807,0.08232
0.0,-84.5,1905.23735,0.2929
1.0,-84.5,1912.71633,0.14301
2.0,-84.5,1897.82615,-1.72803
3.0,-84.5,1887.68506,0.0
4.0,-84.5,1899.7252,0.50408
5.0,-84.5,1892.83388,-0.04897
6.0,-84.5,1919.96195,0.18092
-37.0,-83.5,1835.8296,-1.47384
-36.0,-83.5,1834.7769,0.17735
-35.0,-83.5,1838.37459,-0.54628
-34.0,-83.5,1839.46173,0.45189
-33.0,-83.5,1842.39519,-0.17415
-32.0,-83.5,1842.63064,0.35444
-31.0,-83.5,1852.9552,0.45941
-30.0,-83.5,1853.21895,-0.61856
-29.0,-83.5,1849.40804,0.49443
-28.0,-83.5,1861.72889,0.19495
-27.0,-83.5,1868.78124,0.60242
-26.0,-83.5,1859.48002,0.01343
-25.0,-83.5,1863.19406,-0.06876
-24.0,-83.5,1871.35982,0.58525
-23.0,-83.5,1874.15091,0.15449
-22.0,-83.5,1885.30907,0.30641
-21.0,-83.5,1879.21596,0.3411
-20.0,-83.5,1880.88215,-0.14236
-19.0,-83.5,1890.48694,0.2494
-18.0,-83.5,1891.61029,0.48965
-17.0,-83.5,1888.00202,0.50093
-16.0,-83.5,1896.43339,0.55815
-15.0,-83.5,1893.46175,-0.2834
-14.0,-83.5,1891.09647,-0.53704
-13.0,-83.5,1893.95733,0.46919
-12.0,-83.5,1890.32527,-0.06595
-11.0,-83.5,1890.94445,-0.2026
-10.0,-83.5,1888.7885,-0.44849
-9.0,-83.5,1867.93921,0.0804
-8.0,-83.5,1882.318,-0.91725
-7.0,-83.5,1885.86422,-0.34738
-6.0,-83.5,1891.85452,-0.05993
-5.0,-83.5,1895.83371,0.16775
-4.0,-83.5,1900.32606,0.05907
-3.0,-83.5,1903.80116,-0.17864
-2.0,-83.5,1904.70901,-0.04663
-1.0,-83.5,1903.2608,0.10336
0.0,-83.5,1908.88361,0.18765
1.0,-83.5,1889.11269,0.6582
2.0,-83.5,1894.42417,1.56895
3.0,-83.5,1876.0003,1.15798
4.0,-83.5,1880.64103,0.18614
5.0,-83.5,1916.14351,-2.4145
6.0,-83.5,1930.35996,-0.22046
-40.0,-82.5,1846.48614,1.53846
-39.0,-82.5,1838.10311,-2.0
-38.0,-82.5,1829.7366,-0.15819
-37.0,-82.5,1842.87707,0.08769
-36.0,-82.5,1830.11895,-1.15839
-35.0,-82.5,1835.54999,-1.29931
-34.0,-82.5,1836.05158,0.18209
-33.0,-82.5,1843.13838,-0.06022
-32.0,-82.5,1850.27299,-0.7281
-31.0,-82.5,1852.38832,0.32568
-30.0,-82.5,1854.19635,0.3269
-29.0,-82.5,1860.43035,1.54113
-28.0,-82.5,1865.19599,0.09211
-27.0,-82.5,1869.44473,0.1128
-26.0,-82.5,1869.00868,0.18501
-25.0,-82.5,1856.29978,0.32488
-24.0,-82.5,1869.84928,0.03908
-23.0,-82.5,1871.4741,-0.09217
-22.0,-82.5,1874.45358,0.18529
-21.0,-82.5,1872.81872,0.26527
-20.0,-82.5,1877.91918,-0.01455
-19.0,-82.5,1882.24908,0.39057
-18.0,-82.5,1884.33595,-0.03017
-17.0,-82.5,1885.8592,0.11726
-16.0,-82.5,1885.67894,-0.02922
-15.0,-82.5,1894.07025,-1.1094
-14.0,-82.5,1887.43335,-1.47083
-13.0,-82.5,1898.48047,-0.36974
-12.0,-82.5,1888.19245,-0.36986
-11.0,-82.5,1887.17539,-0.27819
-10.0,-82.5,1890.35214,-0.05174
-9.0,-82.5,1893.00452,0.17356
-8.0,-82.5,1898.48609,-0.20766
-7.0,-82.5,1895.79082,-0.02813
-6.0,-82.5,1898.59544,0.15202
-5.0,-82.5,1898.1571,0.05222
-4.0,-82.5,1905.15814,-0.06583
-3.0,-82.5,1898.73769,-0.07264
-2.0,-82.5,1900.82517,0.037
-1.0,-82.5,1900.45451,0.50592
0.0,-82.5,1914.96819,-0.7769
1.0,-82.5,1903.76554,-2.09764
2.0,-82.5,1918.79589,0.73553
3.0,-82.5,1892.37333,1.39738
4.0,-82.5,1878.32422,1.05805
5.0,-82.5,1898.24777,0.59459
6.0,-82.5,1922.81584,0.12798
-40.0,-81.5,1844.33077,-2.02048
-39.0,-81.5,1831.21593,0.33186
-38.0,-81.5,1836.18761,0.83302
-37.0,-81.5,1843.73007,-1.5046
-36.0,-81.5,1829.92263,-1.13801
-35.0,-81.5,1830.4505,-0.39534
-34.0,-81.5,1838.49433,0.18983
-33.0,-81.5,1841.31673,-0.16692
-32.0,-81.5,1851.62426,0.26298
-31.0,-81.5,1848.0667,1.37367
-30.0,-81.5,1840.32223,1.60536
-29.0,-81.5,1863.09563,1.11246
-28.0,-81.5,1849.92628,0.18192
-27.0,-81.5,1863.51807,0.47346
-26.0,-81.5,1859.10566,-0.09585
-25.0,-81.5,1863.46406,-0.19106
-24.0,-81.5,1869.64918,0.07476
-23.0,-81.5,1870.72384,0.0873
-22.0,-81.5,1863.22332,-0.07595
-21.0,-81.5,1876.31272,0.23608
-20.0,-81.5,1872.80384,-0.04955
-19.0,-81.5,1886.60125,-0.36514
-18.0,-81.5,1894.02759,-0.43411
-17.0,-81.5,1884.9706,-0.77393
-16.0,-81.5,1892.3333,-0.10138
-15.0,-81.5,1897.21886,-2.52601
-14.0,-81.5,1890.9548,-0.09928
-13.0,-81.5,1885.73104,0.42566
-12.0,-81.5,1885.39281,0.07086
-11.0,-81.5,1890.504,-0.05786
-10.0,-81.5,1896.56369,-0.48074
-9.0,-81.5,1893.35228,0.44332
-8.0,-81.5,1904.63228,0.04837
-7.0,-81.5,1898.78614,0.07884
-6.0,-81.5,1901.14604,0.07488
-5.0,-81.5,1912.19302,-0.04392
-4.0,-81.5,1906.85727,-0.0749
-3.0,-81.5,1906.33382,0.04123
-2.0,-81.5,1899.25732,0.01637
-1.0,-81.5,1901.7864,-0.04808
0.0,-81.5,1897.71095,-0.04863
1.0,-81.5,1902.68955,-0.30234
2.0,-81.5,1916.88979,-0.0986
3.0,-81.5,1904.90048,-0.6088
4.0,-81.5,1914.27503,0.73815
5.0,-81.5,1917.01992,0.43452
6.0,-81.5,1921.16095,0.66419
-39.0,-80.5,1838.52369,-0.0
-38.0,-80.5,1838.60663,0.87939
-37.0,-80.5,1830.09878,2.62377
-36.0,-80.5,1822.30878,0.35894
-35.0,-80.5,1828.46447,0.03382
-34.0,-80.5,1841.14882,0.45658
-33.0,-80.5,1844.62933,-1.15789
-32.0,-80.5,1845.22867,0.38258
-31.0,-80.5,1846.32101,1.19673
-30.0,-80.5,1848.4354,-0.30962
-29.0,-80.5,1845.72878,-0.38772
-28.0,-80.5,1851.50965,0.44876
-27.0,-80.5,1853.61247,-0.0679
-26.0,-80.5,1867.67641,0.66746
-25.0,-80.5,1867.23369,0.62282
-24.0,-80.5,1874.51975,0.34205
-23.0,-80.5,1859.49659,0.10507
-22.0,-80.5,1858.28065,0.27012
-21.0,-80.5,1885.52522,-0.31956
-20.0,-80.5,1875.13042,0.25796
-19.0,-80.5,1889.16746,-1.04992
-18.0,-80.5,1888.38442,-1.44827
-17.0,-80.5,1884.44237,-0.1034
-16.0,-80.5,1890.28089,-0.1136
-15.0,-80.5,1885.74772,-0.3135
-14.0,-80.5,1887.50679,0.71403
-13.0,-80.5,1891.49629,-0.06292
-12.0,-80.5,1889.52189,-0.3642
-11.0,-80.5,1883.10044,-0.22846
-10.0,-80.5,1890.03163,-0.15289
-9.0,-80.5,1899.90643,0.21832
-8.0,-80.5,1904.24996,0.20398
-7.0,-80.5,1903.46217,-1.28443
-6.0,-80.5,1918.89953,0.00871
-5.0,-80.5,1913.83128,0.01359
-4.0,-80.5,1905.77161,-0.01824
-3.0,-80.5,1891.29143,0.44885
-2.0,-80.5,1897.68316,-0.10052
-1.0,-80.5,1903.11429,-0.27016
0.0,-80.5,1901.97813,-0.35046
1.0,-80.5,1898.04075,-0.57775
2.0,-80.5,1924.909,0.16688
3.0,-80.5,1914.43261,-0.06157
4.0,-80.5,1928.10158,0.47343
5.0,-80.5,1925.69041,0.18278
6.0,-80.5,1930.14936,0.49488
-39.0,-79.5,1843.32361,8.0
-36.0,-79.5,1829.04418,2.70349
-35.0,-79.5,1831.59085,5.71429
-34.0,-79.5,1826.62427,2.74016
-33.0,-79.5,1837.904,0.11319
-32.0,-79.5,1842.1205,0.40421
-31.0,-79.5,1838.33234,0.68171
-30.0,-79.5,1849.81047,-0.80213
-29.0,-79.5,1846.38484,0.25703
-28.0,-79.5,1856.05646,-0.1163
-27.0,-79.5,1854.96926,0.03849
-26.0,-79.5,1863.95655,0.35221
-25.0,-79.5,1859.15922,-0.13941
-24.0,-79.5,1864.31506,-0.02477
-23.0,-79.5,1864.1488,-0.08706
-22.0,-79.5,1869.61695,0.38647
-21.0,-79.5,1880.00113,0.34701
-20.0,-79.5,1879.47692,0.24378
-19.0,-79.5,1886.87502,0.47964
-18.0,-79.5,1887.82724,-0.04738
-17.0,-79.5,1881.81962,-0.16167
-16.0,-79.5,1884.46505,0.06525
-15.0,-79.5,1884.30506,0.48987
-14.0,-79.5,1884.56831,0.04375
-13.0,-79.5,1893.54943,-0.4372
-12.0,-79.5,1896.95419,0.24435
-11.0,-79.5,1895.1511,0.65318
-10.0,-79.5,1905.68866,-0.44569
-9.0,-79.5,1890.43574,0.31494
-8.0,-79.5,1894.06228,0.28298
-7.0,-79.5,1905.69415,0.01487
-6.0,-79.5,1909.90857,0.00472
-5.0,-79.5,1897.16457,0.34254
-4.0,-79.5,1897.00893,-0.33578
-3.0,-79.5,1882.80763,-0.20188
-2.0,-79.5,1901.91385,-0.0341
-1.0,-79.5,1896.80145,-0.18625
0.0,-79.5,1888.54556,-0.61165
1.0,-79.5,1891.65583,-0.04208
2.0,-79.5,1878.49821,0.30996
3.0,-79.5,1897.77257,2.28364
4.0,-79.5,1915.64747,1.17178
5.0,-79.5,1914.79514,-0.52613
6.0,-79.5,1918.18151,-1.10268
-39.0,-78.5,1825.97732,0.0
-38.0,-78.5,1789.49208,1.7819
-37.0,-78.5,1806.64424,2.18543
-36.0,-78.5,1833.01304,-0.12217
-35.0,-78.5,1836.90189,0.81226
-34.0,-78.5,1823.24145,-2.87069
-33.0,-78.5,1834.84044,0.45858
-32.0,-78.5,1840.72685,0.24146
-31.0,-78.5,1841.40162,0.08543
-30.0,-78.5,1847.21609,-0.50745
-29.0,-78.5,1851.84362,-0.24636
-28.0,-78.5,1859.622,-0.00094
-27.0,-78.5,1854.01931,0.2467
-26.0,-78.5,1861.85037,0.00971
-25.0,-78.5,1860.86861,0.2228
-24.0,-78.5,1873.05224,0.11584
-23.0,-78.5,1871.47248,-0.18014
-22.0,-78.5,1876.58731,-0.14466
-21.0,-78.5,1873.05644,0.12463
-20.0,-78.5,1877.26782,0.27394
-19.0,-78.5,1880.96614,-0.26985
-18.0,-78.5,1883.95799,0.03669
-17.0,-78.5,1882.02733,0.13485
-16.0,-78.5,1885.62205,0.27755
-15.0,-78.5,1884.96234,-0.09624
-14.0,-78.5,1891.29028,-0.3266
-13.0,-78.5,1895.70731,0.10382
-12.0,-78.5,1888.70149,0.71725
-11.0,-78.5,1893.39081,-0.098
-10.0,-78.5,1861.46095,0.19933
-9.0,-78.5,1884.86042,0.07597
-8.0,-78.5,1890.14172,0.05333
-7.0,-78.5,1882.8593,-0.47651
-6.0,-78.5,1898.25274,0.06516
-5.0,-78.5,1896.64486,0.28956
-4.0,-78.5,1857.04675,-0.01085
-3.0,-78.5,1904.09992,-18.95191
-2.0,-78.5,1874.51012,-0.72003
0.0,-78.5,1834.98766,-3.04412
1.0,-78.5,1898.2234,-0.85518
2.0,-78.5,1902.96336,0.39649
3.0,-78.5,1908.72244,0.44339
4.0,-78.5,1883.93749,-3.93182
5.0,-78.5,1866.18393,-0.73499
6.0,-78.5,1891.36906,-1.15661
-39.0,-77.5,1784.29287,0.0
-38.0,-77.5,1808.18382,0.47427
-37.0,-77.5,1835.58418,0.15104
-36.0,-77.5,1835.86472,1.15033
-35.0,-77.5,1814.86028,0.0
-34.0,-77.5,1828.89872,0.53632
-33.0,-77.5,1838.34724,0.13969
-32.0,-77.5,1845.80403,0.67925
-31.0,-77.5,1845.2648,-0.20416
-30.0,-77.5,1846.74196,-0.038
-29.0,-77.5,1851.73463,0.20041
-28.0,-77.5,1846.39275,-0.67096
-27.0,-77.5,1860.50004,0.43831
-26.0,-77.5,1857.85697,-0.18034
-25.0,-77.5,1858.96988,0.20452
-24.0,-77.5,1866.31618,-1.97896
-23.0,-77.5,1867.48177,-0.09601
-22.0,-77.5,1873.1688,0.70273
-21.0,-77.5,1877.76487,-0.33294
-20.0,-77.5,1876.71514,-0.22372
-19.0,-77.5,1878.00535,-0.14479
-18.0,-77.5,1870.45708,-0.18323
-17.0,-77.5,1888.01578,-0.02524
-16.0,-77.5,1881.70113,-0.03476
-15.0,-77.5,1889.5253,0.03161
-14.0,-77.5,1896.69819,0.08529
-13.0,-77.5,1897.97664,0.22103
-12.0,-77.5,1884.15666,0.39647
-11.0,-77.5,1881.18606,-0.11934
-10.0,-77.5,1891.91833,-0.02828
-6.0,-77.5,1904.56043,0.02282
-5.0,-77.5,1887.31352,0.0704
-4.0,-77.5,1882.6983,-0.03507
-3.0,-77.5,1872.35009,-0.11365
-2.0,-77.5,1890.55117,0.00904
-1.0,-77.5,1888.12339,-0.32683
0.0,-77.5,1887.70476,-0.05553
1.0,-77.5,1903.72725,-0.04961
2.0,-77.5,1903.44547,0.03274
3.0,-77.5,1888.04356,0.08739
4.0,-77.5,1920.37346,-0.75163
5.0,-77.5,1911.92212,-2.33253
6.0,-77.5,1904.18465,0.9969
-38.0,-76.5,1823.75395,-4.35781
-37.0,-76.5,1831.82311,1.96512
-36.0,-76.5,1835.3342,0.55385
-35.0,-76.5,1831.29852,2.76447
-34.0,-76.5,1830.12012,0.34919
-33.0,-76.5,1840.89479,0.12288
-32.0,-76.5,1845.22963,0.21358
-31.0,-76.5,1843.67951,0.21447
-30.0,-76.5,1846.95551,0.16118
-29.0,-76.5,1847.14863,-0.12817
-28.0,-76.5,1854.6068,-0.09287
-27.0,-76.5,1857.21192,-0.92296
-26.0,-76.5,1855.94853,-0.13724
-25.0,-76.5,1862.56073,-0.18496
-24.0,-76.5,1860.16621,-0.30067
-23.0,-76.5,1862.51716,-0.21266
-22.0,-76.5,1866.87877,-0.28069
-21.0,-76.5,1872.25293,-0.30167
-20.0,-76.5,1871.48695,-0.02988
-19.0,-76.5,1876.46887,0.04188
-18.0,-76.5,1882.00731,0.07947
-17.0,-76.5,1880.59135,-0.08326
-16.0,-76.5,1885.93552,0.48535
-15.0,-76.5,1895.9012,0.16085
-14.0,-76.5,1884.3754,0.14904
-13.0,-76.5,1883.8797,0.02221
-12.0,-76.5,1885.74307,-0.01314
-11.0,-76.5,1885.28239,0.07537
-10.0,-76.5,1879.76809,-0.21342
-9.0,-76.5,1884.84535,-0.04308
-8.0,-76.5,1889.6985,-0.22912
-7.0,-76.5,1897.60533,0.00718
-6.0,-76.5,1878.61295,0.00615
-5.0,-76.5,1879.87327,0.03562
-4.0,-76.5,1858.49298,0.09707
-3.0,-76.5,1874.31197,1.14966
-2.0,-76.5,1873.47047,-0.27202
-1.0,-76.5,1884.14487,-0.45434
0.0,-76.5,1894.35714,-0.00711
1.0,-76.5,1895.54567,-0.00381
2.0,-76.5,1898.37627,-0.48567
3.0,-76.5,1898.74349,-1.40625
4.0,-76.5,1903.18478,-0.24287
5.0,-76.5,1891.84674,-0.8583
6.0,-76.5,1870.52696,-1.41106
-50.0,-75.5,1781.63971,0.2133
-49.0,-75.5,1782.77969,-0.03819
-48.0,-75.5,1796.68329,-1.1538
-47.0,-75.5,1770.02951,0.27015
-46.0,-75.5,1764.51143,-0.47816
-45.0,-75.5,1783.77463,-0.73716
-39.0,-75.5,1821.68441,0.0
-38.0,-75.5,1823.69805,0.35913
-37.0,-75.5,1826.59389,0.19429
-36.0,-75.5,1831.26311,1.06478
-35.0,-75.5,1833.91793,0.6669
-34.0,-75.5,1834.30298,0.43047
-33.0,-75.5,1839.80237,0.29737
-32.0,-75.5,1841.46972,0.1946
-31.0,-75.5,1840.20859,0.12454
-30.0,-75.5,1833.53735,-0.49685
-29.0,-75.5,1840.09326,0.66616
-28.0,-75.5,1847.71838,0.19036
-27.0,-75.5,1850.92786,-1.00426
-26.0,-75.5,1854.45819,-0.36009
-25.0,-75.5,1862.11024,-0.42512
-24.0,-75.5,1861.70931,-0.42251
-23.0,-75.5,1864.35917,-0.98906
-22.0,-75.5,1869.48783,-0.10329
-21.0,-75.5,1865.48046,-0.12675
-20.0,-75.5,1873.31359,0.08029
-19.0,-75.5,1884.26841,-0.09443
-18.0,-75.5,1880.34826,0.01031
-17.0,-75.5,1880.79158,0.13746
-16.0,-75.5,1889.3256,0.25474
-15.0,-75.5,1882.58023,0.10951
-14.0,-75.5,1908.96674,0.01805
-13.0,-75.5,1890.72433,-0.9662
-12.0,-75.5,1887.24383,-0.53833
-11.0,-75.5,1885.27466,0.25089
-10.0,-75.5,1880.51194,0.12155
-9.0,-75.5,1879.26844,0.01035
-8.0,-75.5,1872.38102,0.02542
-7.0,-75.5,1878.36757,-0.15684
-6.0,-75.5,1875.37188,0.02126
-5.0,-75.5,1866.65433,0.29701
-4.0,-75.5,1852.69573,1.3708
-3.0,-75.5,1879.17066,-3.1073
-2.0,-75.5,1879.96246,12.26253
-1.0,-75.5,1880.07378,-0.01511
0.0,-75.5,1874.64745,0.07549
1.0,-75.5,1902.28202,-0.01967
2.0,-75.5,1909.46285,0.02668
3.0,-75.5,1914.66391,0.00654
4.0,-75.5,1909.61303,-0.08651
5.0,-75.5,1911.67205,0.06884
6.0,-75.5,1909.89679,-0.39729
-52.0,-74.5,1772.57036,-88.3246
-51.0,-74.5,1798.06988,-0.21342
-50.0,-74.5,1768.17806,0.33479
-49.0,-74.5,1725.33172,-0.65628
-48.0,-74.5,1782.65947,-1.48747
-47.0,-74.5,1798.9183,1.44716
-46.0,-74.5,1766.54992,0.28504
-45.0,-74.5,1769.75798,-0.16877
-44.0,-74.5,1774.63483,-0.39614
-43.0,-74.5,1800.95648,-5.42631
-42.0,-74.5,1784.34309,0.11153
-41.0,-74.5,1722.74137,-2.4
-40.0,-74.5,1836.24941,-0.0
-39.0,-74.5,1816.57317,-0.44585
-38.0,-74.5,1822.5185,-0.0898
-37.0,-74.5,1830.34244,-0.22973
-36.0,-74.5,1836.20667,-1.18532
-35.0,-74.5,1835.10412,0.21791
-34.0,-74.5,1834.37393,0.43498
-33.0,-74.5,1839.1342,0.36365
-32.0,-74.5,1841.2169,0.29659
-31.0,-74.5,1843.99668,-0.34869
-30.0,-74.5,1844.16191,-0.33891
-29.0,-74.5,1844.35084,0.37285
-28.0,-74.5,1844.05636,0.70211
-27.0,-74.5,1852.68056,0.36974
-26.0,-74.5,1858.82618,0.24782
-25.0,-74.5,1861.48798,0.10031
-24.0,-74.5,1866.62996,-0.43225
-23.0,-74.5,1870.52009,-0.11229
-22.0,-74.5,1864.05794,-0.22103
-21.0,-74.5,1871.73591,0.06207
-20.0,-74.5,1882.27905,-0.12751
-19.0,-74.5,1881.55626,0.19421
-18.0,-74.5,1880.47569,0.15619
-17.0,-74.5,1885.60053,-0.24843
-16.0,-74.5,1877.65046,0.18728
-15.0,-74.5,1902.85039,-0.07238
-14.0,-74.5,1893.86792,-0.16414
-13.0,-74.5,1897.09471,-0.08841
-12.0,-74.5,1868.86079,-0.02288
-11.0,-74.5,1868.3561,-2.4853
-10.0,-74.5,1876.0865,0.13334
-9.0,-74.5,1885.49818,-0.02953
-8.0,-74.5,1891.1096,-0.04221
-7.0,-74.5,1880.13085,0.1933
-6.0,-74.5,1862.23508,0.07156
-5.0,-74.5,1850.41874,0.00844
-4.0,-74.5,1836.14907,-0.35558
-3.0,-74.5,1857.28923,-1.81516
-2.0,-74.5,1874.08099,0.43345
-1.0,-74.5,1878.34621,0.0439
0.0,-74.5,1883.02919,0.19835
1.0,-74.5,1899.83659,0.0883
2.0,-74.5,1902.77878,-0.16732
3.0,-74.5,1894.99483,0.01539
4.0,-74.5,1916.61585,-0.13712
5.0,-74.5,1906.60137,0.03511
6.0,-74.5,1912.61936,0.01003
-53.0,-73.5,1794.40732,-22.08024
-51.0,-73.5,1804.56715,-0.30437
-50.0,-73.5,1833.20767,0.66488
-49.0,-73.5,1815.31586,0.69096
-48.0,-73.5,1733.46033,8.26417
-47.0,-73.5,1819.75719,-0.01132
-46.0,-73.5,1759.28615,1.8933
-45.0,-73.5,1743.27664,1.26166
-44.0,-73.5,1760.8436,-0.21938
-43.0,-73.5,1796.273,0.0528
-42.0,-73.5,1802.86944,-0.00403
-41.0,-73.5,1815.18521,-0.07345
-40.0,-73.5,1805.9989,-0.02044
-39.0,-73.5,1810.79544,-0.33533
-38.0,-73.5,1807.54076,-0.27185
-37.0,-73.5,1814.45492,-0.0487
-36.0,-73.5,1832.06686,0.34915
-35.0,-73.5,1834.47394,0.30029
-34.0,-73.5,1835.97213,0.24142
-33.0,-73.5,1837.97454,0.25695
-32.0,-73.5,1839.98894,0.41475
-31.0,-73.5,1842.36149,0.14488
-30.0,-73.5,1845.65388,-0.78585
-29.0,-73.5,1850.73359,-0.41909
-28.0,-73.5,1851.87334,0.57447
-27.0,-73.5,1854.12747,-0.17742
-26.0,-73.5,1857.07516,-0.22694
-25.0,-73.5,1861.8297,-0.49396
-24.0,-73.5,1871.87852,-0.20881
-23.0,-73.5,1866.6173,0.16039
-22.0,-73.5,1859.18244,-0.5539
-21.0,-73.5,1876.00996,0.44123
-20.0,-73.5,1880.14958,0.0904
-19.0,-73.5,1884.29406,0.21892
-18.0,-73.5,1877.92012,0.26202
-17.0,-73.5,1886.25591,-0.3491
-16.0,-73.5,1877.71118,0.03861
-15.0,-73.5,1887.51118,-0.14702
-14.0,-73.5,1882.85799,0.07675
-12.0,-73.5,1873.82438,0.07072
-11.0,-73.5,1872.27573,-0.01553
-10.0,-73.5,1869.96361,-0.0308
-9.0,-73.5,1867.14926,-0.04235
-8.0,-73.5,1872.50874,0.13882
-7.0,-73.5,1862.59721,0.17579
-6.0,-73.5,1864.86893,-0.00107
-5.0,-73.5,1876.09829,-0.27679
-4.0,-73.5,1862.82337,1.2541
-3.0,-73.5,1878.93382,0.1077
-2.0,-73.5,1882.56889,6.69716
-1.0,-73.5,1887.21349,3.64229
0.0,-73.5,1881.41144,-0.2313
1.0,-73.5,1878.94655,0.3594
2.0,-73.5,1888.23321,0.13891
3.0,-73.5,1896.73543,-0.28791
4.0,-73.5,1910.97927,-0.03851
5.0,-73.5,1900.38811,64.18819
6.0,-73.5,1907.03685,-0.02543
-53.0,-72.5,1797.61849,-0.03785
-52.0,-72.5,1802.7332,-0.17866
-51.0,-72.5,1815.64877,0.03611
-50.0,-72.5,1803.90766,0.14686
-49.0,-72.5,1799.83158,-34.29502
-48.0,-72.5,1816.93351,-0.1871
-47.0,-72.5,1758.81425,0.16037
-46.0,-72.5,1815.99226,0.00718
-45.0,-72.5,1780.10399,4.07833
-44.0,-72.5,1790.85613,0.16294
-43.0,-72.5,1771.98801,-0.64755
-42.0,-72.5,1763.97345,0.40437
-41.0,-72.5,1801.48596,0.01738
-40.0,-72.5,1819.73451,0.02997
-39.0,-72.5,1827.48187,0.0256
-38.0,-72.5,1829.85973,0.02732
-37.0,-72.5,1834.03382,0.01424
-36.0,-72.5,1827.98748,0.02012
-35.0,-72.5,1826.23872,0.18955
-34.0,-72.5,1827.50065,0.31453
-33.0,-72.5,1831.97796,0.35116
-32.0,-72.5,1837.25843,0.10117
-31.0,-72.5,1839.58216,0.00592
-30.0,-72.5,1843.71166,-0.40277
-29.0,-72.5,1852.34979,0.14964
-28.0,-72.5,1856.38319,0.02876
-27.0,-72.5,1861.95412,0.02027
-26.0,-72.5,1861.42285,-0.06266
-25.0,-72.5,1857.73016,-0.71273
-24.0,-72.5,1861.81415,-1.05548
-23.0,-72.5,1866.55766,-0.00731
-22.0,-72.5,1873.66702,0.15585
-21.0,-72.5,1864.05345,1.11975
-20.0,-72.5,1878.72931,0.41246
-19.0,-72.5,1885.07037,0.11448
-18.0,-72.5,1879.43072,0.16782
-17.0,-72.5,1868.99358,-0.03873
-16.0,-72.5,1910.78655,-0.02615
-15.0,-72.5,1889.96596,-0.03821
-14.0,-72.5,1888.09259,-0.11398
-12.0,-72.5,1874.11552,-0.04825
-11.0,-72.5,1872.21635,-0.00657
-10.0,-72.5,1871.43506,-0.01151
-9.0,-72.5,1866.23395,-0.05954
-8.0,-72.5,1875.26322,0.18755
-7.0,-72.5,1872.04139,0.60405
-6.0,-72.5,1879.44475,0.00394
-5.0,-72.5,1863.14658,-0.0357
-4.0,-72.5,1865.1774,0.44453
-3.0,-72.5,1875.75966,0.35856
-2.0,-72.5,1878.19887,-0.6912
-1.0,-72.5,1878.07481,0.04497
0.0,-72.5,1878.30757,-1.68928
1.0,-72.5,1876.28396,-0.18304
2.0,-72.5,1887.64157,0.00157
3.0,-72.5,1888.10234,0.05564
4.0,-72.5,1910.86689,0.45533
5.0,-72.5,1914.27932,-0.04897
6.0,-72.5,1922.20979,-0.31631
-54.0,-71.5,1795.46012,4.29933
-53.0,-71.5,1807.57164,0.05366
-52.0,-71.5,1819.54245,-0.00335
-51.0,-71.5,1823.99754,-0.00169
-50.0,-71.5,1829.09439,-0.01802
-49.0,-71.5,1822.79154,-0.00449
-48.0,-71.5,1826.94329,0.03345
-47.0,-71.5,1822.19113,0.01205
-46.0,-71.5,1825.32448,0.0014
-45.0,-71.5,1828.32895,0.32091
-44.0,-71.5,1833.66276,0.08001
-43.0,-71.5,1828.19019,0.10947
-42.0,-71.5,1825.76618,-0.0729
-41.0,-71.5,1786.26622,-0.041
-40.0,-71.5,1827.13937,0.08893
-39.0,-71.5,1815.70611,-0.01388
-38.0,-71.5,1825.26792,0.03019
-37.0,-71.5,1832.56015,0.00728
-36.0,-71.5,1839.12195,0.02747
-35.0,-71.5,1844.86398,0.00974
-34.0,-71.5,1841.05463,0.01236
-33.0,-71.5,1827.28534,0.49748
-32.0,-71.5,1822.33597,0.01923
-31.0,-71.5,1829.94139,-0.0333
-30.0,-71.5,1831.78021,-0.05751
-29.0,-71.5,1836.97196,-0.01101
-28.0,-71.5,1839.52479,-0.00379
-27.0,-71.5,1852.33756,0.09106
-26.0,-71.5,1856.404,0.09752
-25.0,-71.5,1857.52138,0.11279
-24.0,-71.5,1866.44763,0.00854
-23.0,-71.5,1869.35944,-0.10458
-22.0,-71.5,1865.66989,0.85073
-21.0,-71.5,1876.41028,0.4046
-20.0,-71.5,1882.40041,0.00962
-19.0,-71.5,1881.15322,0.73155
-18.0,-71.5,1873.07641,0.23754
-17.0,-71.5,1884.07217,0.00357
-16.0,-71.5,1885.87765,0.01565
-15.0,-71.5,1876.4948,-0.01663
-14.0,-71.5,1885.09393,0.00564
-13.0,-71.5,1875.84804,-1.1522
-12.0,-71.5,1872.20272,0.0153
-11.0,-71.5,1870.42475,-0.00547
-10.0,-71.5,1870.51876,-0.01172
-9.0,-71.5,1870.88324,-0.06275
-8.0,-71.5,1871.19047,0.21898
-7.0,-71.5,1876.60318,1.65278
-6.0,-71.5,1884.89465,1.92471
-5.0,-71.5,1896.08968,0.98331
-4.0,-71.5,1878.42355,-0.60721
-3.0,-71.5,1864.94934,0.03256
-2.0,-71.5,1875.38475,-0.58505
-1.0,-71.5,1853.02447,0.80473
0.0,-71.5,1842.6419,-1.22934
1.0,-71.5,1871.58913,-4.57397
2.0,-71.5,1878.21873,-0.56741
3.0,-71.5,1876.7475,-0.12421
4.0,-71.5,1905.17186,0.03122
5.0,-71.5,1913.93048,0.02786
6.0,-71.5,1916.98736,0.03019
-54.0,-70.5,1756.89104,-0.17608
-53.0,-70.5,1800.16042,-0.06418
-52.0,-70.5,1825.45841,0.02409
-51.0,-70.5,1827.04257,-0.00084
-50.0,-70.5,1828.66936,0.00088
-49.0,-70.5,1832.98312,0.01454
-48.0,-70.5,1832.36761,0.00593
-47.0,-70.5,1832.50509,0.01281
-46.0,-70.5,1832.95029,0.0138
-45.0,-70.5,1835.52152,0.05625
-44.0,-70.5,1835.78767,0.02222
-43.0,-70.5,1836.81325,0.01533
-42.0,-70.5,1840.57535,0.01544
-41.0,-70.5,1837.87162,0.00902
-40.0,-70.5,1837.90816,0.00935
-39.0,-70.5,1837.84328,-0.29085
-38.0,-70.5,1837.69247,0.01251
-37.0,-70.5,1838.48884,0.02663
-36.0,-70.5,1789.28567,0.10556
-35.0,-70.5,1840.65246,0.01469
-34.0,-70.5,1847.47268,0.00597
-33.0,-70.5,1852.32737,0.0142
-32.0,-70.5,1833.78657,-11.99729
-31.0,-70.5,1831.40954,0.05011
-30.0,-70.5,1851.92434,0.00967
-29.0,-70.5,1855.42251,0.0151
-28.0,-70.5,1868.49134,0.01375
-27.0,-70.5,1855.49805,0.03369
-26.0,-70.5,1846.83682,0.10502
-25.0,-70.5,1818.10406,0.27694
-24.0,-70.5,1829.21052,-0.03094
-23.0,-70.5,1850.43415,0.03879
-22.0,-70.5,1842.93765,0.09811
-21.0,-70.5,1850.1158,-0.08152
-20.0,-70.5,1852.37776,0.04311
-19.0,-70.5,1864.41128,0.18721
-18.0,-70.5,1884.7707,0.01212
-17.0,-70.5,1884.58494,-0.00406
-16.0,-70.5,1881.67186,0.0021
-15.0,-70.5,1878.28333,0.04333
-14.0,-70.5,1876.26386,-0.05349
-13.0,-70.5,1876.63871,0.00041
-12.0,-70.5,1871.31071,0.01894
-11.0,-70.5,1871.53143,-0.00815
-10.0,-70.5,1873.84181,-0.03036
-9.0,-70.5,1881.89654,0.11154
-8.0,-70.5,1879.88073,0.01978
-7.0,-70.5,1885.32597,0.00807
-6.0,-70.5,1885.47378,0.48733
-5.0,-70.5,1898.35929,0.00704
-4.0,-70.5,1877.72921,-0.39572
-3.0,-70.5,1867.50274,-0.31833
-2.0,-70.5,1864.02062,2.1062
-1.0,-70.5,1857.76682,0.83318
0.0,-70.5,1858.09767,0.97405
1.0,-70.5,1874.64942,-0.01427
2.0,-70.5,1859.29122,-0.52477
3.0,-70.5,1886.92162,0.08772
4.0,-70.5,1894.63668,-0.70734
5.0,-70.5,1914.92518,0.28388
6.0,-70.5,1909.01071,0.25154
-54.0,-69.5,1808.76084,2.53276
-53.0,-69.5,1813.9131,-0.00331
-52.0,-69.5,1825.27521,-0.00343
-51.0,-69.5,1826.33455,0.00896
-50.0,-69.5,1833.39216,0.0098
-49.0,-69.5,1835.0328,0.01937
-48.0,-69.5,1833.03222,0.01355
-47.0,-69.5,1834.2137,0.01382
-46.0,-69.5,1836.45085,0.02049
-45.0,-69.5,1834.47933,0.01841
-44.0,-69.5,1835.5756,0.0242
-43.0,-69.5,1838.17559,0.0065
-42.0,-69.5,1837.96938,0.00921
-41.0,-69.5,1839.28135,0.00917
-40.0,-69.5,1838.39635,0.00099
-39.0,-69.5,1846.23605,0.01189
-38.0,-69.5,1846.97983,0.0059
-37.0,-69.5,1846.26676,0.02104
-36.0,-69.5,1838.55217,0.02093
-35.0,-69.5,1845.1749,0.00017
-34.0,-69.5,1843.39168,0.00298
-33.0,-69.5,1845.77558,0.00379
-32.0,-69.5,1843.05143,0.01287
-31.0,-69.5,1847.43549,0.01834
-30.0,-69.5,1850.08557,-0.01251
-29.0,-69.5,1850.65026,0.04782
-28.0,-69.5,1849.91163,-0.16812
-27.0,-69.5,1856.10556,0.01973
-26.0,-69.5,1868.00932,0.01369
-25.0,-69.5,1871.83435,0.00995
-24.0,-69.5,1876.32148,0.01246
-23.0,-69.5,1881.53519,0.00946
-22.0,-69.5,1883.57157,0.00512
-21.0,-69.5,1889.00739,0.00267
-20.0,-69.5,1891.27378,0.00098
-19.0,-69.5,1888.37084,-0.00887
-18.0,-69.5,1880.3651,-0.01002
-17.0,-69.5,1874.4072,-0.11234
-16.0,-69.5,1830.03617,-0.09004
-15.0,-69.5,1865.67739,0.02846
-14.0,-69.5,1869.08314,0.06592
-13.0,-69.5,1869.45273,0.01947
-12.0,-69.5,1872.29781,-0.00084
-11.0,-69.5,1878.81807,-0.00308
-10.0,-69.5,1876.47029,0.01902
-9.0,-69.5,1878.46356,0.03097
-8.0,-69.5,1872.17989,-0.00619
-7.0,-69.5,1876.52225,-0.06281
-6.0,-69.5,1873.35041,0.03733
-5.0,-69.5,1885.1243,-0.20426
-4.0,-69.5,1874.85668,0.0181
-3.0,-69.5,1855.7852,-3.97894
-2.0,-69.5,1871.6139,-0.16313
-1.0,-69.5,1858.74021,0.34591
0.0,-69.5,1868.97756,0.3133
1.0,-69.5,1851.61734,-1.80554
2.0,-69.5,1866.68575,1.66303
3.0,-69.5,1870.21705,0.33395
4.0,-69.5,1874.33061,1.01804
5.0,-69.5,1905.53498,0.29364
6.0,-69.5,1923.96576,0.45715
-56.0,-68.5,1788.55966,0.23508
-55.0,-68.5,1792.11915,-0.03799
-54.0,-68.5,1812.96592,-0.0103
-53.0,-68.5,1812.86697,-0.01899
-52.0,-68.5,1801.31991,-1.96024
-51.0,-68.5,1762.53843,-70.48196
-50.0,-68.5,1832.32427,0.00398
-49.0,-68.5,1835.86291,0.03103
-48.0,-68.5,1837.33819,0.03026
-47.0,-68.5,1840.56071,0.01733
-46.0,-68.5,1841.43505,0.02691
-45.0,-68.5,1842.46313,0.02509
-44.0,-68.5,1843.16992,0.02451
-43.0,-68.5,1841.80113,0.00982
-42.0,-68.5,1835.10653,-0.0037
-41.0,-68.5,1838.50364,0.01032
-40.0,-68.5,1841.38574,0.01132
-39.0,-68.5,1845.12577,0.01056
-38.0,-68.5,1850.4894,0.01118
-37.0,-68.5,1846.08384,0.01626
-36.0,-68.5,1844.15435,0.01074
-35.0,-68.5,1842.13207,0.00981
-34.0,-68.5,1847.16018,0.00048
-33.0,-68.5,1851.28341,0.00366
-32.0,-68.5,1860.6939,0.00936
-31.0,-68.5,1863.39518,0.01557
-30.0,-68.5,1866.08456,0.01188
-29.0,-68.5,1861.20738,0.0185
-28.0,-68.5,1842.48665,-0.41179
-27.0,-68.5,1855.78472,-0.02104
-26.0,-68.5,1861.91527,0.05042
-25.0,-68.5,1863.47174,0.12704
-24.0,-68.5,1871.0564,-0.0008
-23.0,-68.5,1878.46624,0.00927
-22.0,-68.5,1877.79465,0.01474
-21.0,-68.5,1877.42537,-0.05017
-20.0,-68.5,1874.79145,0.05817
-19.0,-68.5,1879.71981,2e-05
-18.0,-68.5,1882.68723,0.01101
-17.0,-68.5,1881.34293,-0.01193
-16.0,-68.5,1852.30457,-0.00487
-15.0,-68.5,1869.2282,-0.66813
-14.0,-68.5,1860.45951,-0.01608
-13.0,-68.5,1869.13816,-0.0101
-12.0,-68.5,1870.15911,0.00548
-11.0,-68.5,1887.49294,-0.00491
-10.0,-68.5,1885.03661,-0.00347
-9.0,-68.5,1885.68868,-0.01791
-8.0,-68.5,1873.67835,-0.01864
-7.0,-68.5,1868.14061,-0.04615
-6.0,-68.5,1878.5636,0.26431
-5.0,-68.5,1888.80236,0.4039
-4.0,-68.5,1876.57589,1.25344
-3.0,-68.5,1869.514,-0.10832
-2.0,-68.5,1860.71803,-0.24148
-1.0,-68.5,1859.55115,0.04628
0.0,-68.5,1860.46302,0.76952
1.0,-68.5,1871.4318,-1.29333
2.0,-68.5,1851.97028,-0.94522
3.0,-68.5,1865.126,-0.16487
4.0,-68.5,1882.15733,-2.28476
5.0,-68.5,1901.71397,-0.03832
6.0,-68.5,1921.49834,-0.06187
-56.0,-67.5,1738.21988,-0.24242
-55.0,-67.5,1754.32638,8.48288
-54.0,-67.5,1802.49771,-0.26199
-53.0,-67.5,1765.43927,-0.08574
-50.0,-67.5,1792.25714,0.06994
-49.0,-67.5,1822.12502,0.02324
-48.0,-67.5,1840.58085,0.0325
-47.0,-67.5,1836.91344,0.0171
-46.0,-67.5,1825.16284,0.03999
-45.0,-67.5,1841.98282,0.02124
-44.0,-67.5,1846.16752,0.01484
-43.0,-67.5,1844.88998,0.01404
-42.0,-67.5,1836.27134,0.00781
-41.0,-67.5,1837.18717,0.01401
-40.0,-67.5,1844.46237,0.01539
-39.0,-67.5,1844.8996,0.01113
-38.0,-67.5,1843.88395,0.01712
-37.0,-67.5,1845.25594,0.01524
-36.0,-67.5,1844.07132,0.01142
-35.0,-67.5,1841.31255,0.01736
-34.0,-67.5,1845.7283,0.01278
-33.0,-67.5,1850.84895,0.00803
-32.0,-67.5,1862.29084,0.00935
-31.0,-67.5,1857.77877,0.01093
-30.0,-67.5,1859.96648,0.01113
-29.0,-67.5,1860.57829,0.1134
-28.0,-67.5,1864.79368,0.00693
-27.0,-67.5,1864.80173,0.0034
-26.0,-67.5,1859.80329,0.03677
-25.0,-67.5,1866.93332,0.03166
-24.0,-67.5,1870.87915,-0.01976
-23.0,-67.5,1874.69165,0.0173
-22.0,-67.5,1874.98379,0.01694
-21.0,-67.5,1876.1529,-0.00846
-20.0,-67.5,1858.67882,-0.41364
-19.0,-67.5,1883.60382,0.00369
-18.0,-67.5,1885.08845,-0.00665
-17.0,-67.5,1882.70994,-0.00255
-16.0,-67.5,1858.67868,-0.00577
-15.0,-67.5,1862.33318,-0.21011
-14.0,-67.5,1869.29197,-0.01196
-13.0,-67.5,1880.04581,0.00266
-12.0,-67.5,1870.43535,0.0069
-11.0,-67.5,1879.71172,-0.01572
-10.0,-67.5,1901.71119,0.00433
-9.0,-67.5,1890.95639,-0.00861
-8.0,-67.5,1874.22696,-0.03893
-7.0,-67.5,1874.78014,-0.06705
-6.0,-67.5,1883.0401,-0.09613
-5.0,-67.5,1883.07868,-0.03481
-4.0,-67.5,1868.04616,-3.96275
-3.0,-67.5,1875.47167,-0.80597
-2.0,-67.5,1862.07794,-4.32544
-1.0,-67.5,1867.46811,-0.54494
0.0,-67.5,1854.61464,1.27088
1.0,-67.5,1861.00148,-0.35219
2.0,-67.5,1871.37245,-0.39827
3.0,-67.5,1873.88252,-2.35823
4.0,-67.5,1877.96204,-0.08571
5.0,-67.5,1884.81024,-0.7077
6.0,-67.5,1915.09863,-0.00118
-55.0,-66.5,1795.33115,0.51434
-54.0,-66.5,1795.57262,-0.11659
-49.0,-66.5,1798.48245,-0.21445
-48.0,-66.5,1835.09181,0.02792
-47.0,-66.5,1826.59304,0.02807
-46.0,-66.5,1706.22897,-0.03164
-45.0,-66.5,1839.70385,-0.00703
-44.0,-66.5,1844.02167,0.02016
-43.0,-66.5,1845.06261,0.01404
-42.0,-66.5,1842.1553,0.01729
-41.0,-66.5,1840.18719,0.019
-40.0,-66.5,1845.30227,0.01811
-39.0,-66.5,1842.57837,0.01724
-38.0,-66.5,1841.78528,0.01789
-37.0,-66.5,1842.97205,0.01672
-36.0,-66.5,1843.24354,0.01636
-35.0,-66.5,1843.948,0.01764
-34.0,-66.5,1845.42487,0.01225
-33.0,-66.5,1843.60093,0.00794
-32.0,-66.5,1849.14163,0.00668
-31.0,-66.5,1849.85251,0.00855
-30.0,-66.5,1851.7242,0.01328
-29.0,-66.5,1857.8806,0.00746
-28.0,-66.5,1873.70103,0.01156
-27.0,-66.5,1859.10856,-0.10193
-26.0,-66.5,1864.34501,0.10886
-25.0,-66.5,1860.12001,0.24735
-24.0,-66.5,1866.30805,-0.00202
-23.0,-66.5,1869.8341,0.001
-22.0,-66.5,1872.29376,0.01271
-21.0,-66.5,1883.88562,-0.00427
-20.0,-66.5,1886.46263,-0.00705
-19.0,-66.5,1880.51482,-0.01899
-18.0,-66.5,1883.96896,-0.22884
-17.0,-66.5,1889.37837,-0.02319
-16.0,-66.5,1843.51395,0.0342
-15.0,-66.5,1867.24296,0.01997
-14.0,-66.5,1892.45132,0.00028
-13.0,-66.5,1890.66714,0.01717
-12.0,-66.5,1883.35802,0.0018
-11.0,-66.5,1876.1168,-0.0245
-10.0,-66.5,1884.40982,-0.00471
-9.0,-66.5,1878.0555,-0.00507
-8.0,-66.5,1867.03589,-0.01154
-7.0,-66.5,1859.55579,0.09539
-6.0,-66.5,1872.46961,0.19386
-5.0,-66.5,1884.97654,-0.04146
-4.0,-66.5,1874.01061,-0.88439
-3.0,-66.5,1878.01017,-0.20521
-2.0,-66.5,1890.53846,0.881
-1.0,-66.5,1875.44476,-1.85747
0.0,-66.5,1855.5943,0.11994
1.0,-66.5,1864.99408,2.55178
2.0,-66.5,1876.08269,-0.0639
3.0,-66.5,1868.95587,-0.97751
4.0,-66.5,1889.21438,0.05766
5.0,-66.5,1884.81322,0.03561
6.0,-66.5,1890.52363,0.23307
-55.0,-65.5,1786.70388,0.07898
-48.0,-65.5,1790.31841,-0.11267
-47.0,-65.5,1805.42979,0.02258
-45.0,-65.5,1820.97941,0.07865
-44.0,-65.5,1821.43783,-0.00038
-43.0,-65.5,1842.00616,0.01891
-42.0,-65.5,1844.03811,0.00959
-41.0,-65.5,1838.91632,0.01456
-40.0,-65.5,1843.48222,0.01415
-39.0,-65.5,1841.45328,0.01472
-38.0,-65.5,1842.68098,0.01667
-37.0,-65.5,1841.79981,0.01586
-36.0,-65.5,1840.4348,0.01342
-35.0,-65.5,1845.50769,0.01179
-34.0,-65.5,1852.18887,0.01217
-33.0,-65.5,1851.06374,0.00506
-32.0,-65.5,1842.33278,0.00952
-31.0,-65.5,1843.34852,0.01574
-30.0,-65.5,1856.84476,0.00759
-29.0,-65.5,1853.35799,0.01414
-28.0,-65.5,1853.79359,0.01672
-27.0,-65.5,1856.26451,0.01848
-26.0,-65.5,1855.05432,0.01389
-25.0,-65.5,1860.30284,-0.0145
-24.0,-65.5,1867.55836,0.00154
-23.0,-65.5,1870.8642,-0.0005
-22.0,-65.5,1871.04657,0.00176
-21.0,-65.5,1868.68669,0.14538
-20.0,-65.5,1870.50773,-0.09279
-19.0,-65.5,1872.75095,-0.10876
-18.0,-65.5,1883.72443,-0.02498
-17.0,-65.5,1857.16407,-0.00551
-16.0,-65.5,1865.41634,0.01247
-15.0,-65.5,1880.39522,0.02184
-14.0,-65.5,1888.4515,0.01352
-13.0,-65.5,1882.11584,0.01491
-12.0,-65.5,1884.26042,0.00454
-11.0,-65.5,1883.76173,-0.00033
-10.0,-65.5,1883.37467,-0.02024
-9.0,-65.5,1881.0007,-0.01139
-8.0,-65.5,1867.11549,0.00191
-7.0,-65.5,1864.2129,-0.02507
-6.0,-65.5,1868.59992,0.04253
-5.0,-65.5,1870.66211,0.03891
-4.0,-65.5,1882.34486,0.4416
-3.0,-65.5,1878.15156,0.54873
-2.0,-65.5,1889.53412,-0.1399
-1.0,-65.5,1877.3513,-1.46564
0.0,-65.5,1861.64071,-0.23785
1.0,-65.5,1866.92987,1.05746
2.0,-65.5,1857.94503,0.74991
3.0,-65.5,1866.43347,1.07947
4.0,-65.5,1891.53212,-3.04448
5.0,-65.5,1885.65158,-0.94199
6.0,-65.5,1892.75078,-0.20783
-55.0,-64.5,1757.47862,-1.57393
-44.0,-64.5,1715.73067,1.0789
-43.0,-64.5,1819.20803,0.05737
-42.0,-64.5,1812.65689,0.00158
-41.0,-64.5,1820.81286,0.00107
-40.0,-64.5,1843.59213,0.01239
-39.0,-64.5,1840.22429,0.02062
-38.0,-64.5,1838.67557,0.01956
-37.0,-64.5,1844.34301,0.01337
-36.0,-64.5,1849.17151,0.01428
-35.0,-64.5,1852.7524,0.01189
-34.0,-64.5,1854.61979,0.01141
-33.0,-64.5,1855.88659,0.01104
-32.0,-64.5,1852.99201,0.01792
-31.0,-64.5,1850.79774,0.02645
-30.0,-64.5,1850.54005,0.01617
-29.0,-64.5,1855.9567,0.01299
-28.0,-64.5,1854.36426,0.01625
-27.0,-64.5,1861.19489,0.01438
-26.0,-64.5,1862.92972,0.00734
-25.0,-64.5,1861.89443,0.01504
-24.0,-64.5,1860.86714,0.0125
-23.0,-64.5,1857.15594,-0.00157
-22.0,-64.5,1858.46769,-0.00693
-21.0,-64.5,1869.19808,-0.013
-20.0,-64.5,1862.80862,0.12066
-19.0,-64.5,1877.40341,0.0191
-18.0,-64.5,1879.87217,0.04426
-17.0,-64.5,1862.24026,0.01774
-16.0,-64.5,1866.07251,0.00529
-15.0,-64.5,1881.20282,0.01326
-14.0,-64.5,1885.28578,-5e-05
-13.0,-64.5,1889.07397,0.00521
-12.0,-64.5,1880.82877,-0.00527
-11.0,-64.5,1877.47889,-0.00049
-10.0,-64.5,1898.07868,-0.01456
-9.0,-64.5,1883.78463,0.00063
-8.0,-64.5,1871.44461,0.00581
-7.0,-64.5,1868.2164,0.02412
-6.0,-64.5,1868.13492,0.01712
-5.0,-64.5,1868.03202,-0.005
-4.0,-64.5,1871.35557,-2.87193
-3.0,-64.5,1865.27864,0.09261
-2.0,-64.5,1864.75119,-3.99735
-1.0,-64.5,1858.2782,1.75922
0.0,-64.5,1865.06931,0.15925
1.0,-64.5,1852.21686,2.48778
2.0,-64.5,1867.75545,0.10438
3.0,-64.5,1869.85517,0.26581
4.0,-64.5,1885.27062,0.44949
5.0,-64.5,1875.74401,-0.93279
6.0,-64.5,1868.19791,-0.02844
-43.0,-63.5,1821.74687,0.0446
-42.0,-63.5,1815.55995,-0.15905
-41.0,-63.5,1842.43976,0.01046
-40.0,-63.5,1842.93004,0.01228
-39.0,-63.5,1838.4264,0.01508
-38.0,-63.5,1841.93677,0.01913
-37.0,-63.5,1848.01991,0.01312
-36.0,-63.5,1850.36449,0.00895
-35.0,-63.5,1851.05192,0.0021
-34.0,-63.5,1854.15043,0.00899
-33.0,-63.5,1857.52525,0.01164
-32.0,-63.5,1860.97373,0.00925
-31.0,-63.5,1862.94915,0.00803
-30.0,-63.5,1856.32184,0.01833
-29.0,-63.5,1851.05705,0.01667
-28.0,-63.5,1852.34837,0.01821
-27.0,-63.5,1853.05856,0.01575
-26.0,-63.5,1855.38216,0.01526
-25.0,-63.5,1865.39229,0.01493
-24.0,-63.5,1862.23339,0.01833
-23.0,-63.5,1867.71076,0.01831
-22.0,-63.5,1864.73501,0.01647
-21.0,-63.5,1861.82766,0.01246
-20.0,-63.5,1866.97244,0.00989
-19.0,-63.5,1872.17045,-0.00297
-18.0,-63.5,1876.00078,-0.07988
-17.0,-63.5,1885.3564,0.0079
-16.0,-63.5,1881.5199,0.00963
-15.0,-63.5,1870.28772,0.0077
-14.0,-63.5,1876.5579,-0.00387
-13.0,-63.5,1876.39547,-0.00161
-12.0,-63.5,1890.30822,-0.00274
-11.0,-63.5,1879.34016,4e-05
-10.0,-63.5,1902.39103,-0.00425
-9.0,-63.5,1893.17866,-0.00877
-8.0,-63.5,1880.60386,-0.00375
-7.0,-63.5,1868.4309,0.0095
-6.0,-63.5,1867.68129,0.0067
-5.0,-63.5,1862.45566,0.08556
-4.0,-63.5,1871.29268,-0.1593
-3.0,-63.5,1868.32495,0.20161
-2.0,-63.5,1852.21053,0.12851
-1.0,-63.5,1854.83299,0.73381
0.0,-63.5,1864.71842,-0.54742
1.0,-63.5,1863.95714,0.25125
2.0,-63.5,1867.50524,0.05705
3.0,-63.5,1869.88649,1.96415
4.0,-63.5,1881.92354,0.19419
5.0,-63.5,1867.0815,0.16503
6.0,-63.5,1888.61653,0.05067
-41.0,-62.5,1832.66264,-0.00556
-40.0,-62.5,1831.85149,0.02602
-39.0,-62.5,1834.8055,0.01146
-38.0,-62.5,1843.98572,0.00544
-37.0,-62.5,1846.89175,0.01116
-36.0,-62.5,1848.40829,0.00898
-35.0,-62.5,1849.02872,0.00576
-34.0,-62.5,1852.02198,0.0018
-33.0,-62.5,1859.14753,0.0088
-32.0,-62.5,1861.03288,0.01708
-31.0,-62.5,1854.39837,0.01309
-30.0,-62.5,1851.17569,-0.00605
-29.0,-62.5,1863.89199,0.00802
-28.0,-62.5,1864.84297,0.01659
-27.0,-62.5,1867.26895,0.01134
-26.0,-62.5,1857.02067,0.0115
-25.0,-62.5,1852.92907,0.01361
-24.0,-62.5,1854.60545,0.00822
-23.0,-62.5,1860.61789,0.01251
-22.0,-62.5,1864.73596,0.0277
-21.0,-62.5,1860.45895,0.02169
-20.0,-62.5,1864.59946,0.01538
-19.0,-62.5,1863.30576,0.0114
-18.0,-62.5,1880.20575,0.00699
-17.0,-62.5,1887.64862,0.00778
-16.0,-62.5,1870.63081,0.01251
-15.0,-62.5,1869.43883,-0.00232
-14.0,-62.5,1868.72203,0.00601
-13.0,-62.5,1875.67457,-0.00542
-12.0,-62.5,1887.97035,-0.00735
-11.0,-62.5,1901.86654,-0.00302
-10.0,-62.5,1904.06697,-0.00427
-9.0,-62.5,1893.63082,-0.01051
-8.0,-62.5,1877.53002,0.00072
-7.0,-62.5,1871.47907,0.00315
-6.0,-62.5,1859.79794,-0.0128
-5.0,-62.5,1859.34912,0.00751
-4.0,-62.5,1866.86667,-0.066
-3.0,-62.5,1865.90799,-0.04597
-2.0,-62.5,1860.02396,0.35815
-1.0,-62.5,1859.52087,-0.119
0.0,-62.5,1863.37508,2.20049
1.0,-62.5,1859.1238,1.2717
2.0,-62.5,1859.66607,0.91318
3.0,-62.5,1872.29099,0.36285
4.0,-62.5,1868.91002,-0.70165
5.0,-62.5,1875.47002,-0.36702
6.0,-62.5,1887.20924,-0.06109
-52.0,-61.5,1789.88239,-0.72389
-41.0,-61.5,1760.13705,-0.39499
-40.0,-61.5,1770.47548,-0.19636
-39.0,-61.5,1833.20997,0.00459
-38.0,-61.5,1845.00897,0.00937
-37.0,-61.5,1846.6023,0.01361
-36.0,-61.5,1847.38794,0.01482
-35.0,-61.5,1850.81581,0.01176
-34.0,-61.5,1855.85694,0.01154
-33.0,-61.5,1859.23222,0.016
-32.0,-61.5,1860.24946,0.01488
-31.0,-61.5,1860.31711,0.01256
-30.0,-61.5,1859.65084,0.00725
-29.0,-61.5,1861.88626,0.00108
-28.0,-61.5,1866.02129,0.00431
-27.0,-61.5,1870.25286,0.01455
-26.0,-61.5,1862.42613,0.01085
-25.0,-61.5,1848.64324,0.00532
-24.0,-61.5,1853.99143,0.01037
-23.0,-61.5,1861.23441,0.01787
-22.0,-61.5,1867.95905,0.01654
-21.0,-61.5,1866.29997,0.01252
-20.0,-61.5,1861.62958,0.00641
-19.0,-61.5,1859.02304,0.01212
-18.0,-61.5,1871.38276,0.01522
-17.0,-61.5,1867.8217,0.0291
-16.0,-61.5,1874.74893,0.02707
-15.0,-61.5,1869.51622,0.01299
-14.0,-61.5,1864.02799,0.00958
-13.0,-61.5,1887.54239,0.00904
-12.0,-61.5,1893.5314,0.00725
-11.0,-61.5,1891.04673,0.00168
-10.0,-61.5,1878.82277,-0.00981
-9.0,-61.5,1887.13972,-0.00427
-8.0,-61.5,1888.26482,-0.01628
-7.0,-61.5,1872.48578,0.03374
-6.0,-61.5,1864.5746,-0.05617
-5.0,-61.5,1848.35162,0.23365
-4.0,-61.5,1860.7691,0.03218
-3.0,-61.5,1858.90094,0.36357
-2.0,-61.5,1845.10212,-0.45591
-1.0,-61.5,1857.04982,0.03109
0.0,-61.5,1871.0013,0.93023
1.0,-61.5,1879.53963,3.74265
2.0,-61.5,1881.84413,0.17638
3.0,-61.5,1895.79026,0.26033
4.0,-61.5,1902.5208,-0.05562
5.0,-61.5,1911.86048,0.62745
6.0,-61.5,1891.40689,0.12279
-52.0,-60.5,1797.94932,23.76294
-51.0,-60.5,1785.65822,0.40245
-39.0,-60.5,1845.96356,0.0167
-38.0,-60.5,1844.81885,0.00513
-37.0,-60.5,1845.90696,0.0139
-36.0,-60.5,1846.96066,0.01782
-35.0,-60.5,1853.44386,0.01003
-34.0,-60.5,1857.30563,0.01117
-33.0,-60.5,1851.08693,0.0158
-32.0,-60.5,1852.1149,0.01676
-31.0,-60.5,1854.49409,0.0107
-30.0,-60.5,1856.05144,0.00783
-29.0,-60.5,1851.01177,-0.00088
-28.0,-60.5,1857.18396,0.0018
-27.0,-60.5,1864.37856,0.01433
-26.0,-60.5,1856.17296,0.00873
-25.0,-60.5,1852.8248,0.00504
-24.0,-60.5,1854.33598,0.01221
-23.0,-60.5,1866.39139,0.01546
-22.0,-60.5,1868.71514,0.00955
-21.0,-60.5,1868.65518,0.01867
-20.0,-60.5,1861.2656,0.02022
-19.0,-60.5,1859.00711,0.02719
-18.0,-60.5,1869.06251,0.02964
-17.0,-60.5,1870.3567,0.02439
-16.0,-60.5,1877.40628,0.03174
-15.0,-60.5,1875.60271,0.01177
-14.0,-60.5,1877.27629,0.00719
-13.0,-60.5,1889.31389,0.00256
-12.0,-60.5,1882.92902,-0.00285
-11.0,-60.5,1875.12761,-0.00384
-10.0,-60.5,1876.60786,0.00494
-9.0,-60.5,1878.7309,-0.02172
-8.0,-60.5,1872.96592,-0.00382
-7.0,-60.5,1876.36598,0.04809
-6.0,-60.5,1873.27724,0.06446
-5.0,-60.5,1861.08662,0.00367
-4.0,-60.5,1842.38444,0.74218
-3.0,-60.5,1868.2387,0.13672
-2.0,-60.5,1869.75043,-0.18667
-1.0,-60.5,1864.18295,-1.15905
0.0,-60.5,1882.2018,0.11026
1.0,-60.5,1888.7642,-0.17999
2.0,-60.5,1890.05596,0.18755
3.0,-60.5,1911.45924,-0.20946
4.0,-60.5,1911.31292,0.15052
5.0,-60.5,1898.07489,0.23958
6.0,-60.5,1877.60038,-0.6901
-52.0,-59.5,1801.76449,0.09756
-51.0,-59.5,1792.93982,-0.42581
-39.0,-59.5,1849.21954,-0.00784
-38.0,-59.5,1846.525,0.00467
-37.0,-59.5,1846.83508,0.00363
-36.0,-59.5,1848.3404,0.01215
-35.0,-59.5,1853.52832,0.00675
-34.0,-59.5,1851.67096,0.01294
-33.0,-59.5,1851.1274,0.02066
-32.0,-59.5,1853.18397,0.01646
-31.0,-59.5,1849.19906,0.01603
-30.0,-59.5,1848.23965,0.01286
-29.0,-59.5,1856.43989,0.01048
-28.0,-59.5,1853.9243,0.00402
-27.0,-59.5,1852.62782,0.00648
-26.0,-59.5,1852.32348,0.01964
-25.0,-59.5,1847.90975,0.01451
-24.0,-59.5,1853.83244,0.01447
-23.0,-59.5,1863.94241,0.01795
-22.0,-59.5,1863.88885,0.0149
-21.0,-59.5,1867.47206,0.01437
-20.0,-59.5,1866.94478,0.01902
-19.0,-59.5,1862.45712,0.01517
-18.0,-59.5,1861.68195,0.02501
-17.0,-59.5,1867.16857,0.01132
-16.0,-59.5,1879.9248,0.01329
-15.0,-59.5,1885.07519,0.00566
-14.0,-59.5,1885.29814,0.00692
-13.0,-59.5,1874.18032,-0.00649
-12.0,-59.5,1873.29912,-0.01099
-11.0,-59.5,1878.1793,-0.00788
-10.0,-59.5,1886.05932,0.00669
-9.0,-59.5,1882.20399,-0.0092
-8.0,-59.5,1874.45748,0.01606
-7.0,-59.5,1884.35119,-0.00484
-6.0,-59.5,1873.77917,0.01308
-5.0,-59.5,1861.97217,-0.00251
-4.0,-59.5,1847.44924,0.11174
-3.0,-59.5,1880.51562,0.30009
-2.0,-59.5,1859.69078,-1.74766
-1.0,-59.5,1876.09244,-0.03972
0.0,-59.5,1884.49118,0.21601
1.0,-59.5,1879.63512,-0.46982
2.0,-59.5,1897.48346,0.54035
3.0,-59.5,1909.77531,0.14051
4.0,-59.5,1891.32847,0.68558
5.0,-59.5,1868.68598,0.37505
6.0,-59.5,1871.74946,0.02653
-52.0,-58.5,1802.38794,0.04467
-51.0,-58.5,1804.85167,-0.05381
-40.0,-58.5,1828.12348,-5.42765
-39.0,-58.5,1838.90054,-0.03197
-38.0,-58.5,1846.447,0.00893
-37.0,-58.5,1845.08303,0.01261
-36.0,-58.5,1848.70336,0.01499
-35.0,-58.5,1852.58322,0.00776
-34.0,-58.5,1837.88824,0.02743
-33.0,-58.5,1849.89222,0.01621
-32.0,-58.5,1852.99271,0.01235
-31.0,-58.5,1852.01157,0.00663
-30.0,-58.5,1851.64356,0.01424
-29.0,-58.5,1855.73252,0.01945
-28.0,-58.5,1856.59252,0.02336
-27.0,-58.5,1854.73828,0.02033
-26.0,-58.5,1852.20596,0.02099
-25.0,-58.5,1848.06091,0.01767
-24.0,-58.5,1848.16897,0.01616
-23.0,-58.5,1851.02732,0.01254
-22.0,-58.5,1853.48572,0.01688
-21.0,-58.5,1859.75966,0.01679
-20.0,-58.5,1863.03055,0.00555
-19.0,-58.5,1861.19278,0.01394
-18.0,-58.5,1867.98008,0.01331
-17.0,-58.5,1876.30092,0.01694
-16.0,-58.5,1884.77729,0.01374
-15.0,-58.5,1884.6232,0.01427
-14.0,-58.5,1886.92293,0.01202
-13.0,-58.5,1885.77589,-0.00305
-12.0,-58.5,1882.92742,0.00282
-11.0,-58.5,1887.53038,0.00401
-10.0,-58.5,1890.17289,-0.00537
-9.0,-58.5,1878.84416,-0.00297
-8.0,-58.5,1872.10739,0.01214
-7.0,-58.5,1872.37744,0.0102
-6.0,-58.5,1872.50655,0.12545
-5.0,-58.5,1866.92526,-0.41029
-4.0,-58.5,1815.9349,-0.0535
-3.0,-58.5,1870.02275,0.14709
-2.0,-58.5,1870.63219,0.53025
-1.0,-58.5,1882.55648,0.10617
0.0,-58.5,1883.11559,-0.03149
1.0,-58.5,1876.52621,-0.19252
2.0,-58.5,1877.00739,0.63189
3.0,-58.5,1852.57004,-0.40848
4.0,-58.5,1872.64398,0.45463
5.0,-58.5,1862.36927,1.17448
6.0,-58.5,1880.3722,-0.47765
-52.0,-57.5,1789.2613,-0.3882
-51.0,-57.5,1778.73711,-0.36135
-40.0,-57.5,1826.42228,-3.55556
-39.0,-57.5,1850.51126,1.12018
-38.0,-57.5,1834.99161,0.04581
-37.0,-57.5,1845.05333,0.01035
-36.0,-57.5,1837.42163,-0.00223
-35.0,-57.5,1833.95725,0.05722
-34.0,-57.5,1852.02731,0.00861
-33.0,-57.5,1850.65301,0.01364
-32.0,-57.5,1849.35728,0.0111
-31.0,-57.5,1850.24712,0.01043
-30.0,-57.5,1853.1778,0.01464
-29.0,-57.5,1855.30169,0.02207
-28.0,-57.5,1854.89777,0.03114
-27.0,-57.5,1857.72173,0.01683
-26.0,-57.5,1856.85415,0.02314
-25.0,-57.5,1855.01265,0.01842
-24.0,-57.5,1851.1405,0.01981
-23.0,-57.5,1854.80301,0.01338
-22.0,-57.5,1861.96381,0.00605
-21.0,-57.5,1861.93522,0.01725
-20.0,-57.5,1869.98397,0.00998
-19.0,-57.5,1872.19273,0.01302
-18.0,-57.5,1862.528,0.0232
-17.0,-57.5,1872.86718,0.0126
-16.0,-57.5,1879.65152,0.00993
-15.0,-57.5,1883.05372,0.00165
-14.0,-57.5,1890.25745,0.00391
-13.0,-57.5,1886.13589,-0.00348
-12.0,-57.5,1888.22541,0.00382
-11.0,-57.5,1892.0511,0.00594
-10.0,-57.5,1893.41438,0.00426
-9.0,-57.5,1880.59607,0.01112
-8.0,-57.5,1877.14414,0.00405
-7.0,-57.5,1875.69614,0.013
-6.0,-57.5,1868.37857,0.04182
-5.0,-57.5,1859.11379,-0.62026
-4.0,-57.5,1820.83247,-0.20502
-3.0,-57.5,1860.67603,-0.20989
-2.0,-57.5,1869.19493,-0.36408
-1.0,-57.5,1873.43004,-0.21851
0.0,-57.5,1878.02128,-0.3278
1.0,-57.5,1883.42624,-0.4079
2.0,-57.5,1863.50451,-0.10382
3.0,-57.5,1863.68804,0.04833
4.0,-57.5,1870.07059,0.84877
5.0,-57.5,1845.77705,0.77811
6.0,-57.5,1893.29913,0.06227
-40.0,-56.5,1837.99898,-1.86585
-39.0,-56.5,1848.63173,4.09616
-38.0,-56.5,1846.25794,3.04798
-37.0,-56.5,1841.65951,1.60868
-36.0,-56.5,1857.86439,0.91546
-35.0,-56.5,1850.30501,0.2192
-34.0,-56.5,1851.55046,0.00334
-33.0,-56.5,1850.16989,0.01501
-32.0,-56.5,1852.13181,0.01588
-31.0,-56.5,1851.02094,0.01503
-30.0,-56.5,1853.35679,0.01363
-29.0,-56.5,1852.78311,0.01415
-28.0,-56.5,1849.09318,0.01801
-27.0,-56.5,1855.45548,0.01341
-26.0,-56.5,1857.42636,0.00865
-25.0,-56.5,1858.93284,0.01489
-24.0,-56.5,1865.33152,0.01388
-23.0,-56.5,1862.47794,0.00917
-22.0,-56.5,1866.66851,0.01073
-21.0,-56.5,1867.65917,0.00901
-20.0,-56.5,1870.08453,0.00438
-19.0,-56.5,1880.99416,0.00977
-18.0,-56.5,1875.28529,0.00608
-17.0,-56.5,1871.34687,0.0061
-16.0,-56.5,1881.23708,0.01084
-15.0,-56.5,1883.57092,0.00365
-14.0,-56.5,1885.77873,0.00438
-13.0,-56.5,1892.57534,0.00338
-12.0,-56.5,1896.75625,0.00105
-11.0,-56.5,1889.88886,0.00057
-10.0,-56.5,1895.83993,-0.00024
-9.0,-56.5,1881.84792,-0.01558
-8.0,-56.5,1875.95473,-0.0054
-7.0,-56.5,1875.96885,0.00194
-6.0,-56.5,1872.92363,-0.02688
-5.0,-56.5,1862.76247,0.03877
-4.0,-56.5,1853.33372,0.19311
-3.0,-56.5,1848.93129,-0.62675
-2.0,-56.5,1878.84726,0.83987
-1.0,-56.5,1862.67572,-0.45961
0.0,-56.5,1882.65341,0.87203
1.0,-56.5,1882.58386,-0.29249
2.0,-56.5,1868.58856,-0.12907
3.0,-56.5,1868.17724,1.05515
4.0,-56.5,1867.99466,3.47553
5.0,-56.5,1868.26431,0.39823
6.0,-56.5,1904.9067,-0.00116
-40.0,-55.5,1828.81418,-0.22075
-39.0,-55.5,1834.91477,2.72066
-38.0,-55.5,1845.79476,5.2182
-37.0,-55.5,1858.32003,4.21474
-36.0,-55.5,1856.73194,1.3221
-35.0,-55.5,1845.12136,-0.32573
-34.0,-55.5,1848.53669,0.01654
-33.0,-55.5,1849.03602,0.01865
-32.0,-55.5,1848.72113,0.01327
-31.0,-55.5,1849.2981,0.00693
-30.0,-55.5,1854.41352,0.00655
-29.0,-55.5,1856.02504,0.00666
-28.0,-55.5,1850.74738,0.0123
-27.0,-55.5,1851.18133,0.01783
-26.0,-55.5,1859.52709,0.02044
-25.0,-55.5,1862.19764,0.02792
-24.0,-55.5,1864.48276,0.0179
-23.0,-55.5,1868.70482,0.0142
-22.0,-55.5,1869.62853,0.01557
-21.0,-55.5,1871.03858,0.00623
-20.0,-55.5,1873.11411,0.0068
-19.0,-55.5,1878.61387,0.01632
-18.0,-55.5,1881.33919,0.01835
-17.0,-55.5,1878.08559,0.01832
-16.0,-55.5,1880.31486,0.00981
-15.0,-55.5,1879.95834,0.00322
-14.0,-55.5,1887.42202,0.00541
-13.0,-55.5,1896.49781,-0.00333
-12.0,-55.5,1898.33704,-0.00083
-11.0,-55.5,1892.04471,-0.00551
-10.0,-55.5,1895.2384,-0.00586
-9.0,-55.5,1874.59311,-0.01295
-8.0,-55.5,1886.72976,-0.01495
-7.0,-55.5,1893.256,-0.01142
-6.0,-55.5,1879.10094,0.01279
-5.0,-55.5,1869.88953,0.14501
-4.0,-55.5,1863.58485,-0.02555
-3.0,-55.5,1858.30253,0.20963
-2.0,-55.5,1880.15283,-0.00736
-1.0,-55.5,1878.10468,-0.18061
0.0,-55.5,1878.98886,-0.10044
1.0,-55.5,1886.68114,-0.22558
2.0,-55.5,1888.69249,0.00441
3.0,-55.5,1874.53803,-0.0588
4.0,-55.5,1879.9364,0.16075
5.0,-55.5,1870.02179,-0.75028
6.0,-55.5,1898.82893,-0.04385
-40.0,-54.5,1806.2883,0.93964
-39.0,-54.5,1835.33624,0.55712
-38.0,-54.5,1844.67946,0.43102
-37.0,-54.5,1853.04441,-0.20125
-36.0,-54.5,1853.15654,-0.16945
-35.0,-54.5,1850.22582,-0.11516
-34.0,-54.5,1848.77167,0.01654
-33.0,-54.5,1849.75541,0.01689
-32.0,-54.5,1852.05408,0.01155
-31.0,-54.5,1852.43753,0.00689
-30.0,-54.5,1855.88532,0.00164
-29.0,-54.5,1855.51972,0.00986
-28.0,-54.5,1857.92785,0.01401
-27.0,-54.5,1845.30364,0.0193
-26.0,-54.5,1844.27876,0.02488
-25.0,-54.5,1855.93,0.03313
-24.0,-54.5,1866.98882,0.02393
-23.0,-54.5,1871.74973,0.01136
-22.0,-54.5,1872.51748,0.01461
-21.0,-54.5,1875.53619,0.00818
-20.0,-54.5,1876.96863,0.01038
-19.0,-54.5,1877.88979,0.01987
-18.0,-54.5,1881.67436,0.01619
-17.0,-54.5,1882.8573,0.01866
-16.0,-54.5,1881.28081,0.01252
-15.0,-54.5,1884.774,0.00635
-14.0,-54.5,1881.54243,0.00131
-13.0,-54.5,1880.79998,-0.00395
-12.0,-54.5,1885.28767,0.00132
-11.0,-54.5,1889.84968,0.00149
-10.0,-54.5,1889.65461,-0.00312
-9.0,-54.5,1875.01941,0.00238
-8.0,-54.5,1873.10929,-0.00119
-7.0,-54.5,1868.87831,-0.01251
-6.0,-54.5,1866.00502,-0.038
-5.0,-54.5,1864.39299,-0.05798
-4.0,-54.5,1888.38662,-0.1543
-3.0,-54.5,1887.91431,0.11588
-2.0,-54.5,1884.78722,0.03705
-1.0,-54.5,1878.85002,0.19592
0.0,-54.5,1880.39369,0.39511
1.0,-54.5,1889.29059,0.03533
2.0,-54.5,1877.14459,-0.10424
3.0,-54.5,1871.3554,-0.04912
4.0,-54.5,1885.26388,-0.04123
5.0,-54.5,1871.91893,-0.78688
6.0,-54.5,1898.99437,0.0218
-39.0,-53.5,1849.14528,0.5663
-38.0,-53.5,1852.53968,-0.46886
-37.0,-53.5,1860.5512,-1.64679
-36.0,-53.5,1849.74396,-0.46599
-35.0,-53.5,1842.61211,1.34403
-34.0,-53.5,1837.54575,0.03377
-33.0,-53.5,1851.00216,0.00426
-32.0,-53.5,1851.1298,0.00666
-31.0,-53.5,1848.46325,0.00254
-30.0,-53.5,1857.89714,0.00034
-29.0,-53.5,1854.96441,0.00651
-28.0,-53.5,1857.7295,0.0039
-27.0,-53.5,1857.10109,0.01724
-26.0,-53.5,1855.49885,0.02186
-25.0,-53.5,1861.87621,0.03025
-24.0,-53.5,1868.92125,0.02329
-23.0,-53.5,1868.24851,0.01513
-22.0,-53.5,1874.7422,0.01081
-21.0,-53.5,1874.05748,0.00862
-20.0,-53.5,1878.25961,0.01566
-19.0,-53.5,1880.0231,0.0154
-18.0,-53.5,1877.63953,0.0132
-17.0,-53.5,1879.14666,0.0112
-16.0,-53.5,1880.40332,0.0073
-15.0,-53.5,1883.83064,0.0028
-14.0,-53.5,1882.89283,0.00601
-13.0,-53.5,1873.15744,-0.00554
-12.0,-53.5,1860.00886,-0.00623
-11.0,-53.5,1865.90177,-0.00104
-10.0,-53.5,1872.62365,-0.00147
-9.0,-53.5,1861.53298,0.00077
-8.0,-53.5,1859.36999,-0.02623
-7.0,-53.5,1863.5826,-0.06732
-6.0,-53.5,1879.77916,-0.0528
-5.0,-53.5,1864.80686,-0.02306
-4.0,-53.5,1857.84343,-0.28221
-3.0,-53.5,1865.61619,-0.21616
-2.0,-53.5,1877.1658,0.0172
-1.0,-53.5,1879.07264,-0.06726
0.0,-53.5,1884.98263,0.12593
1.0,-53.5,1871.53862,0.53291
2.0,-53.5,1864.3567,-0.00479
3.0,-53.5,1886.92416,-0.01345
4.0,-53.5,1886.25986,-0.01274
5.0,-53.5,1863.41268,-0.07572
6.0,-53.5,1901.01252,-0.07276
-40.0,-52.5,1835.47733,0.0
-39.0,-52.5,1849.48812,-0.35345
-38.0,-52.5,1853.72217,-1.92505
-37.0,-52.5,1853.85109,-1.96054
-36.0,-52.5,1841.24024,-0.1537
-35.0,-52.5,1844.70539,-1.31034
-34.0,-52.5,1864.86989,0.26473
-33.0,-52.5,1832.65726,0.09596
-32.0,-52.5,1846.89088,0.0243
-31.0,-52.5,1851.71916,0.00551
-30.0,-52.5,1859.59663,0.00444
-29.0,-52.5,1852.57749,0.00537
-28.0,-52.5,1856.36406,0.00988
-27.0,-52.5,1856.05023,0.02367
-26.0,-52.5,1855.69753,0.02153
-25.0,-52.5,1858.23778,0.01835
-24.0,-52.5,1866.1087,0.01679
-23.0,-52.5,1871.22215,0.01304
-22.0,-52.5,1868.56255,0.01254
-21.0,-52.5,1871.73269,0.01104
-20.0,-52.5,1875.78689,0.01477
-19.0,-52.5,1881.63468,0.01104
-18.0,-52.5,1877.88591,0.0077
-17.0,-52.5,1880.78045,0.01547
-16.0,-52.5,1883.44084,0.01178
-15.0,-52.5,1885.3107,0.0012
-14.0,-52.5,1888.39583,0.00603
-13.0,-52.5,1887.25314,-0.00301
-12.0,-52.5,1883.85773,0.00334
-11.0,-52.5,1890.90521,-0.00099
-10.0,-52.5,1875.55559,-0.00268
-9.0,-52.5,1860.40299,-0.0147
-8.0,-52.5,1865.66518,-0.02845
-7.0,-52.5,1882.56316,-0.02165
-6.0,-52.5,1879.01856,-0.02035
-5.0,-52.5,1847.9637,-0.02717
-4.0,-52.5,1846.84316,0.69536
-3.0,-52.5,1878.78909,0.35343
-2.0,-52.5,1858.40976,-0.1563
-1.0,-52.5,1884.26258,0.28596
0.0,-52.5,1896.34695,-20.99034
1.0,-52.5,1886.32131,-0.64174
2.0,-52.5,1884.96967,-0.271
3.0,-52.5,1867.80345,1.94053
4.0,-52.5,1887.57287,-0.06817
5.0,-52.5,1887.28066,-0.02257
6.0,-52.5,1907.12337,-0.44842
-11.0,105.5,1870.80995,-0.40821
-10.0,105.5,1857.35502,-0.44637
-9.0,105.5,1875.20009,-0.85738
-8.0,105.5,1863.86943,1.19785
-7.0,105.5,1856.84655,0.4364
-6.0,105.5,1862.33804,-0.0845
-5.0,105.5,1876.93339,0.09464
-4.0,105.5,1875.53063,-1.28029
-3.0,105.5,1867.94521,0.34585
-2.0,105.5,1865.33769,0.02061
-1.0,105.5,1873.82303,-0.02981
0.0,105.5,1874.58371,-0.13456
1.0,105.5,1891.30433,4.26978
2.0,105.5,1906.36342,-1.64431
3.0,105.5,1895.86123,1.10547
4.0,105.5,1911.0134,-0.33517
5.0,105.5,1901.07549,-0.03411
6.0,105.5,1905.28103,-0.05954
7.0,105.5,1904.95066,1.30864
8.0,105.5,1919.57061,-0.3744
9.0,105.5,1903.10801,-0.22632
10.0,105.5,1926.1579,-0.38795
11.0,105.5,1932.29195,0.08945
12.0,105.5,1928.27752,0.08143
13.0,105.5,1922.21195,0.03058
14.0,105.5,1917.54867,0.20428
15.0,105.5,1934.05315,0.05569
16.0,105.5,1934.7132,0.11522
17.0,105.5,1932.36566,0.03592
18.0,105.5,1919.27054,-0.04365
19.0,105.5,1925.04822,-0.07845
20.0,105.5,1938.49061,0.01415
21.0,105.5,1954.97243,0.00112
22.0,105.5,1939.70158,0.08715
23.0,105.5,1935.29004,0.23488
24.0,105.5,1916.17647,-0.27876
25.0,105.5,1927.39206,-0.01049
26.0,105.5,1930.09186,0.0238
27.0,105.5,1932.83851,-0.11109
28.0,105.5,1930.19273,-0.14861
29.0,105.5,1948.1778,0.01829
30.0,105.5,1941.04501,0.0172
31.0,105.5,1934.40147,0.01937
32.0,105.5,1926.70216,-0.02091
33.0,105.5,1916.17117,0.1307
34.0,105.5,1907.90407,0.00261
35.0,105.5,1910.72766,0.02136
36.0,105.5,1911.60461,0.0199
37.0,105.5,1919.75688,0.02767
38.0,105.5,1929.55701,0.01623
39.0,105.5,1928.92132,0.02571
40.0,105.5,1928.67795,0.02516
41.0,105.5,1924.12762,0.01957
42.0,105.5,1922.30277,0.01824
43.0,105.5,1910.3328,0.01339
44.0,105.5,1912.36478,0.01894
45.0,105.5,1914.99422,0.02744
46.0,105.5,1905.5109,0.02011
47.0,105.5,1901.75768,0.0189
48.0,105.5,1901.17281,0.00787
49.0,105.5,1902.11136,0.00382
50.0,105.5,1898.17754,-0.00713
51.0,105.5,1892.80392,-0.02114
52.0,105.5,1861.02893,3.0702
53.0,105.5,1881.77306,0.02832
54.0,105.5,1876.20629,-0.02586
55.0,105.5,1875.66817,0.09808
56.0,105.5,1871.07845,0.0094
57.0,105.5,1872.66661,0.04725
58.0,105.5,1881.0469,0.02595
59.0,105.5,1879.83203,0.01608
60.0,105.5,1879.5022,0.01863
61.0,105.5,1885.72948,0.03522
62.0,105.5,1882.2544,0.0449
63.0,105.5,1884.16751,0.05653
64.0,105.5,1883.58256,0.06492
65.0,105.5,1879.18153,0.06386
66.0,105.5,1881.75326,0.04965
67.0,105.5,1881.89414,0.03285
68.0,105.5,1881.24304,0.0321
69.0,105.5,1879.71232,0.04145
70.0,105.5,1885.4426,0.04981
71.0,105.5,1889.1127,0.03403
72.0,105.5,1888.37946,0.03283
73.0,105.5,1883.69023,0.04133
74.0,105.5,1882.23754,0.03827
75.0,105.5,1879.01637,0.02146
76.0,105.5,1880.44093,-0.12523
77.0,105.5,1879.98345,0.02651
78.0,105.5,1862.3164,-0.09656
-11.0,106.5,1872.16284,-0.6518
-10.0,106.5,1875.69615,-0.41616
-9.0,106.5,1896.32758,0.31975
-8.0,106.5,1900.52821,1.11577
-7.0,106.5,1882.15975,0.20579
-6.0,106.5,1870.90136,-1.74104
-5.0,106.5,1871.76019,-0.06705
-4.0,106.5,1893.55987,0.12913
-3.0,106.5,1848.95473,-0.04596
-2.0,106.5,1855.42679,-0.07844
-1.0,106.5,1893.59032,-0.24344
0.0,106.5,1887.02748,0.0
1.0,106.5,1908.34751,40.4173
2.0,106.5,1921.31208,0.01463
3.0,106.5,1887.05996,0.1133
4.0,106.5,1913.09047,0.05463
5.0,106.5,1903.34443,-0.26095
6.0,106.5,1909.01241,-0.30957
7.0,106.5,1912.24766,0.05864
8.0,106.5,1891.39953,3.84254
9.0,106.5,1878.67138,3.896
10.0,106.5,1894.90732,0.46057
11.0,106.5,1927.2081,0.17438
12.0,106.5,1921.73007,0.21779
13.0,106.5,1922.21667,0.20981
14.0,106.5,1917.8441,0.11495
15.0,106.5,1918.27315,0.15528
16.0,106.5,1927.39119,0.2434
17.0,106.5,1919.75384,0.00144
18.0,106.5,1917.26728,0.08813
19.0,106.5,1932.2519,0.00247
20.0,106.5,1928.61841,0.16618
21.0,106.5,1946.51346,-0.01911
22.0,106.5,1932.97828,-0.03973
23.0,106.5,1934.67459,-0.05036
24.0,106.5,1923.99464,-0.13353
25.0,106.5,1936.39138,-0.4314
26.0,106.5,1931.14516,-0.11836
27.0,106.5,1931.18198,-0.08383
28.0,106.5,1939.61992,0.0833
29.0,106.5,1940.4524,-0.01534
30.0,106.5,1943.8103,0.01472
31.0,106.5,1935.61926,0.01806
32.0,106.5,1924.80373,0.05145
33.0,106.5,1919.11505,0.12306
34.0,106.5,1911.14854,-0.10967
35.0,106.5,1908.36454,-0.01232
36.0,106.5,1912.14672,0.01735
37.0,106.5,1921.25318,0.02352
38.0,106.5,1923.18328,0.00583
39.0,106.5,1923.18083,0.0017
40.0,106.5,1929.43422,0.06027
41.0,106.5,1919.61497,0.01363
42.0,106.5,1922.7176,0.01544
43.0,106.5,1916.52087,0.01917
44.0,106.5,1914.73882,0.02443
45.0,106.5,1915.12219,0.02736
46.0,106.5,1909.84646,0.02299
47.0,106.5,1899.14078,0.0194
48.0,106.5,1897.35817,0.00462
49.0,106.5,1896.2592,0.0047
50.0,106.5,1896.65348,0.00146
51.0,106.5,1892.89247,-0.01998
52.0,106.5,1879.98526,4.16098
53.0,106.5,1869.70696,0.03423
54.0,106.5,1879.16187,0.01233
55.0,106.5,1875.463,0.0306
56.0,106.5,1871.44455,0.19331
57.0,106.5,1873.11054,0.03974
58.0,106.5,1877.54346,0.02382
59.0,106.5,1883.54441,0.01078
60.0,106.5,1883.79039,0.01584
61.0,106.5,1886.33623,0.02746
62.0,106.5,1882.09011,0.04096
63.0,106.5,1880.89807,0.04037
64.0,106.5,1883.5634,0.0501
65.0,106.5,1881.63042,0.05792
66.0,106.5,1885.15612,0.05295
67.0,106.5,1882.81035,0.03732
68.0,106.5,1881.6826,0.0292
69.0,106.5,1882.00812,0.04377
70.0,106.5,1884.57759,0.04763
71.0,106.5,1889.75077,0.03701
72.0,106.5,1890.2177,0.03848
73.0,106.5,1880.43937,0.03411
74.0,106.5,1881.17049,0.03435
75.0,106.5,1879.96048,0.01669
76.0,106.5,1875.78854,0.01599
77.0,106.5,1873.1946,0.04635
78.0,106.5,1865.32683,0.85028
-11.0,107.5,1878.45666,0.07664
-10.0,107.5,1876.757,-0.17937
-9.0,107.5,1880.71972,0.43301
-8.0,107.5,1883.73372,0.46241
-7.0,107.5,1895.40808,0.11253
-6.0,107.5,1899.39917,0.16497
-5.0,107.5,1898.70378,0.35615
-4.0,107.5,1907.18751,-1.05299
-3.0,107.5,1849.66122,0.10869
-2.0,107.5,1840.1239,4.51472
-1.0,107.5,1902.76216,0.0
0.0,107.5,1865.65341,-3.37091
1.0,107.5,1810.95877,-0.11284
2.0,107.5,1905.27644,0.04684
3.0,107.5,1915.14947,-1.04224
4.0,107.5,1910.2225,-0.98208
5.0,107.5,1896.756,-0.304
6.0,107.5,1916.57616,0.58764
7.0,107.5,1903.46452,0.23707
8.0,107.5,1892.61719,3.09352
9.0,107.5,1908.28607,3.05295
10.0,107.5,1918.83582,-0.39173
11.0,107.5,1914.71899,-0.28163
12.0,107.5,1909.36063,0.20792
13.0,107.5,1917.87546,0.12468
14.0,107.5,1921.32931,0.04595
15.0,107.5,1911.74613,0.0259
16.0,107.5,1914.38534,0.04638
17.0,107.5,1916.70205,-0.36363
18.0,107.5,1927.75779,0.0284
19.0,107.5,1931.74961,-0.00889
20.0,107.5,1937.95998,0.15076
21.0,107.5,1901.06949,-0.0167
22.0,107.5,1930.38586,-0.05222
23.0,107.5,1935.01941,-0.03085
24.0,107.5,1935.49639,-0.04779
25.0,107.5,1932.387,-0.13367
26.0,107.5,1931.33714,-0.06909
27.0,107.5,1931.6741,-0.03698
28.0,107.5,1931.73794,-0.28448
29.0,107.5,1931.87076,0.00753
30.0,107.5,1934.70079,0.0243
31.0,107.5,1933.82101,-0.00282
32.0,107.5,1924.21516,2.4443
33.0,107.5,1924.08915,0.0387
34.0,107.5,1931.26552,0.00534
35.0,107.5,1917.17556,0.00623
36.0,107.5,1919.73801,-0.00242
37.0,107.5,1923.65835,0.0061
38.0,107.5,1924.37435,0.00444
39.0,107.5,1920.93991,0.00868
40.0,107.5,1918.3575,0.0133
41.0,107.5,1921.23248,0.001
42.0,107.5,1917.58253,0.01127
43.0,107.5,1920.88493,0.02324
44.0,107.5,1917.39462,0.02669
45.0,107.5,1914.06557,0.01903
46.0,107.5,1908.55922,0.01458
47.0,107.5,1901.41382,0.02119
48.0,107.5,1888.80386,0.0051
49.0,107.5,1873.52207,-0.014
50.0,107.5,1890.42133,0.01292
51.0,107.5,1892.58797,0.01446
52.0,107.5,1887.40224,0.0021
53.0,107.5,1855.89999,-9.21327
54.0,107.5,1869.86496,-0.04458
55.0,107.5,1872.18809,0.03148
56.0,107.5,1866.96571,0.03096
57.0,107.5,1870.3156,0.03877
58.0,107.5,1877.03357,0.02791
59.0,107.5,1877.09293,0.01387
60.0,107.5,1882.27355,0.01634
61.0,107.5,1883.39639,0.03376
62.0,107.5,1882.22069,0.03063
63.0,107.5,1880.86789,0.03443
64.0,107.5,1885.61451,0.05313
65.0,107.5,1884.67933,0.05407
66.0,107.5,1885.2558,0.05403
67.0,107.5,1883.57373,0.03808
68.0,107.5,1882.4619,0.03457
69.0,107.5,1880.29556,0.03715
70.0,107.5,1885.71103,0.04519
71.0,107.5,1888.77909,0.04089
72.0,107.5,1889.67415,0.0424
73.0,107.5,1881.02951,0.12982
74.0,107.5,1880.15751,0.02568
75.0,107.5,1877.07974,0.02307
76.0,107.5,1871.5924,0.02446
77.0,107.5,1862.71577,-0.08265
78.0,107.5,1877.23693,0.02202
-11.0,108.5,1886.6524,0.01034
-10.0,108.5,1868.08821,0.56917
-9.0,108.5,1875.98022,-0.49699
-8.0,108.5,1877.99259,0.15772
-7.0,108.5,1887.5525,-0.01448
-6.0,108.5,1884.79769,-0.63309
-5.0,108.5,1881.18067,-0.66979
-4.0,108.5,1880.29396,0.0
-3.0,108.5,1843.57391,0.08735
-2.0,108.5,1841.39142,1.00306
-1.0,108.5,1878.99482,-0.03037
0.0,108.5,1882.16956,-1.93784
1.0,108.5,1886.1712,-3.51845
2.0,108.5,1880.66752,-3.74214
3.0,108.5,1892.80477,-1.0057
4.0,108.5,1903.03964,-0.42347
5.0,108.5,1909.06312,-0.33659
6.0,108.5,1912.86468,-0.20874
7.0,108.5,1905.88031,-0.64806
8.0,108.5,1902.5232,0.01047
9.0,108.5,1895.26714,-0.55206
10.0,108.5,1915.11674,-0.70827
11.0,108.5,1912.77569,-0.20055
12.0,108.5,1918.0932,0.17437
13.0,108.5,1924.29766,0.03746
14.0,108.5,1924.71086,0.11966
15.0,108.5,1909.77175,0.21954
16.0,108.5,1914.72965,0.01666
17.0,108.5,1928.87844,0.00813
18.0,108.5,1922.25434,0.0497
19.0,108.5,1925.6427,0.02245
20.0,108.5,1931.26699,0.01927
21.0,108.5,1927.79714,0.00324
22.0,108.5,1926.7154,-0.031
23.0,108.5,1941.58363,0.02845
24.0,108.5,1938.36327,0.04504
25.0,108.5,1933.92424,-0.26622
26.0,108.5,1927.46775,-0.18063
27.0,108.5,1930.65211,0.05855
28.0,108.5,1929.92852,0.05589
29.0,108.5,1934.18075,0.1621
30.0,108.5,1919.89202,-0.10959
31.0,108.5,1928.42437,0.21985
33.0,108.5,1925.33872,5.22645
34.0,108.5,1937.61258,0.01947
35.0,108.5,1926.26528,0.01071
36.0,108.5,1914.79087,-0.00381
37.0,108.5,1918.36098,-0.02031
38.0,108.5,1926.13552,-0.00985
39.0,108.5,1923.43049,0.00629
40.0,108.5,1918.51918,0.01415
41.0,108.5,1919.37488,0.00799
42.0,108.5,1913.77668,0.01769
43.0,108.5,1918.84348,0.01941
44.0,108.5,1919.83871,0.02021
45.0,108.5,1911.93541,0.0184
46.0,108.5,1907.33866,0.01841
47.0,108.5,1899.80058,0.02675
48.0,108.5,1889.92324,0.0119
49.0,108.5,1869.82791,-0.64313
50.0,108.5,1878.59253,0.22377
51.0,108.5,1883.46983,0.02513
52.0,108.5,1886.66347,0.04931
53.0,108.5,1866.60736,-2.68424
54.0,108.5,1840.43628,-0.04816
55.0,108.5,1860.32224,0.00223
56.0,108.5,1858.02746,0.08579
57.0,108.5,1869.38354,0.04942
58.0,108.5,1871.40865,0.02461
59.0,108.5,1875.78222,0.00978
60.0,108.5,1877.4612,0.01449
61.0,108.5,1881.22302,0.03295
62.0,108.5,1879.038,0.028
63.0,108.5,1884.22841,0.04391
64.0,108.5,1885.22202,0.05022
65.0,108.5,1884.55816,0.057
66.0,108.5,1884.04934,0.05533
67.0,108.5,1882.69088,0.03162
68.0,108.5,1883.55165,0.03563
69.0,108.5,1879.17307,0.03573
70.0,108.5,1883.88691,0.04802
71.0,108.5,1887.9779,0.04367
72.0,108.5,1889.8033,0.04316
73.0,108.5,1885.10056,0.01921
74.0,108.5,1880.3309,0.05144
75.0,108.5,1877.50553,0.07552
76.0,108.5,1868.64763,0.0672
77.0,108.5,1869.27906,-0.03456
78.0,108.5,1867.61124,-0.00794
-11.0,109.5,1870.63937,0.1171
-10.0,109.5,1875.76138,0.36432
-9.0,109.5,1888.21133,-0.94434
-8.0,109.5,1887.97584,-0.68998
-7.0,109.5,1890.22376,0.38142
-6.0,109.5,1889.57561,0.6594
-5.0,109.5,1881.99209,0.85292
-3.0,109.5,1832.35854,0.33504
-2.0,109.5,1868.86491,0.35018
-1.0,109.5,1852.6149,-0.6871
0.0,109.5,1868.11374,-0.93299
1.0,109.5,1878.50745,-0.0129
2.0,109.5,1882.43936,-0.70057
3.0,109.5,1888.54738,1.79297
4.0,109.5,1889.78748,0.92086
5.0,109.5,1898.551,-0.15619
6.0,109.5,1911.02372,-1.06009
7.0,109.5,1899.88964,0.25628
8.0,109.5,1901.53617,-0.12923
9.0,109.5,1905.39627,-0.08925
10.0,109.5,1909.65549,-0.11929
11.0,109.5,1896.26132,-0.06987
12.0,109.5,1894.32068,-0.01386
13.0,109.5,1905.11613,0.01525
14.0,109.5,1906.28869,-0.00266
15.0,109.5,1903.94348,0.02098
16.0,109.5,1913.68071,0.0591
17.0,109.5,1919.07144,0.18126
18.0,109.5,1925.94794,0.21393
19.0,109.5,1920.26186,-0.06939
20.0,109.5,1927.99789,0.03313
21.0,109.5,1931.26605,0.05914
22.0,109.5,1932.25974,-0.02701
23.0,109.5,1942.92891,0.07245
24.0,109.5,1942.10028,0.0495
25.0,109.5,1934.48947,0.013
26.0,109.5,1923.07778,-0.05384
27.0,109.5,1927.15904,0.08315
28.0,109.5,1932.56167,0.08292
29.0,109.5,1926.33161,-1.13681
30.0,109.5,1927.41244,-0.0952
31.0,109.5,1911.49475,-0.09833
32.0,109.5,1923.64257,0.02277
33.0,109.5,1921.71642,0.02793
34.0,109.5,1928.38444,0.0391
35.0,109.5,1937.85304,0.02059
36.0,109.5,1917.66958,0.00077
37.0,109.5,1921.4344,-0.01395
38.0,109.5,1922.78495,-0.00701
39.0,109.5,1919.22192,-0.00805
40.0,109.5,1915.63218,0.00539
41.0,109.5,1914.97975,0.00548
42.0,109.5,1909.50813,0.0281
43.0,109.5,1916.22063,0.03009
44.0,109.5,1920.4366,0.02307
45.0,109.5,1913.38954,0.02756
46.0,109.5,1904.81104,0.02219
47.0,109.5,1897.54351,0.01838
48.0,109.5,1887.10984,-0.06873
49.0,109.5,1875.8744,0.01059
50.0,109.5,1873.01727,-0.049
51.0,109.5,1880.65703,0.03332
52.0,109.5,1889.451,0.01774
53.0,109.5,1874.17671,0.07333
54.0,109.5,1853.73327,-0.00615
55.0,109.5,1822.21367,-0.16067
56.0,109.5,1846.1496,-2.14902
57.0,109.5,1872.36553,1.54291
58.0,109.5,1871.28532,0.04409
59.0,109.5,1875.11604,0.01394
60.0,109.5,1876.78185,0.01305
61.0,109.5,1878.12394,0.02192
62.0,109.5,1877.11075,0.0254
63.0,109.5,1878.90522,0.03698
64.0,109.5,1883.32209,0.04325
65.0,109.5,1884.26336,0.04222
66.0,109.5,1884.24869,0.04878
67.0,109.5,1885.50192,0.03739
68.0,109.5,1885.19211,0.03478
69.0,109.5,1879.81534,0.03336
70.0,109.5,1882.49987,0.0484
71.0,109.5,1884.94346,0.04799
72.0,109.5,1890.01317,0.03931
73.0,109.5,1879.74132,0.03159
74.0,109.5,1877.42568,0.09452
75.0,109.5,1877.92694,0.01534
76.0,109.5,1874.3836,0.01656
77.0,109.5,1879.27116,-0.19063
-11.0,110.5,1863.52987,-0.04689
-10.0,110.5,1876.6619,1.32708
-9.0,110.5,1874.34893,0.19243
-8.0,110.5,1880.68555,0.1512
-7.0,110.5,1888.56371,0.12104
-6.0,110.5,1870.24538,-2.01216
-5.0,110.5,1886.33812,0.21538
-3.0,110.5,1856.86091,0.16487
-2.0,110.5,1863.49794,-0.28012
-1.0,110.5,1863.22009,-0.64535
0.0,110.5,1873.78645,0.12081
1.0,110.5,1880.28096,0.41139
2.0,110.5,1891.38732,-0.10203
3.0,110.5,1882.31154,-1.03212
4.0,110.5,1887.87427,-0.3538
5.0,110.5,1901.00669,-0.19714
6.0,110.5,1901.25864,0.10862
7.0,110.5,1893.45888,0.32623
8.0,110.5,1906.43014,1.03315
9.0,110.5,1898.72072,-0.02899
10.0,110.5,1896.23716,1.40905
11.0,110.5,1897.92468,0.29482
12.0,110.5,1896.9505,0.06933
13.0,110.5,1905.21367,0.13663
14.0,110.5,1906.05511,-0.02203
15.0,110.5,1900.79255,-0.09197
16.0,110.5,1907.89628,-0.12872
17.0,110.5,1918.43736,-0.01461
18.0,110.5,1927.58218,0.10046
19.0,110.5,1909.98578,0.03621
20.0,110.5,1922.08339,0.0589
21.0,110.5,1922.77852,0.12925
22.0,110.5,1931.67696,-0.14055
23.0,110.5,1934.13678,-0.02515
24.0,110.5,1931.19769,-0.21158
25.0,110.5,1942.4615,-0.0442
26.0,110.5,1934.93269,0.09273
27.0,110.5,1931.36909,0.00063
28.0,110.5,1934.33151,0.06335
29.0,110.5,1926.4686,0.12676
30.0,110.5,1922.0941,0.03614
31.0,110.5,1925.67372,-0.22316
32.0,110.5,1923.65387,0.02603
33.0,110.5,1925.60288,0.02537
34.0,110.5,1916.54395,-0.11823
35.0,110.5,1938.43504,0.00311
36.0,110.5,1925.11915,0.03537
37.0,110.5,1924.78429,0.00054
38.0,110.5,1925.90146,0.00261
39.0,110.5,1917.79639,-0.00336
40.0,110.5,1914.37503,0.01344
41.0,110.5,1907.93351,0.01246
42.0,110.5,1911.72547,0.04017
43.0,110.5,1916.75768,0.03719
44.0,110.5,1917.88504,0.03147
45.0,110.5,1914.30549,0.02782
46.0,110.5,1904.22784,0.03434
47.0,110.5,1896.70433,0.02652
48.0,110.5,1892.99648,0.0169
49.0,110.5,1887.74073,0.01308
50.0,110.5,1874.00286,-0.04202
51.0,110.5,1880.28735,0.02008
52.0,110.5,1886.36061,0.02693
53.0,110.5,1879.00024,-0.0395
54.0,110.5,1894.62436,0.03769
55.0,110.5,1885.87735,0.02139
56.0,110.5,1855.95812,0.04998
57.0,110.5,1871.19167,0.30146
58.0,110.5,1871.08541,0.03981
59.0,110.5,1874.0806,0.01966
60.0,110.5,1878.07651,0.0278
61.0,110.5,1877.37995,0.01713
62.0,110.5,1875.8263,0.03062
63.0,110.5,1878.94012,0.03419
64.0,110.5,1885.56152,0.03785
65.0,110.5,1881.20207,0.04609
66.0,110.5,1881.0019,0.03748
67.0,110.5,1883.55494,0.04146
68.0,110.5,1883.82733,0.03757
69.0,110.5,1880.46092,0.03391
70.0,110.5,1881.93799,0.042
71.0,110.5,1882.16776,0.04672
72.0,110.5,1885.10921,0.03446
73.0,110.5,1884.31041,0.02651
74.0,110.5,1880.99545,0.00608
75.0,110.5,1883.44036,-0.00035
76.0,110.5,1878.93198,0.02769
77.0,110.5,1876.74174,-0.69048
-11.0,111.5,1872.33242,-0.07371
-10.0,111.5,1878.37507,0.21742
-9.0,111.5,1900.37002,-0.0216
-8.0,111.5,1875.55038,0.12347
-7.0,111.5,1886.79002,0.05173
-6.0,111.5,1879.14237,-0.17879
-5.0,111.5,1882.64417,0.0
-4.0,111.5,1844.77797,0.03342
-3.0,111.5,1862.52708,-0.22649
-2.0,111.5,1876.14374,0.19638
-1.0,111.5,1873.13981,0.04145
0.0,111.5,1877.1334,0.18844
1.0,111.5,1872.81949,1.5523
2.0,111.5,1879.41703,-0.09232
3.0,111.5,1878.03458,0.1197
4.0,111.5,1895.59839,-6.56478
5.0,111.5,1901.89787,-0.34567
6.0,111.5,1894.43546,0.09239
7.0,111.5,1905.38093,-0.02025
8.0,111.5,1916.97064,-0.52074
9.0,111.5,1906.63933,-1.1952
10.0,111.5,1904.47354,-0.90829
11.0,111.5,1899.94669,0.06977
12.0,111.5,1896.41222,0.0677
13.0,111.5,1903.82659,-0.26644
14.0,111.5,1903.96182,-0.11979
15.0,111.5,1918.36954,0.47773
16.0,111.5,1911.32212,-0.17639
17.0,111.5,1917.83122,-0.18659
18.0,111.5,1920.63031,-0.21508
19.0,111.5,1923.41391,-0.1333
20.0,111.5,1920.10487,-0.04401
21.0,111.5,1933.39575,0.12873
22.0,111.5,1932.30229,-0.05853
23.0,111.5,1930.15538,-0.16615
24.0,111.5,1930.97926,-0.1112
25.0,111.5,1939.89625,0.00991
26.0,111.5,1938.09565,0.04648
27.0,111.5,1939.63718,0.08076
28.0,111.5,1935.97872,0.08497
29.0,111.5,1938.68968,0.10228
30.0,111.5,1939.42281,0.06608
31.0,111.5,1936.28765,0.0117
32.0,111.5,1938.84595,0.01864
33.0,111.5,1933.58875,0.03542
34.0,111.5,1925.17905,-6.64587
35.0,111.5,1934.84884,0.02997
36.0,111.5,1934.55577,0.01919
37.0,111.5,1928.18263,0.01752
38.0,111.5,1917.10671,-0.01203
39.0,111.5,1911.57694,-0.00033
40.0,111.5,1913.92283,0.02009
41.0,111.5,1911.71405,0.00782
42.0,111.5,1909.92387,0.03299
43.0,111.5,1917.17132,0.03559
44.0,111.5,1914.87768,0.03685
45.0,111.5,1909.94972,0.03749
46.0,111.5,1906.40941,0.04097
47.0,111.5,1897.28604,0.0263
48.0,111.5,1895.94429,0.02936
49.0,111.5,1890.73839,0.01264
50.0,111.5,1878.92387,-0.03778
51.0,111.5,1883.40941,0.00541
52.0,111.5,1883.58334,0.02981
53.0,111.5,1884.11215,0.04337
54.0,111.5,1876.54501,-0.02581
55.0,111.5,1870.90183,-0.05857
56.0,111.5,1876.1186,-0.00425
57.0,111.5,1864.09006,0.01324
58.0,111.5,1865.8661,0.03057
59.0,111.5,1870.51693,0.02976
60.0,111.5,1876.99662,0.0144
61.0,111.5,1879.28782,0.01787
62.0,111.5,1875.96002,0.02025
63.0,111.5,1874.88034,0.02301
64.0,111.5,1883.55658,0.03525
65.0,111.5,1883.3109,0.0441
66.0,111.5,1881.88498,0.03651
67.0,111.5,1881.23788,0.04303
68.0,111.5,1882.5547,0.03763
69.0,111.5,1880.02695,0.02888
70.0,111.5,1879.15309,0.03517
71.0,111.5,1879.63557,0.04296
72.0,111.5,1883.99012,0.03394
73.0,111.5,1885.33413,0.03297
74.0,111.5,1876.91768,0.03847
75.0,111.5,1883.71558,-0.01809
76.0,111.5,1880.94226,0.03387
77.0,111.5,1872.9717,1.74634
-11.0,112.5,1897.68037,0.1181
-10.0,112.5,1878.15092,0.43775
-9.0,112.5,1891.31304,0.02845
-8.0,112.5,1881.51379,-0.0001
-7.0,112.5,1882.37183,-0.00623
-6.0,112.5,1847.35048,0.09528
-4.0,112.5,1907.06902,1.14861
-3.0,112.5,1861.4236,0.43531
-2.0,112.5,1866.44052,-0.08895
-1.0,112.5,1864.69382,0.00746
0.0,112.5,1860.57545,0.46413
1.0,112.5,1865.80862,0.55839
2.0,112.5,1865.23479,0.32596
3.0,112.5,1890.95104,0.13263
4.0,112.5,1901.88143,0.39169
5.0,112.5,1907.62239,-1.22041
6.0,112.5,1909.54904,0.23466
7.0,112.5,1921.03532,-3.70444
8.0,112.5,1907.12413,-0.42469
9.0,112.5,1902.47516,0.38814
10.0,112.5,1897.08952,0.16411
11.0,112.5,1892.52155,-0.26072
12.0,112.5,1877.50794,0.11036
13.0,112.5,1897.70743,0.14327
14.0,112.5,1909.30565,-0.02683
15.0,112.5,1914.54036,0.16396
16.0,112.5,1915.3704,1.02963
17.0,112.5,1917.68047,-0.29272
18.0,112.5,1924.187,0.56654
19.0,112.5,1926.7766,-0.80097
20.0,112.5,1928.6575,-0.24891
21.0,112.5,1933.92428,0.1534
22.0,112.5,1926.15854,0.04005
23.0,112.5,1940.9187,-0.0394
24.0,112.5,1932.3409,-0.12322
25.0,112.5,1935.80878,-0.08573
26.0,112.5,1938.32674,0.02984
27.0,112.5,1940.54535,0.05219
28.0,112.5,1944.65955,0.04349
29.0,112.5,1946.00299,0.09139
30.0,112.5,1943.15033,0.06731
31.0,112.5,1944.62616,0.04641
32.0,112.5,1943.35422,0.04466
33.0,112.5,1947.38015,0.04194
34.0,112.5,1937.97437,0.01195
35.0,112.5,1949.79972,0.01704
36.0,112.5,1947.2468,0.02115
37.0,112.5,1939.6615,0.00995
38.0,112.5,1931.62596,-0.01065
39.0,112.5,1916.41247,-0.00765
40.0,112.5,1908.61316,0.00567
41.0,112.5,1906.07577,0.01784
42.0,112.5,1911.3715,0.03326
43.0,112.5,1917.48262,0.03331
44.0,112.5,1914.36519,0.03448
45.0,112.5,1909.18836,0.04296
46.0,112.5,1908.4235,0.03499
47.0,112.5,1900.01143,0.0282
48.0,112.5,1897.24064,0.02428
49.0,112.5,1893.2511,0.02805
50.0,112.5,1885.86369,0.0675
51.0,112.5,1884.38039,0.04591
52.0,112.5,1886.21553,0.0196
53.0,112.5,1883.50687,0.02018
54.0,112.5,1877.30693,0.00916
55.0,112.5,1874.60561,0.05293
56.0,112.5,1875.06664,-0.02487
57.0,112.5,1892.90835,0.06519
58.0,112.5,1880.64865,0.12081
59.0,112.5,1867.69063,0.02281
60.0,112.5,1874.28738,0.01487
61.0,112.5,1873.73425,0.02183
62.0,112.5,1881.41937,0.0271
63.0,112.5,1883.31637,0.02977
64.0,112.5,1881.46002,0.03109
65.0,112.5,1882.96594,0.03553
66.0,112.5,1883.35687,0.03746
67.0,112.5,1881.39479,0.04527
68.0,112.5,1882.04227,0.03031
69.0,112.5,1879.92905,0.02525
70.0,112.5,1876.24448,0.03886
71.0,112.5,1879.28903,0.0468
72.0,112.5,1888.04102,0.04314
73.0,112.5,1885.4725,0.03573
74.0,112.5,1881.07434,0.04618
75.0,112.5,1880.57045,0.04134
76.0,112.5,1875.3657,0.05277
77.0,112.5,1869.92301,0.06648
-11.0,113.5,1892.22183,0.00121
-10.0,113.5,1884.00289,-0.10843
-9.0,113.5,1885.57326,0.5409
-8.0,113.5,1875.3449,0.13782
-7.0,113.5,1877.86219,0.03074
-6.0,113.5,1894.22144,0.0
-4.0,113.5,1882.70575,-0.35832
-3.0,113.5,1848.75747,0.08356
-2.0,113.5,1860.30133,0.05763
-1.0,113.5,1881.24014,-0.72401
0.0,113.5,1867.65416,-0.75274
1.0,113.5,1863.05694,1.11482
2.0,113.5,1867.53481,-0.98914
3.0,113.5,1868.9148,0.0953
4.0,113.5,1897.36047,-0.07446
5.0,113.5,1899.89115,-0.01387
6.0,113.5,1896.52461,-0.06027
7.0,113.5,1912.42163,-0.1108
8.0,113.5,1901.30812,-0.24724
9.0,113.5,1894.26478,-0.05603
10.0,113.5,1906.11035,-0.76811
11.0,113.5,1907.27708,-0.73934
12.0,113.5,1905.25435,-0.3693
13.0,113.5,1894.33705,-0.01949
14.0,113.5,1898.18187,-0.10727
15.0,113.5,1915.60192,-0.27349
16.0,113.5,1915.21698,-0.02861
17.0,113.5,1916.71118,-0.4695
18.0,113.5,1922.27282,0.01815
19.0,113.5,1921.03922,-0.25591
20.0,113.5,1923.16152,0.10522
21.0,113.5,1925.34777,1.90513
22.0,113.5,1926.0521,1.17396
23.0,113.5,1945.05049,-0.00523
24.0,113.5,1930.79986,-0.03507
25.0,113.5,1933.28135,-1.24065
26.0,113.5,1928.27115,-0.20285
27.0,113.5,1935.28517,-0.00443
28.0,113.5,1938.36622,0.00176
29.0,113.5,1936.68636,0.04226
30.0,113.5,1942.56307,0.07458
31.0,113.5,1947.50341,0.05662
32.0,113.5,1940.69578,0.07379
33.0,113.5,1948.46497,0.05547
34.0,113.5,1951.37256,0.05399
35.0,113.5,1955.78541,0.01775
36.0,113.5,1943.34036,0.0072
37.0,113.5,1931.87169,-0.00606
38.0,113.5,1941.50392,0.01119
39.0,113.5,1919.23024,-0.00517
40.0,113.5,1918.1057,0.03759
41.0,113.5,1909.74274,0.01428
42.0,113.5,1910.43657,0.0205
43.0,113.5,1916.75166,0.0281
44.0,113.5,1913.37847,0.0352
45.0,113.5,1907.02134,0.03715
46.0,113.5,1900.03575,0.02156
47.0,113.5,1899.85554,0.02283
48.0,113.5,1898.16829,0.02202
49.0,113.5,1898.0023,0.02691
50.0,113.5,1892.94744,0.02309
51.0,113.5,1887.13347,0.0335
52.0,113.5,1887.65527,0.01678
53.0,113.5,1884.19828,0.00179
54.0,113.5,1882.69649,0.02527
55.0,113.5,1878.56166,0.00562
56.0,113.5,1890.83883,0.40344
57.0,113.5,1853.27501,0.11022
58.0,113.5,1884.39231,0.17832
59.0,113.5,1874.45211,0.01441
60.0,113.5,1870.59183,0.02231
61.0,113.5,1877.86964,0.01815
62.0,113.5,1875.44438,0.02048
63.0,113.5,1883.43198,0.02723
64.0,113.5,1882.27805,0.03191
65.0,113.5,1883.64329,0.0355
66.0,113.5,1883.32323,0.03371
67.0,113.5,1880.36297,0.0408
68.0,113.5,1880.6927,0.03419
69.0,113.5,1879.29924,0.03182
70.0,113.5,1876.54205,0.04059
71.0,113.5,1879.64001,0.05038
72.0,113.5,1886.01433,0.04332
73.0,113.5,1878.91426,0.03482
74.0,113.5,1863.3835,0.26855
75.0,113.5,1870.71775,-0.13435
76.0,113.5,1873.74154,0.12916
77.0,113.5,1859.50333,0.94669
-11.0,114.5,1894.52094,1.73719
-10.0,114.5,1882.30077,0.14031
-9.0,114.5,1869.503,0.01339
-8.0,114.5,1867.08118,0.19995
-7.0,114.5,1863.81352,-0.1604
-6.0,114.5,1862.17017,1.45204
-5.0,114.5,1826.21394,0.13966
-4.0,114.5,1859.46511,0.31059
-3.0,114.5,1874.49656,0.28416
-2.0,114.5,1860.21003,0.02083
-1.0,114.5,1869.5827,0.39108
0.0,114.5,1872.81465,8.20729
1.0,114.5,1874.71056,-1.66005
2.0,114.5,1876.79312,1.16003
3.0,114.5,1859.97526,0.43644
4.0,114.5,1872.89954,-0.04212
5.0,114.5,1905.69754,0.18295
6.0,114.5,1912.57366,-0.36891
7.0,114.5,1911.84058,-0.54489
8.0,114.5,1899.7259,-0.9381
9.0,114.5,1911.63398,-0.21872
10.0,114.5,1905.67678,0.17359
11.0,114.5,1889.97659,-0.80169
12.0,114.5,1893.3865,-0.19201
13.0,114.5,1906.46767,0.03181
14.0,114.5,1905.48691,12.26678
15.0,114.5,1909.22272,2.07909
16.0,114.5,1905.41078,-7.58276
17.0,114.5,1919.07557,0.13395
18.0,114.5,1913.92616,0.167
19.0,114.5,1914.47636,0.05918
20.0,114.5,1921.73624,-0.03361
21.0,114.5,1917.36097,-0.00054
22.0,114.5,1924.8561,-0.08318
23.0,114.5,1930.95575,0.03545
24.0,114.5,1925.10484,0.01485
25.0,114.5,1929.71699,-0.03336
26.0,114.5,1930.95134,-0.02614
27.0,114.5,1935.57282,-0.00226
28.0,114.5,1935.12462,0.02373
29.0,114.5,1926.56481,0.14268
30.0,114.5,1938.48641,0.04705
31.0,114.5,1946.84346,0.04014
32.0,114.5,1943.31927,0.05175
33.0,114.5,1948.97336,0.05206
34.0,114.5,1952.77599,0.05191
35.0,114.5,1952.91203,0.03179
36.0,114.5,1952.6457,0.02343
37.0,114.5,1951.7759,0.00496
38.0,114.5,1952.01669,0.00197
39.0,114.5,1932.26479,0.02609
40.0,114.5,1918.12684,-0.00275
41.0,114.5,1911.47157,0.01163
42.0,114.5,1909.45638,0.01848
43.0,114.5,1916.21509,0.02093
44.0,114.5,1907.93468,0.03688
45.0,114.5,1899.57464,0.03332
46.0,114.5,1898.86853,0.02219
47.0,114.5,1900.89274,0.02957
48.0,114.5,1900.95727,0.03239
49.0,114.5,1899.32879,0.02952
50.0,114.5,1897.69509,0.01603
51.0,114.5,1894.77172,0.01832
52.0,114.5,1888.30207,-0.01186
53.0,114.5,1884.8326,-0.00052
54.0,114.5,1881.59529,0.02249
55.0,114.5,1880.38114,0.01812
56.0,114.5,1875.0858,0.05419
57.0,114.5,1862.94931,-0.34803
58.0,114.5,1879.21336,-0.02947
59.0,114.5,1879.36489,0.55709
60.0,114.5,1872.82071,0.00561
61.0,114.5,1879.1679,0.02403
62.0,114.5,1880.27294,0.02964
63.0,114.5,1882.50322,0.02736
64.0,114.5,1881.55503,0.02582
65.0,114.5,1883.65747,0.03374
66.0,114.5,1881.50812,0.04104
67.0,114.5,1879.83482,0.03854
68.0,114.5,1879.67933,0.03758
69.0,114.5,1877.9271,0.03457
70.0,114.5,1876.19742,0.0404
71.0,114.5,1877.2431,0.04969
72.0,114.5,1884.4962,0.03676
73.0,114.5,1885.28153,0.0217
74.0,114.5,1880.01379,-0.1208
75.0,114.5,1871.37712,-0.0976
76.0,114.5,1873.87206,-0.12131
-11.0,115.5,1885.33864,0.15781
-10.0,115.5,1890.77036,-0.36506
-9.0,115.5,1852.07578,0.2679
-8.0,115.5,1876.23672,0.13131
-7.0,115.5,1853.34047,0.3036
-6.0,115.5,1893.84479,4.71795
-5.0,115.5,1825.86838,-0.25782
-4.0,115.5,1862.63548,-0.10592
-3.0,115.5,1877.89813,0.35425
-2.0,115.5,1880.35294,0.19422
-1.0,115.5,1875.55501,1.01048
0.0,115.5,1866.37328,8.28443
1.0,115.5,1851.6545,-2.54342
2.0,115.5,1870.00536,-0.15782
3.0,115.5,1868.43289,-0.30583
4.0,115.5,1864.91255,-0.48485
5.0,115.5,1883.80573,-0.12378
6.0,115.5,1911.10196,-0.16906
7.0,115.5,1915.62895,-0.51854
8.0,115.5,1908.14689,-0.83135
9.0,115.5,1908.73964,-50.73606
10.0,115.5,1900.69083,1.16861
11.0,115.5,1899.73425,0.40594
12.0,115.5,1912.44375,-0.16308
13.0,115.5,1895.11796,0.26765
14.0,115.5,1913.69441,-0.1193
15.0,115.5,1915.60284,6.96003
16.0,115.5,1911.91389,-0.03729
17.0,115.5,1915.78618,-0.01341
18.0,115.5,1913.29158,0.08835
19.0,115.5,1916.56215,-0.20682
20.0,115.5,1922.78244,-0.14546
21.0,115.5,1924.40557,0.0076
22.0,115.5,1936.1439,-0.00204
23.0,115.5,1923.84035,0.11696
24.0,115.5,1924.44084,0.06163
25.0,115.5,1924.74914,-0.25225
26.0,115.5,1932.49773,-0.03593
27.0,115.5,1933.76401,0.0007
28.0,115.5,1940.76087,0.01637
29.0,115.5,1938.59214,0.03238
30.0,115.5,1941.93977,0.02349
31.0,115.5,1937.10479,0.00574
32.0,115.5,1941.95709,0.03204
33.0,115.5,1947.2014,0.03222
34.0,115.5,1948.94173,0.05476
35.0,115.5,1950.90085,0.04183
36.0,115.5,1949.37706,0.03564
37.0,115.5,1951.24733,0.02472
38.0,115.5,1949.32161,0.01268
39.0,115.5,1939.65387,0.01327
40.0,115.5,1921.33395,0.00033
41.0,115.5,1910.08508,0.01116
42.0,115.5,1908.7249,0.00823
43.0,115.5,1912.05108,0.02359
44.0,115.5,1906.91295,0.02973
45.0,115.5,1905.65563,0.02758
46.0,115.5,1901.27275,0.02264
47.0,115.5,1904.03803,0.02835
48.0,115.5,1902.35621,0.03366
49.0,115.5,1898.01261,0.02634
50.0,115.5,1901.52985,0.01408
51.0,115.5,1897.46349,0.0117
52.0,115.5,1890.11372,0.00474
53.0,115.5,1888.60638,-0.01133
54.0,115.5,1881.558,-0.00102
55.0,115.5,1885.03402,0.04126
56.0,115.5,1877.37072,0.01947
57.0,115.5,1872.18622,0.01669
58.0,115.5,1870.80403,0.52486
59.0,115.5,1879.74163,0.05411
60.0,115.5,1874.69613,0.09743
61.0,115.5,1877.60787,0.03355
62.0,115.5,1880.74036,0.02968
63.0,115.5,1884.34704,0.02732
64.0,115.5,1882.87095,0.0307
65.0,115.5,1881.19269,0.03781
66.0,115.5,1880.32882,0.04983
67.0,115.5,1879.28162,0.0423
68.0,115.5,1880.73813,0.04059
69.0,115.5,1878.31288,0.03562
70.0,115.5,1876.48232,0.04226
71.0,115.5,1875.84282,0.05148
72.0,115.5,1885.94187,0.03048
73.0,115.5,1888.28805,0.02393
74.0,115.5,1882.51464,-0.14737
-11.0,116.5,1887.06183,-2.97951
-10.0,116.5,1885.93472,-2.21173
-9.0,116.5,1870.03861,-0.1951
-8.0,116.5,1877.62551,-0.05283
-7.0,116.5,1885.98151,-0.39856
-6.0,116.5,1889.18852,-0.48149
-5.0,116.5,1887.53598,10.46154
-4.0,116.5,1842.68804,0.15746
-3.0,116.5,1865.51789,0.026
-2.0,116.5,1868.52787,-0.06774
-1.0,116.5,1879.62961,0.37862
0.0,116.5,1879.70649,-0.30126
1.0,116.5,1867.25965,-0.17749
2.0,116.5,1871.80327,-0.41954
3.0,116.5,1860.76372,-0.09801
4.0,116.5,1863.42588,0.05798
5.0,116.5,1880.36468,-0.00936
6.0,116.5,1908.7415,-0.17881
7.0,116.5,1906.74356,-0.37093
8.0,116.5,1915.61114,-0.49448
9.0,116.5,1907.96178,-12.82037
10.0,116.5,1915.00463,-0.14622
11.0,116.5,1910.79895,-1.79122
12.0,116.5,1898.98092,-0.01735
13.0,116.5,1895.14657,-0.3079
14.0,116.5,1913.12652,-0.61946
15.0,116.5,1908.7773,-2.48661
16.0,116.5,1921.91406,0.05455
17.0,116.5,1919.47981,0.13321
18.0,116.5,1917.89326,-0.07738
19.0,116.5,1919.39142,0.00178
20.0,116.5,1918.87514,-0.06255
21.0,116.5,1928.58814,-0.00956
22.0,116.5,1926.13042,-0.2006
23.0,116.5,1927.16153,0.15222
24.0,116.5,1928.78709,0.12091
25.0,116.5,1916.49312,-0.02196
26.0,116.5,1925.11904,-0.02063
27.0,116.5,1928.64121,0.01058
28.0,116.5,1939.38168,0.06956
29.0,116.5,1941.48253,0.05944
30.0,116.5,1937.65221,0.0466
31.0,116.5,1937.63131,-0.20624
32.0,116.5,1942.11266,0.02211
33.0,116.5,1949.42142,0.00927
34.0,116.5,1949.09325,0.02623
35.0,116.5,1945.62127,0.02924
36.0,116.5,1943.26831,0.02601
37.0,116.5,1946.02711,0.02435
38.0,116.5,1945.15484,0.02323
39.0,116.5,1941.91617,0.0274
40.0,116.5,1932.36124,0.02612
41.0,116.5,1911.2767,0.00402
42.0,116.5,1907.82275,0.03462
43.0,116.5,1906.91763,0.01142
44.0,116.5,1902.72307,0.02269
45.0,116.5,1907.61705,0.03626
46.0,116.5,1904.49011,0.02177
47.0,116.5,1902.72855,0.01444
48.0,116.5,1905.0484,0.03019
49.0,116.5,1901.88078,0.03096
50.0,116.5,1898.13733,0.01864
51.0,116.5,1891.18443,0.02623
52.0,116.5,1892.74057,0.02832
53.0,116.5,1889.7418,0.00396
54.0,116.5,1885.32248,0.01235
55.0,116.5,1885.44438,0.01876
56.0,116.5,1874.65881,-0.05856
57.0,116.5,1886.57549,0.0757
58.0,116.5,1870.3202,-2.40123
59.0,116.5,1884.58346,0.0481
60.0,116.5,1882.21036,0.03518
61.0,116.5,1878.39542,0.03512
62.0,116.5,1881.16469,0.01958
63.0,116.5,1884.47654,0.0263
64.0,116.5,1881.51319,0.03999
65.0,116.5,1881.41641,0.04332
66.0,116.5,1879.33094,0.04342
67.0,116.5,1879.29009,0.04161
68.0,116.5,1880.09445,0.0393
69.0,116.5,1879.16783,0.03703
70.0,116.5,1876.58118,0.04339
71.0,116.5,1879.06532,0.04776
72.0,116.5,1885.57382,0.03377
73.0,116.5,1890.8991,0.03001
74.0,116.5,1882.95745,0.00546
-11.0,117.5,1889.94053,-1.05455
-10.0,117.5,1901.04791,0.09149
-9.0,117.5,1871.14772,-0.0309
-8.0,117.5,1868.21909,0.74906
-7.0,117.5,1881.56261,0.23613
-6.0,117.5,1887.78594,-0.44664
-5.0,117.5,1872.94912,0.16571
-4.0,117.5,1896.02204,0.58674
-3.0,117.5,1893.62299,0.70463
-2.0,117.5,1898.61248,-0.61631
-1.0,117.5,1870.04791,-0.00031
0.0,117.5,1884.40651,-0.00585
1.0,117.5,1881.72975,-0.34795
2.0,117.5,1870.18561,0.16963
3.0,117.5,1859.02193,-1.05327
4.0,117.5,1867.15803,1.13957
5.0,117.5,1867.0806,0.5183
6.0,117.5,1879.0359,-0.1585
7.0,117.5,1892.74228,0.41755
8.0,117.5,1903.21751,-0.12165
9.0,117.5,1909.37411,-0.2644
10.0,117.5,1911.08468,0.30095
11.0,117.5,1906.58122,0.10332
12.0,117.5,1908.4416,-0.53671
13.0,117.5,1912.52475,-0.1011
14.0,117.5,1921.21517,-0.34022
15.0,117.5,1909.50063,-1.02525
16.0,117.5,1913.47718,1.64296
17.0,117.5,1914.49821,-0.01806
18.0,117.5,1914.693,-0.03399
19.0,117.5,1916.21114,1.17782
20.0,117.5,1914.02582,1.61687
21.0,117.5,1925.89791,-7.66156
22.0,117.5,1933.91352,0.03843
23.0,117.5,1922.67803,-0.6052
24.0,117.5,1929.96466,0.09897
25.0,117.5,1932.67,-0.00633
26.0,117.5,1919.05329,-1.64631
27.0,117.5,1922.8734,-0.05073
28.0,117.5,1932.46827,0.04875
29.0,117.5,1931.732,0.02005
30.0,117.5,1927.53414,0.01054
31.0,117.5,1938.79839,0.03058
32.0,117.5,1941.25236,0.02869
33.0,117.5,1944.29388,0.021
34.0,117.5,1946.28431,0.03411
35.0,117.5,1946.06565,0.02552
36.0,117.5,1942.59852,0.01913
37.0,117.5,1943.63051,0.01627
38.0,117.5,1942.3603,0.0283
39.0,117.5,1935.78872,0.05967
40.0,117.5,1933.74267,0.07575
41.0,117.5,1915.27049,0.0487
42.0,117.5,1905.63176,-0.01341
43.0,117.5,1903.60961,0.02781
44.0,117.5,1899.95618,0.01677
45.0,117.5,1906.16883,0.02808
46.0,117.5,1905.59606,0.02804
47.0,117.5,1900.64139,0.02134
48.0,117.5,1904.86434,0.03128
49.0,117.5,1895.95398,0.04651
50.0,117.5,1898.17256,0.01859
51.0,117.5,1890.40522,0.02022
52.0,117.5,1889.69397,0.02717
53.0,117.5,1887.53763,0.04668
54.0,117.5,1881.96403,0.01465
55.0,117.5,1882.13765,-0.05061
56.0,117.5,1873.47879,-0.18364
57.0,117.5,1880.09983,0.12894
58.0,117.5,1880.56341,0.08745
59.0,117.5,1880.58384,0.0745
60.0,117.5,1883.64267,0.0486
61.0,117.5,1882.17757,0.04442
62.0,117.5,1881.3205,0.02032
63.0,117.5,1885.93886,0.02744
64.0,117.5,1886.21563,0.03807
65.0,117.5,1886.08196,0.04369
66.0,117.5,1878.85692,0.03834
67.0,117.5,1879.13548,0.04762
68.0,117.5,1878.80067,0.03884
69.0,117.5,1880.91476,0.03786
70.0,117.5,1876.55834,0.03838
71.0,117.5,1878.91886,0.04533
72.0,117.5,1883.35405,0.03149
73.0,117.5,1888.20666,0.03818
74.0,117.5,1883.48935,0.04368
-11.0,118.5,1895.95958,0.69495
-10.0,118.5,1886.07021,0.57711
-9.0,118.5,1868.51994,-0.00131
-8.0,118.5,1869.885,-0.05301
-7.0,118.5,1887.35446,-0.0139
-6.0,118.5,1903.53218,0.01962
-5.0,118.5,1898.04537,0.11474
-4.0,118.5,1891.21677,-0.09156
-3.0,118.5,1881.87056,0.05204
-2.0,118.5,1895.04918,0.03055
-1.0,118.5,1896.75231,-0.19686
0.0,118.5,1905.0753,0.15416
1.0,118.5,1866.82227,-1.41086
2.0,118.5,1875.7336,-0.75677
3.0,118.5,1898.93873,-0.94335
4.0,118.5,1890.86735,-0.02908
5.0,118.5,1867.52937,-0.70184
6.0,118.5,1880.90045,1.27126
7.0,118.5,1893.19646,0.36194
8.0,118.5,1904.09321,-0.02623
9.0,118.5,1910.33868,-0.17698
10.0,118.5,1902.85818,-0.33055
11.0,118.5,1918.81232,-0.17096
12.0,118.5,1915.87928,-0.25608
13.0,118.5,1921.99568,-0.67074
14.0,118.5,1913.55291,0.37239
15.0,118.5,1915.4432,0.01569
16.0,118.5,1918.8721,0.41092
17.0,118.5,1919.15823,-0.23534
18.0,118.5,1916.09655,0.05226
19.0,118.5,1915.44656,0.06463
20.0,118.5,1919.31057,0.58956
21.0,118.5,1926.48206,0.24665
22.0,118.5,1925.21324,0.28381
23.0,118.5,1932.26254,0.06178
24.0,118.5,1920.19094,0.04265
25.0,118.5,1938.18472,0.07418
26.0,118.5,1924.28991,-0.08072
27.0,118.5,1927.39063,-0.03811
28.0,118.5,1928.95859,0.00456
29.0,118.5,1932.961,0.03571
30.0,118.5,1925.57988,-0.00453
31.0,118.5,1936.33679,0.03964
32.0,118.5,1943.14884,0.01529
33.0,118.5,1935.639,0.03015
34.0,118.5,1942.15751,0.01899
35.0,118.5,1945.10567,0.03146
36.0,118.5,1939.94034,0.03237
37.0,118.5,1943.3047,0.02422
38.0,118.5,1941.29352,0.0372
39.0,118.5,1942.03253,0.05253
40.0,118.5,1936.79015,0.01978
41.0,118.5,1917.39489,0.0086
42.0,118.5,1914.71862,-0.00629
43.0,118.5,1912.88792,0.01132
44.0,118.5,1909.52422,0.01054
45.0,118.5,1903.53051,0.01638
46.0,118.5,1905.36482,0.02019
47.0,118.5,1900.8893,0.02382
48.0,118.5,1904.7658,0.02099
49.0,118.5,1905.63255,0.02903
50.0,118.5,1900.17041,0.01676
51.0,118.5,1893.94372,0.01957
52.0,118.5,1888.63968,0.03276
53.0,118.5,1887.92978,0.0277
54.0,118.5,1884.79909,0.12267
55.0,118.5,1880.90012,-0.01586
56.0,118.5,1876.08051,0.08232
57.0,118.5,1881.6203,-2.14778
58.0,118.5,1884.13808,0.06063
59.0,118.5,1882.29817,-0.16217
60.0,118.5,1880.14998,0.05328
61.0,118.5,1882.41467,0.04746
62.0,118.5,1881.41252,0.02997
63.0,118.5,1886.52645,0.02901
64.0,118.5,1883.32904,0.02817
65.0,118.5,1889.27637,0.04586
66.0,118.5,1882.01556,0.04314
67.0,118.5,1878.44858,0.05134
68.0,118.5,1876.19726,0.03815
69.0,118.5,1879.37491,0.03166
70.0,118.5,1876.2364,0.02749
71.0,118.5,1877.42291,0.04067
72.0,118.5,1881.75671,0.03328
73.0,118.5,1884.64013,0.03593
74.0,118.5,1880.50097,-0.05004
-11.0,119.5,1869.69315,-0.51556
-10.0,119.5,1857.10124,0.03078
-9.0,119.5,1859.9539,-0.00494
-8.0,119.5,1865.62285,0.29871
-7.0,119.5,1880.84015,0.7221
-6.0,119.5,1890.56019,1.0214
-5.0,119.5,1880.2133,-0.04719
-4.0,119.5,1888.32657,-0.11793
-3.0,119.5,1883.35567,-0.06113
-2.0,119.5,1873.67583,0.1449
-1.0,119.5,1881.83561,0.23374
0.0,119.5,1875.16717,-0.5449
1.0,119.5,1883.71347,-0.06918
2.0,119.5,1890.60056,0.18144
3.0,119.5,1910.10483,-2.40761
4.0,119.5,1896.54329,-2.14718
5.0,119.5,1868.4282,0.95441
6.0,119.5,1894.97331,0.61885
7.0,119.5,1892.30081,0.8699
8.0,119.5,1904.07905,0.04659
9.0,119.5,1910.50453,-0.17734
10.0,119.5,1896.77336,0.59776
11.0,119.5,1877.82993,-0.12181
12.0,119.5,1899.01062,-0.1289
13.0,119.5,1914.51897,-0.02384
14.0,119.5,1905.17738,0.0165
15.0,119.5,1902.63615,0.09584
16.0,119.5,1905.99023,-0.0354
17.0,119.5,1925.0016,-0.21568
18.0,119.5,1926.45748,-0.0007
19.0,119.5,1916.8246,-0.08078
20.0,119.5,1917.09,0.15344
21.0,119.5,1913.67975,-0.00909
22.0,119.5,1923.82154,1.31105
23.0,119.5,1928.26365,0.11417
24.0,119.5,1922.07227,-0.35243
25.0,119.5,1922.58195,0.01644
26.0,119.5,1922.20523,0.04474
27.0,119.5,1913.79595,0.01854
28.0,119.5,1933.9707,0.01204
29.0,119.5,1939.98053,0.04835
30.0,119.5,1934.2875,0.02306
31.0,119.5,1935.23755,0.0258
32.0,119.5,1941.2602,0.01499
33.0,119.5,1938.61821,0.0215
34.0,119.5,1941.51825,0.01995
35.0,119.5,1926.52516,0.04042
36.0,119.5,1939.17724,0.04247
37.0,119.5,1934.27028,0.03411
38.0,119.5,1942.79224,0.05622
39.0,119.5,1938.36974,-0.21408
40.0,119.5,1927.05086,-0.00632
41.0,119.5,1923.12605,0.02109
42.0,119.5,1921.20488,0.01243
43.0,119.5,1925.4887,0.02451
44.0,119.5,1915.05999,0.01048
45.0,119.5,1906.40266,0.01086
46.0,119.5,1903.02201,0.01693
47.0,119.5,1894.91567,0.01958
48.0,119.5,1897.63184,0.00771
49.0,119.5,1901.97009,0.01013
50.0,119.5,1900.274,0.01612
51.0,119.5,1895.01486,0.01891
52.0,119.5,1889.11457,0.03204
53.0,119.5,1885.40613,0.02737
54.0,119.5,1887.9408,0.01689
55.0,119.5,1881.30106,-0.00981
56.0,119.5,1874.47586,0.00043
57.0,119.5,1871.20261,-0.0186
58.0,119.5,1881.63417,-0.06526
59.0,119.5,1882.4795,0.05711
60.0,119.5,1880.74333,0.04781
61.0,119.5,1881.77264,0.04333
62.0,119.5,1881.7572,0.03375
63.0,119.5,1887.03542,0.03822
64.0,119.5,1883.24481,0.0298
65.0,119.5,1885.66418,0.0431
66.0,119.5,1881.9287,0.04182
67.0,119.5,1876.03889,0.03892
68.0,119.5,1875.89671,0.0325
69.0,119.5,1877.55326,0.0252
70.0,119.5,1875.54899,0.02825
71.0,119.5,1878.80438,0.04039
72.0,119.5,1883.25147,0.03267
73.0,119.5,1885.59464,0.04577
74.0,119.5,1878.65199,0.93188
-11.0,120.5,1887.8555,-2.77105
-10.0,120.5,1867.08889,-0.19661
-9.0,120.5,1866.20225,-0.12107
-8.0,120.5,1871.38778,0.10649
-7.0,120.5,1834.31107,0.13396
-6.0,120.5,1867.5171,0.01784
-5.0,120.5,1874.97433,0.03974
-4.0,120.5,1878.6658,0.74472
-3.0,120.5,1865.90475,0.4137
-2.0,120.5,1862.89886,-0.30213
-1.0,120.5,1874.80147,0.1547
0.0,120.5,1886.52949,0.40406
1.0,120.5,1879.49878,0.12808
2.0,120.5,1901.73332,0.15266
3.0,120.5,1894.46175,5.48735
4.0,120.5,1895.07503,-0.80278
5.0,120.5,1882.21378,1.12253
6.0,120.5,1872.91833,-0.22459
7.0,120.5,1902.3945,0.21866
8.0,120.5,1912.05304,-0.96118
9.0,120.5,1904.88801,-1.74058
10.0,120.5,1892.77925,-21.16369
11.0,120.5,1914.63706,-0.62879
12.0,120.5,1903.50288,0.00991
13.0,120.5,1899.61696,-0.15511
14.0,120.5,1894.36197,0.07879
15.0,120.5,1911.48782,0.14309
16.0,120.5,1908.21106,0.03396
17.0,120.5,1910.05991,0.04947
18.0,120.5,1910.22426,-0.02828
19.0,120.5,1918.83407,0.06809
20.0,120.5,1915.05903,0.12182
21.0,120.5,1917.04688,-0.03999
22.0,120.5,1918.64633,-0.06614
23.0,120.5,1923.0215,0.00519
24.0,120.5,1924.11145,0.04901
25.0,120.5,1928.15462,-0.00863
26.0,120.5,1932.65995,0.14514
27.0,120.5,1914.64711,0.12262
28.0,120.5,1929.70649,0.05758
29.0,120.5,1936.5075,0.00338
30.0,120.5,1937.50331,0.05926
31.0,120.5,1932.26053,0.04071
32.0,120.5,1942.66762,0.01397
33.0,120.5,1937.01238,0.02542
34.0,120.5,1927.72657,0.08784
35.0,120.5,1936.2247,-0.03489
36.0,120.5,1926.47316,0.10245
37.0,120.5,1938.47025,0.03702
38.0,120.5,1940.93603,0.05229
39.0,120.5,1942.6119,-0.39756
40.0,120.5,1925.62938,-0.55896
41.0,120.5,1925.57029,0.02015
42.0,120.5,1923.07742,0.01378
43.0,120.5,1926.20367,0.01946
44.0,120.5,1921.65211,0.012
45.0,120.5,1914.96558,0.024
46.0,120.5,1907.99524,0.02967
47.0,120.5,1893.37269,0.21006
48.0,120.5,1886.1156,-0.00994
49.0,120.5,1896.17951,0.01248
50.0,120.5,1893.41286,0.00951
51.0,120.5,1884.82174,-0.01432
52.0,120.5,1884.11614,0.03421
53.0,120.5,1885.36986,0.01642
54.0,120.5,1886.63275,0.00319
55.0,120.5,1883.2155,0.01895
56.0,120.5,1881.05315,0.00464
57.0,120.5,1867.78208,0.07098
58.0,120.5,1877.74433,0.04288
59.0,120.5,1879.36322,0.06029
60.0,120.5,1881.72393,0.04999
61.0,120.5,1885.00422,0.049
62.0,120.5,1884.33704,0.0383
63.0,120.5,1886.41606,0.03784
64.0,120.5,1886.17811,0.03591
65.0,120.5,1886.16661,0.04063
66.0,120.5,1881.04712,0.03878
67.0,120.5,1877.01829,0.02626
68.0,120.5,1875.51779,0.02274
69.0,120.5,1876.72963,0.02647
70.0,120.5,1875.18466,0.0261
71.0,120.5,1877.95113,0.04157
72.0,120.5,1885.55248,0.03157
73.0,120.5,1882.52574,0.05406
-11.0,121.5,1870.95057,-0.10395
-10.0,121.5,1871.76651,0.161
-9.0,121.5,1875.9673,0.01763
-8.0,121.5,1871.39202,-0.17116
-7.0,121.5,1876.37065,-1.16087
-6.0,121.5,1897.84658,0.01666
-5.0,121.5,1879.78171,-0.02943
-4.0,121.5,1875.35903,-0.19462
-3.0,121.5,1846.5115,0.3632
-2.0,121.5,1860.5616,0.12549
-1.0,121.5,1881.28709,-0.01716
0.0,121.5,1884.52963,0.01031
1.0,121.5,1883.37291,0.04285
2.0,121.5,1901.18756,0.01831
3.0,121.5,1909.09497,-20.96265
4.0,121.5,1915.5153,-9.72229
5.0,121.5,1902.58985,-0.37912
6.0,121.5,1879.56019,-0.63062
7.0,121.5,1892.2185,-0.0309
8.0,121.5,1904.83971,0.24324
9.0,121.5,1910.77685,0.08845
10.0,121.5,1907.96832,0.18117
11.0,121.5,1911.512,-0.15555
12.0,121.5,1901.93876,0.14995
13.0,121.5,1880.50926,-0.09759
14.0,121.5,1884.91162,0.49079
15.0,121.5,1876.67609,0.27973
16.0,121.5,1901.55559,0.04379
17.0,121.5,1913.88696,0.10278
18.0,121.5,1910.87395,0.04251
19.0,121.5,1904.82361,0.01854
20.0,121.5,1911.97538,0.27657
21.0,121.5,1919.34567,-0.32961
22.0,121.5,1924.62549,0.74812
23.0,121.5,1911.43071,-0.00427
24.0,121.5,1906.54193,0.04213
25.0,121.5,1917.46578,0.01782
26.0,121.5,1935.68827,-0.07077
27.0,121.5,1938.17595,0.21931
28.0,121.5,1920.00461,-0.01347
29.0,121.5,1925.89598,0.26486
30.0,121.5,1928.98267,0.01554
31.0,121.5,1937.98552,-0.03637
32.0,121.5,1936.41229,0.03421
33.0,121.5,1936.6368,-0.25218
34.0,121.5,1936.72338,0.02288
35.0,121.5,1929.57732,0.20169
36.0,121.5,1919.10767,0.80757
37.0,121.5,1927.29029,0.1289
38.0,121.5,1925.26056,-1.87755
39.0,121.5,1922.66589,-0.48584
40.0,121.5,1924.88023,0.05102
41.0,121.5,1922.75146,0.02849
42.0,121.5,1930.72052,0.01077
43.0,121.5,1926.97194,0.00953
44.0,121.5,1925.69227,0.01512
45.0,121.5,1921.85885,0.01653
46.0,121.5,1911.11326,0.01386
47.0,121.5,1902.8362,0.03393
48.0,121.5,1892.78275,0.02336
49.0,121.5,1888.29376,0.02638
50.0,121.5,1886.62615,0.03066
51.0,121.5,1884.8789,0.01397
52.0,121.5,1885.09454,0.00924
53.0,121.5,1884.76243,0.01761
54.0,121.5,1884.10607,-0.01312
55.0,121.5,1881.52948,0.02263
56.0,121.5,1877.87376,-0.0078
57.0,121.5,1882.13408,0.05653
58.0,121.5,1883.35494,0.06245
59.0,121.5,1882.13992,0.06112
60.0,121.5,1879.51626,0.05143
61.0,121.5,1881.43826,0.04402
62.0,121.5,1880.99664,0.03785
63.0,121.5,1888.84291,0.03726
64.0,121.5,1888.87407,0.03566
65.0,121.5,1884.2877,0.02846
66.0,121.5,1881.77442,0.03073
67.0,121.5,1878.70747,0.02559
68.0,121.5,1875.30066,0.01495
69.0,121.5,1877.37692,0.02242
70.0,121.5,1876.23317,0.03093
71.0,121.5,1877.89973,0.04262
72.0,121.5,1884.70654,0.03384
73.0,121.5,1881.69005,0.03865
-11.0,122.5,1859.61338,-0.06595
-10.0,122.5,1869.42178,0.46341
-9.0,122.5,1868.53828,-0.22416
-8.0,122.5,1860.44242,0.63531
-7.0,122.5,1884.75159,5.68206
-6.0,122.5,1862.4488,1.23861
-5.0,122.5,1847.87444,-0.11385
-4.0,122.5,1861.59714,0.04176
-3.0,122.5,1871.73588,-0.08193
-2.0,122.5,1884.89756,-0.39413
-1.0,122.5,1867.52721,-0.09257
0.0,122.5,1881.23655,-0.05694
1.0,122.5,1889.64548,0.19204
2.0,122.5,1902.79638,-0.0301
3.0,122.5,1906.61905,0.64495
4.0,122.5,1903.15332,-4.16926
5.0,122.5,1895.93925,-3.1483
6.0,122.5,1894.09629,-0.25362
7.0,122.5,1876.70916,1.71586
8.0,122.5,1884.67335,-0.3128
9.0,122.5,1900.54503,-0.27214
10.0,122.5,1902.23444,-0.12469
11.0,122.5,1899.62999,-0.00225
12.0,122.5,1892.39999,0.13315
13.0,122.5,1883.55223,-0.03056
14.0,122.5,1876.2265,-0.01237
15.0,122.5,1898.78041,0.04632
16.0,122.5,1911.88233,0.10137
17.0,122.5,1904.43935,0.31982
18.0,122.5,1907.75285,0.25285
19.0,122.5,1914.29943,0.04258
20.0,122.5,1904.59357,-0.5212
21.0,122.5,1907.03149,-0.00282
22.0,122.5,1917.85585,-0.11687
23.0,122.5,1920.87033,-0.15004
24.0,122.5,1919.42532,-0.02729
25.0,122.5,1927.08616,0.00086
26.0,122.5,1924.45769,0.0715
27.0,122.5,1933.46835,-0.02888
28.0,122.5,1924.17882,-0.05481
29.0,122.5,1917.25546,-0.30721
30.0,122.5,1908.81584,0.04363
31.0,122.5,1927.65202,0.6547
32.0,122.5,1931.84263,-0.0974
33.0,122.5,1929.43342,-0.13067
34.0,122.5,1921.41677,-0.52324
35.0,122.5,1929.77268,0.01648
36.0,122.5,1922.57179,0.98694
37.0,122.5,1916.90021,0.03564
38.0,122.5,1923.05522,0.02295
39.0,122.5,1915.86174,-0.08463
40.0,122.5,1930.34805,-0.45273
41.0,122.5,1931.75032,0.03086
42.0,122.5,1936.35494,0.00897
43.0,122.5,1932.21039,8e-05
44.0,122.5,1926.59947,0.00857
45.0,122.5,1924.71126,0.01428
46.0,122.5,1916.90602,0.01959
47.0,122.5,1912.48868,0.01372
48.0,122.5,1904.73616,0.01794
49.0,122.5,1892.45119,0.0216
50.0,122.5,1886.04492,0.01962
51.0,122.5,1883.27252,-0.00678
52.0,122.5,1879.9157,-0.01036
53.0,122.5,1884.42864,0.00079
54.0,122.5,1885.42916,0.00937
55.0,122.5,1878.24669,0.03593
56.0,122.5,1875.0988,0.05321
57.0,122.5,1877.28151,0.05852
58.0,122.5,1878.07834,0.06585
59.0,122.5,1877.04015,0.05725
60.0,122.5,1881.02959,0.04294
61.0,122.5,1882.54223,0.03786
62.0,122.5,1882.15484,0.02831
63.0,122.5,1887.62812,0.03399
64.0,122.5,1888.65288,0.03375
65.0,122.5,1882.73803,0.03554
66.0,122.5,1882.55056,0.03595
67.0,122.5,1883.39225,0.02239
68.0,122.5,1876.21753,0.01282
69.0,122.5,1879.15699,0.02412
70.0,122.5,1877.60002,0.03646
71.0,122.5,1882.35655,0.03668
72.0,122.5,1883.59389,0.04243
73.0,122.5,1882.35664,0.02243
74.0,122.5,1881.08942,-0.05114
-11.0,123.5,1861.68922,-0.01974
-10.0,123.5,1867.28869,0.02469
-9.0,123.5,1884.00184,0.05882
-8.0,123.5,1865.65968,-0.14325
-7.0,123.5,1885.52876,-0.91426
-6.0,123.5,1871.15459,1.17524
-5.0,123.5,1853.32569,0.36202
-4.0,123.5,1867.39241,-0.19553
-3.0,123.5,1885.12025,-7.83059
-2.0,123.5,1848.13687,0.05325
-1.0,123.5,1869.83015,-0.41532
0.0,123.5,1892.49399,-0.07622
1.0,123.5,1894.37897,0.24201
2.0,123.5,1899.8516,0.50761
3.0,123.5,1906.01784,-8.67409
4.0,123.5,1903.36805,-0.00105
5.0,123.5,1913.50773,3.10995
6.0,123.5,1902.68732,-2.69042
7.0,123.5,1904.39294,-1.00315
8.0,123.5,1890.24287,0.3961
9.0,123.5,1895.78834,-0.26773
10.0,123.5,1879.10521,-0.3262
11.0,123.5,1883.72092,-1.6227
12.0,123.5,1889.22649,-0.03629
13.0,123.5,1861.28238,0.0949
14.0,123.5,1881.16645,-0.17545
15.0,123.5,1905.0382,0.40527
16.0,123.5,1899.44025,0.13382
17.0,123.5,1905.21518,0.12634
18.0,123.5,1921.90515,0.07902
19.0,123.5,1909.76971,0.02709
20.0,123.5,1913.93426,-0.03878
21.0,123.5,1909.86034,-0.16779
22.0,123.5,1922.72961,0.09549
23.0,123.5,1925.43781,-0.38197
24.0,123.5,1910.56623,-0.04644
25.0,123.5,1925.07479,1.01996
26.0,123.5,1915.27394,0.05022
27.0,123.5,1923.03769,-0.36423
28.0,123.5,1926.42472,-0.054
29.0,123.5,1911.71878,-0.38622
30.0,123.5,1922.57616,0.25233
31.0,123.5,1933.19569,0.17905
32.0,123.5,1923.54237,-0.39828
33.0,123.5,1924.23262,-0.41369
34.0,123.5,1936.34797,-4.52946
35.0,123.5,1931.68425,0.00996
36.0,123.5,1933.00449,-0.04709
37.0,123.5,1937.6303,-0.36537
38.0,123.5,1929.11251,-0.1226
39.0,123.5,1928.2479,-0.0429
40.0,123.5,1926.35277,-1.37744
41.0,123.5,1925.10917,0.03234
42.0,123.5,1935.17093,0.01272
43.0,123.5,1931.75853,-0.00382
44.0,123.5,1927.07754,-0.00109
45.0,123.5,1927.66692,0.02503
46.0,123.5,1920.13532,0.02859
47.0,123.5,1917.23454,0.02286
48.0,123.5,1913.61625,0.0166
49.0,123.5,1901.43194,0.01661
50.0,123.5,1890.6773,0.0092
51.0,123.5,1884.39023,0.04345
52.0,123.5,1882.37311,-0.05223
53.0,123.5,1881.43426,0.00163
54.0,123.5,1885.09617,-0.00072
55.0,123.5,1878.26784,0.03355
56.0,123.5,1875.43757,0.38656
57.0,123.5,1876.90256,0.04955
58.0,123.5,1879.23286,0.06397
59.0,123.5,1874.85182,0.04933
60.0,123.5,1882.30396,0.04148
61.0,123.5,1884.07511,0.03349
62.0,123.5,1883.8149,0.03328
63.0,123.5,1885.2934,0.0297
64.0,123.5,1886.37689,0.03086
65.0,123.5,1885.6806,0.03281
66.0,123.5,1882.08313,0.02607
67.0,123.5,1875.1836,0.01839
68.0,123.5,1874.55114,0.01044
69.0,123.5,1878.42188,0.02143
70.0,123.5,1878.20709,0.03929
71.0,123.5,1885.82068,0.0462
72.0,123.5,1884.12457,0.04354
73.0,123.5,1881.02717,0.02725
74.0,123.5,1875.20934,-0.13716
-11.0,124.5,1894.99608,0.40065
-10.0,124.5,1864.82769,0.18589
-9.0,124.5,1879.30361,0.06377
-8.0,124.5,1866.68878,0.05754
-7.0,124.5,1888.40654,-0.00872
-6.0,124.5,1884.82017,0.31859
-5.0,124.5,1887.80146,0.79948
-4.0,124.5,1889.22067,0.02221
-3.0,124.5,1888.2128,1.45996
-2.0,124.5,1865.45374,0.1877
-1.0,124.5,1887.72411,0.09571
0.0,124.5,1897.09947,-0.12926
1.0,124.5,1874.99844,0.20843
2.0,124.5,1896.27987,-0.05433
3.0,124.5,1904.82546,0.12255
4.0,124.5,1908.47296,0.11711
5.0,124.5,1916.9731,0.04019
6.0,124.5,1901.12608,-0.1407
7.0,124.5,1896.91695,-0.0178
8.0,124.5,1890.07533,-0.04232
9.0,124.5,1904.78758,-0.03339
10.0,124.5,1893.36368,-0.08513
11.0,124.5,1879.908,-0.16887
12.0,124.5,1873.40547,-0.52409
13.0,124.5,1876.09622,-0.03472
14.0,124.5,1870.61517,-0.20967
15.0,124.5,1902.45367,1.09927
16.0,124.5,1911.37021,2.28455
17.0,124.5,1906.58614,-0.02846
18.0,124.5,1913.88085,-0.09551
19.0,124.5,1916.3975,-1.26594
20.0,124.5,1917.9431,-0.29237
21.0,124.5,1919.09138,-0.08656
22.0,124.5,1919.11363,-0.67913
23.0,124.5,1924.9277,-0.52651
24.0,124.5,1920.22224,-0.02747
25.0,124.5,1921.56064,-0.00993
26.0,124.5,1918.4361,0.10825
27.0,124.5,1927.57498,-0.01908
28.0,124.5,1925.84726,-0.02914
29.0,124.5,1922.67104,0.00295
30.0,124.5,1918.45981,0.45372
31.0,124.5,1926.2332,-0.11622
32.0,124.5,1930.52212,-0.26438
33.0,124.5,1927.05764,0.05408
34.0,124.5,1932.14948,-0.00117
35.0,124.5,1930.23482,-0.00396
36.0,124.5,1928.15383,-0.04121
37.0,124.5,1934.66095,0.01553
38.0,124.5,1922.50529,0.0212
39.0,124.5,1924.47709,-0.1126
40.0,124.5,1923.08898,-0.05935
41.0,124.5,1920.83921,0.02489
42.0,124.5,1919.20154,0.01842
43.0,124.5,1925.70072,0.00572
44.0,124.5,1924.03607,0.00131
45.0,124.5,1922.5606,0.01438
46.0,124.5,1926.49264,0.02564
47.0,124.5,1918.52094,0.02771
48.0,124.5,1915.79376,0.02394
49.0,124.5,1907.28509,0.00935
50.0,124.5,1900.87192,0.01401
51.0,124.5,1888.25067,0.00385
52.0,124.5,1882.24963,-0.0013
53.0,124.5,1882.84886,0.00801
54.0,124.5,1886.68436,-0.2845
55.0,124.5,1880.50882,-0.23642
56.0,124.5,1876.88093,0.03688
57.0,124.5,1872.37131,0.05272
58.0,124.5,1873.69337,0.0175
59.0,124.5,1876.38005,0.0376
60.0,124.5,1879.83685,0.03888
61.0,124.5,1882.39674,0.0311
62.0,124.5,1884.34785,0.03438
63.0,124.5,1886.2979,0.0333
64.0,124.5,1886.52336,0.02953
65.0,124.5,1878.39793,0.02369
66.0,124.5,1880.7116,0.02346
67.0,124.5,1878.44441,0.0193
68.0,124.5,1880.48687,0.01709
69.0,124.5,1874.15234,0.014
70.0,124.5,1877.83603,0.03453
71.0,124.5,1885.26991,0.05618
72.0,124.5,1885.36574,0.04879
73.0,124.5,1883.04849,0.02948
74.0,124.5,1877.62081,0.02787
-11.0,125.5,1880.83667,0.40472
-10.0,125.5,1886.34049,-0.1039
-9.0,125.5,1866.3672,0.11717
-8.0,125.5,1859.7491,0.10586
-7.0,125.5,1889.0205,0.10437
-6.0,125.5,1881.89133,-0.04585
-5.0,125.5,1887.77698,-0.24892
-4.0,125.5,1888.12752,-2.71493
-3.0,125.5,1892.38878,-0.05115
-2.0,125.5,1876.43595,1.08884
-1.0,125.5,1902.72264,0.02176
0.0,125.5,1912.50969,0.118
1.0,125.5,1891.76511,0.22381
2.0,125.5,1887.8563,-0.02898
3.0,125.5,1893.67072,-0.11344
4.0,125.5,1893.27794,0.86305
5.0,125.5,1905.9416,-0.34883
6.0,125.5,1893.14033,-0.20616
7.0,125.5,1887.77733,-0.00136
8.0,125.5,1877.6186,-0.19837
9.0,125.5,1886.7023,-0.04118
10.0,125.5,1864.30822,0.5204
11.0,125.5,1877.34184,-0.03669
12.0,125.5,1877.63976,-0.4645
13.0,125.5,1893.97124,0.07481
14.0,125.5,1897.08662,0.18863
15.0,125.5,1913.65515,0.05843
16.0,125.5,1914.7028,-0.04918
17.0,125.5,1909.00153,-0.0344
18.0,125.5,1898.10974,-0.38527
19.0,125.5,1906.94104,-0.2045
20.0,125.5,1916.63762,0.10677
21.0,125.5,1918.30391,-0.03459
22.0,125.5,1914.54053,-0.00877
23.0,125.5,1913.6301,-0.00282
24.0,125.5,1921.76772,-0.53468
25.0,125.5,1921.83493,-0.03021
26.0,125.5,1913.06287,0.01385
27.0,125.5,1925.44205,0.00789
28.0,125.5,1920.39829,-0.11015
29.0,125.5,1926.15653,0.03978
30.0,125.5,1928.01889,0.03023
31.0,125.5,1926.72172,-0.19891
32.0,125.5,1929.9867,-0.15379
33.0,125.5,1929.53538,-0.00465
34.0,125.5,1925.46403,0.06088
35.0,125.5,1921.34909,0.02659
36.0,125.5,1929.61917,-0.23568
37.0,125.5,1928.80149,0.14033
38.0,125.5,1930.85924,0.03997
39.0,125.5,1928.80637,0.01614
40.0,125.5,1929.85879,0.03604
41.0,125.5,1916.96072,0.01869
42.0,125.5,1920.10311,0.01014
43.0,125.5,1923.39518,0.00688
44.0,125.5,1923.50389,0.00363
45.0,125.5,1922.50222,0.00901
46.0,125.5,1924.12311,0.02209
47.0,125.5,1918.87544,0.02217
48.0,125.5,1914.32362,0.01025
49.0,125.5,1908.79299,0.01495
50.0,125.5,1900.49438,0.01025
51.0,125.5,1893.06188,-0.0016
52.0,125.5,1885.91854,0.00705
53.0,125.5,1887.26296,-0.00052
54.0,125.5,1888.93123,-0.24418
55.0,125.5,1882.75323,-0.07322
56.0,125.5,1878.12992,0.01179
57.0,125.5,1877.52698,0.09212
58.0,125.5,1875.579,0.01616
59.0,125.5,1875.54819,0.0207
60.0,125.5,1879.26475,0.04023
61.0,125.5,1881.82901,0.02569
62.0,125.5,1885.31322,0.03657
63.0,125.5,1884.87634,0.03479
64.0,125.5,1883.45027,0.02896
65.0,125.5,1879.83828,0.02787
66.0,125.5,1879.79335,0.02689
67.0,125.5,1879.70252,0.02043
68.0,125.5,1878.36243,0.02436
69.0,125.5,1876.68362,0.01368
70.0,125.5,1873.96268,0.02989
71.0,125.5,1878.22363,0.04614
72.0,125.5,1885.36469,0.04079
73.0,125.5,1878.90419,0.0258
74.0,125.5,1872.54584,-0.10315
-11.0,126.5,1901.4362,0.50961
-10.0,126.5,1908.93663,-0.05152
-9.0,126.5,1869.6058,-0.15141
-8.0,126.5,1856.65937,-0.42075
-7.0,126.5,1878.68591,-0.03989
-6.0,126.5,1888.64251,-0.11487
-5.0,126.5,1912.65412,-0.37739
-4.0,126.5,1877.34349,0.1574
-3.0,126.5,1881.46808,0.305
-2.0,126.5,1885.47534,1.02562
-1.0,126.5,1892.11522,-0.14021
0.0,126.5,1899.99428,-0.10911
1.0,126.5,1894.36533,0.12867
2.0,126.5,1899.86907,0.25586
3.0,126.5,1907.51464,0.18575
4.0,126.5,1891.90504,1.26871
5.0,126.5,1914.20672,-2.08797
6.0,126.5,1920.86018,-0.15821
7.0,126.5,1903.98337,-0.05461
8.0,126.5,1890.55029,-0.06099
9.0,126.5,1899.31583,-0.15149
10.0,126.5,1895.00578,0.32877
11.0,126.5,1898.10814,-1.101
12.0,126.5,1897.04763,0.20949
13.0,126.5,1895.45024,1.97977
14.0,126.5,1893.49718,-0.27491
15.0,126.5,1897.92194,-0.13794
16.0,126.5,1898.86556,-0.49671
17.0,126.5,1918.39328,-0.23077
18.0,126.5,1907.25627,0.01081
19.0,126.5,1921.38297,-0.70701
20.0,126.5,1925.10154,0.41192
21.0,126.5,1921.66818,0.03696
22.0,126.5,1921.71897,-0.04926
23.0,126.5,1919.52347,0.01111
24.0,126.5,1917.18741,0.00612
25.0,126.5,1917.60694,0.00765
26.0,126.5,1920.53175,-0.01398
27.0,126.5,1918.63902,-0.15573
28.0,126.5,1924.89198,-0.00981
29.0,126.5,1925.4087,0.07188
30.0,126.5,1933.93568,0.05414
31.0,126.5,1935.01797,-0.00494
32.0,126.5,1932.9152,-0.04743
33.0,126.5,1923.164,-0.17502
34.0,126.5,1919.81386,0.0169
35.0,126.5,1927.16861,-0.01013
36.0,126.5,1928.31192,0.10797
37.0,126.5,1923.04045,0.04196
38.0,126.5,1930.20028,0.02289
39.0,126.5,1927.84408,0.09016
40.0,126.5,1920.21905,0.06258
41.0,126.5,1937.76276,0.01001
42.0,126.5,1911.42065,0.0151
43.0,126.5,1917.7132,0.02274
44.0,126.5,1919.59241,0.00366
45.0,126.5,1921.27999,0.01878
46.0,126.5,1921.69578,0.01975
47.0,126.5,1919.48336,0.01201
48.0,126.5,1913.35815,0.01188
49.0,126.5,1905.17329,0.02341
50.0,126.5,1896.6151,0.0027
51.0,126.5,1893.69317,-0.00076
52.0,126.5,1889.8943,0.00245
53.0,126.5,1892.32175,0.00072
54.0,126.5,1890.84934,0.01867
55.0,126.5,1888.82065,0.01233
56.0,126.5,1877.51383,0.01689
57.0,126.5,1870.66947,-0.04129
58.0,126.5,1879.58777,0.02002
59.0,126.5,1875.94899,0.0034
60.0,126.5,1879.72192,0.02511
61.0,126.5,1879.64655,0.02679
62.0,126.5,1883.52594,0.03574
63.0,126.5,1888.1001,0.03938
64.0,126.5,1876.06104,0.02542
65.0,126.5,1876.52445,0.08598
66.0,126.5,1872.07521,0.1255
67.0,126.5,1867.74326,0.00694
68.0,126.5,1870.98553,0.02179
69.0,126.5,1870.62962,-0.00324
70.0,126.5,1873.31741,0.04546
71.0,126.5,1880.8761,0.04951
72.0,126.5,1882.54215,0.03033
73.0,126.5,1877.83404,0.00163
74.0,126.5,1870.38004,-0.08312
-11.0,127.5,1873.30388,4.34415
-10.0,127.5,1885.1087,-0.64837
-9.0,127.5,1859.05399,-0.426
-8.0,127.5,1852.79878,-0.18342
-7.0,127.5,1881.9232,-0.22205
-6.0,127.5,1893.43981,-0.10492
-5.0,127.5,1904.41046,1.48086
-4.0,127.5,1884.94164,-0.22722
-3.0,127.5,1864.52424,-0.51076
-2.0,127.5,1893.34237,0.62573
-1.0,127.5,1870.69065,0.11974
0.0,127.5,1857.3533,-0.24592
1.0,127.5,1876.68963,0.02901
2.0,127.5,1880.01683,-0.00504
3.0,127.5,1894.43832,0.01835
4.0,127.5,1905.82041,33.97118
5.0,127.5,1908.66358,0.78509
6.0,127.5,1924.9344,-0.68646
7.0,127.5,1922.25617,-0.35608
8.0,127.5,1923.61034,-0.21877
9.0,127.5,1909.18305,0.06444
10.0,127.5,1884.53436,0.93301
11.0,127.5,1896.14713,0.16548
12.0,127.5,1901.31643,-1.47222
13.0,127.5,1909.20127,-2.05621
14.0,127.5,1909.28982,0.24573
15.0,127.5,1907.8943,-0.15694
16.0,127.5,1895.85304,-0.09259
17.0,127.5,1912.47774,0.21228
18.0,127.5,1917.83769,-0.05189
19.0,127.5,1921.75906,-0.43961
20.0,127.5,1913.20915,-0.00832
21.0,127.5,1913.3,-0.1107
22.0,127.5,1918.65422,-0.09432
23.0,127.5,1922.64452,-0.23462
24.0,127.5,1925.12156,0.07153
25.0,127.5,1926.71578,-0.0199
26.0,127.5,1918.41339,0.00616
27.0,127.5,1922.62678,-0.24335
28.0,127.5,1923.60717,0.26148
29.0,127.5,1943.7262,-0.2312
30.0,127.5,1941.12992,0.12812
31.0,127.5,1930.66337,-0.00648
32.0,127.5,1923.96797,-0.00953
33.0,127.5,1920.52077,-0.01255
34.0,127.5,1915.44824,-0.08882
35.0,127.5,1918.84826,0.04192
36.0,127.5,1930.35978,0.09025
37.0,127.5,1934.16395,0.03409
38.0,127.5,1929.23258,0.02052
39.0,127.5,1910.2953,0.0134
40.0,127.5,1917.72067,0.06804
41.0,127.5,1905.92758,-0.0376
42.0,127.5,1902.33196,0.00962
43.0,127.5,1910.32622,0.00377
44.0,127.5,1913.63374,0.01351
45.0,127.5,1914.16515,0.027
46.0,127.5,1916.86391,0.0121
47.0,127.5,1914.04986,0.01509
48.0,127.5,1904.54854,0.0226
49.0,127.5,1898.80124,0.0201
50.0,127.5,1903.50274,-0.00086
51.0,127.5,1895.85254,-0.00277
52.0,127.5,1893.90176,0.00025
53.0,127.5,1891.05663,-0.00024
54.0,127.5,1881.01061,-0.00297
55.0,127.5,1887.07045,0.00459
56.0,127.5,1876.98835,0.21346
57.0,127.5,1872.18858,2.69053
58.0,127.5,1877.43738,0.04461
59.0,127.5,1878.29105,0.00252
60.0,127.5,1878.72314,0.02502
61.0,127.5,1881.05679,0.02855
62.0,127.5,1887.08587,0.03882
63.0,127.5,1890.78846,0.03848
64.0,127.5,1881.82261,0.02443
65.0,127.5,1866.79539,0.01403
66.0,127.5,1862.48052,0.02261
69.0,127.5,1859.74761,-0.09897
70.0,127.5,1871.04489,-0.00442
71.0,127.5,1872.30881,0.04506
72.0,127.5,1884.1031,0.0128
73.0,127.5,1876.72946,0.00334
74.0,127.5,1867.66173,-0.69035
-11.0,128.5,1868.06059,-1.00795
-10.0,128.5,1881.48323,-1.28089
-9.0,128.5,1880.84297,0.53241
-8.0,128.5,1856.07906,0.27715
-7.0,128.5,1845.70064,0.84637
-6.0,128.5,1883.97686,0.40481
-5.0,128.5,1890.31798,-0.47698
-4.0,128.5,1900.14523,1.95374
-3.0,128.5,1874.44248,0.02608
-2.0,128.5,1896.0056,-0.02692
-1.0,128.5,1890.69394,-0.09927
0.0,128.5,1896.26441,-0.02966
1.0,128.5,1863.70466,0.61294
2.0,128.5,1876.55554,-0.03666
3.0,128.5,1876.19445,-6.58665
4.0,128.5,1896.25355,0.45601
5.0,128.5,1909.48766,-0.7931
6.0,128.5,1919.21402,-0.91606
7.0,128.5,1920.47738,-0.97576
8.0,128.5,1928.31298,0.04061
9.0,128.5,1908.54517,-0.00584
10.0,128.5,1897.01571,0.52134
11.0,128.5,1906.88862,-0.18438
12.0,128.5,1895.08038,-1.08102
13.0,128.5,1898.3523,0.38388
14.0,128.5,1913.38111,0.29407
15.0,128.5,1914.87471,0.00722
16.0,128.5,1914.61178,-0.08013
17.0,128.5,1905.52605,1.32249
18.0,128.5,1913.50752,1.88345
19.0,128.5,1924.08742,0.04976
20.0,128.5,1922.87019,-0.0022
21.0,128.5,1920.66947,-0.04524
22.0,128.5,1916.92141,-0.11776
23.0,128.5,1918.97317,0.00212
24.0,128.5,1919.5325,0.61258
25.0,128.5,1919.4072,0.03465
26.0,128.5,1928.87621,0.04531
27.0,128.5,1908.40287,-0.03393
28.0,128.5,1911.50925,-0.11374
29.0,128.5,1918.7464,-0.03197
30.0,128.5,1924.81736,0.20774
31.0,128.5,1926.36471,0.04184
32.0,128.5,1923.37873,0.01368
33.0,128.5,1918.58331,0.00072
34.0,128.5,1921.32019,0.3552
35.0,128.5,1917.81216,0.0956
36.0,128.5,1932.20243,0.05775
37.0,128.5,1929.27024,0.04524
38.0,128.5,1891.99974,0.06198
39.0,128.5,1911.90193,0.09063
40.0,128.5,1918.06077,0.13172
41.0,128.5,1917.26076,-0.01688
42.0,128.5,1903.39183,0.00643
43.0,128.5,1912.35373,0.01417
44.0,128.5,1916.54635,0.01376
45.0,128.5,1910.7745,-0.0477
46.0,128.5,1911.98718,0.01339
47.0,128.5,1899.79035,0.01795
48.0,128.5,1896.01567,0.01377
49.0,128.5,1899.55386,0.01298
50.0,128.5,1908.75636,-0.00167
51.0,128.5,1903.54324,-0.00648
52.0,128.5,1896.25199,-0.00274
53.0,128.5,1895.88138,0.00717
54.0,128.5,1889.9588,0.02847
55.0,128.5,1883.94724,0.01383
56.0,128.5,1878.1903,0.01273
57.0,128.5,1876.12151,-0.23528
58.0,128.5,1876.65777,-0.02742
59.0,128.5,1877.39926,0.01144
60.0,128.5,1878.47574,0.03082
61.0,128.5,1880.8899,0.02412
62.0,128.5,1883.13048,0.03488
63.0,128.5,1885.79622,0.03425
64.0,128.5,1880.9897,0.02777
66.0,128.5,1857.03435,0.09273
67.0,128.5,1863.56301,-0.05629
68.0,128.5,1836.89405,0.25072
69.0,128.5,1825.40177,-0.05227
70.0,128.5,1865.86468,0.02525
71.0,128.5,1886.97346,0.03032
72.0,128.5,1884.73459,0.00773
73.0,128.5,1875.96163,-0.00155
74.0,128.5,1873.7998,2.18676
-11.0,129.5,1899.61439,0.27135
-10.0,129.5,1882.56037,1.08998
-9.0,129.5,1870.04549,-0.08376
-8.0,129.5,1847.98709,0.19676
-7.0,129.5,1864.88828,-0.11172
-6.0,129.5,1884.23304,-0.1353
-5.0,129.5,1892.88488,0.68407
-4.0,129.5,1906.33576,0.27534
-3.0,129.5,1872.97269,0.82213
-2.0,129.5,1891.06387,-0.34932
-1.0,129.5,1889.10438,0.09551
0.0,129.5,1877.35336,2.49079
1.0,129.5,1901.16524,-0.51348
2.0,129.5,1910.88694,-0.48996
3.0,129.5,1899.966,2.71446
4.0,129.5,1887.97186,0.96349
5.0,129.5,1882.25004,0.60586
6.0,129.5,1901.98683,0.09146
7.0,129.5,1898.86331,-0.18457
8.0,129.5,1915.96946,-0.1905
9.0,129.5,1917.37211,-0.38459
10.0,129.5,1899.48151,1.49602
11.0,129.5,1884.62445,-3.14993
12.0,129.5,1898.5747,-0.04201
13.0,129.5,1901.99741,0.7812
14.0,129.5,1902.8215,-7.64076
15.0,129.5,1905.36828,-1.63128
16.0,129.5,1908.47195,0.48304
17.0,129.5,1919.04587,-0.8083
18.0,129.5,1920.77191,-0.06235
19.0,129.5,1920.02621,0.03541
20.0,129.5,1917.53034,-0.29165
21.0,129.5,1914.08307,-0.52613
22.0,129.5,1910.75702,0.01736
23.0,129.5,1918.20293,-0.09572
24.0,129.5,1913.9683,-0.06112
25.0,129.5,1915.67415,-0.00091
26.0,129.5,1912.63775,0.00894
27.0,129.5,1919.39299,-0.0199
28.0,129.5,1910.03222,-0.06613
29.0,129.5,1920.33528,-0.115
30.0,129.5,1924.82467,0.05056
31.0,129.5,1919.43746,-0.0229
32.0,129.5,1920.45185,0.00879
33.0,129.5,1907.2072,0.01532
34.0,129.5,1911.13826,0.00634
35.0,129.5,1916.71645,0.02877
36.0,129.5,1912.78279,0.02053
37.0,129.5,1910.61748,0.15697
38.0,129.5,1920.61878,0.01171
39.0,129.5,1917.65747,-0.00752
40.0,129.5,1922.70606,0.02969
41.0,129.5,1908.70434,0.03792
42.0,129.5,1906.34639,0.00549
43.0,129.5,1918.49037,0.00274
44.0,129.5,1912.59676,0.01451
45.0,129.5,1917.27981,0.10984
46.0,129.5,1915.58746,0.04756
47.0,129.5,1907.33902,-0.00331
48.0,129.5,1895.35299,0.01329
49.0,129.5,1898.49425,0.00927
50.0,129.5,1904.20894,-0.00221
51.0,129.5,1897.90999,0.00783
52.0,129.5,1894.63748,0.01858
53.0,129.5,1897.40416,0.01434
54.0,129.5,1892.31104,0.01912
55.0,129.5,1888.87684,0.04678
56.0,129.5,1879.50976,0.12478
57.0,129.5,1878.36508,0.01559
58.0,129.5,1875.42759,0.1437
59.0,129.5,1875.65632,0.02239
60.0,129.5,1878.35027,0.02914
61.0,129.5,1880.13048,0.03117
62.0,129.5,1886.5944,0.02455
63.0,129.5,1884.73812,0.02028
64.0,129.5,1884.24246,0.03963
65.0,129.5,1869.41235,0.0376
66.0,129.5,1865.03696,0.22389
67.0,129.5,1870.84529,-0.00018
68.0,129.5,1855.24629,0.57646
69.0,129.5,1858.05192,0.10484
70.0,129.5,1871.56598,0.08892
71.0,129.5,1881.74748,-0.0188
72.0,129.5,1877.56277,0.03502
73.0,129.5,1872.00548,-0.17318
-11.0,130.5,1866.33873,0.0484
-10.0,130.5,1881.41998,0.71488
-9.0,130.5,1869.85404,0.29486
-8.0,130.5,1843.29613,-0.03298
-7.0,130.5,1875.16497,0.20247
-6.0,130.5,1890.60006,0.17411
-5.0,130.5,1886.37461,0.43478
-4.0,130.5,1876.79234,0.30663
-3.0,130.5,1875.69418,1.64606
-2.0,130.5,1864.34296,1.31042
-1.0,130.5,1868.49773,2.39949
0.0,130.5,1876.61544,1.73208
1.0,130.5,1900.70064,0.05171
2.0,130.5,1905.40146,0.79194
3.0,130.5,1888.67219,1.69871
4.0,130.5,1889.26316,0.05137
5.0,130.5,1904.3323,-0.21969
6.0,130.5,1914.58695,0.05631
7.0,130.5,1899.22437,-0.8934
8.0,130.5,1911.88891,-0.18245
9.0,130.5,1909.35477,-0.07899
10.0,130.5,1904.87553,-0.78035
11.0,130.5,1906.66386,-0.3005
12.0,130.5,1906.58103,0.15011
13.0,130.5,1907.26838,0.03417
14.0,130.5,1894.82427,0.43187
15.0,130.5,1910.97558,0.17201
16.0,130.5,1915.46177,-0.33143
17.0,130.5,1916.91393,-0.09501
18.0,130.5,1920.24037,-0.10285
19.0,130.5,1918.44404,0.01208
20.0,130.5,1918.83712,0.01796
21.0,130.5,1911.31517,-0.01584
22.0,130.5,1917.75646,-0.04664
23.0,130.5,1917.45058,-0.04931
24.0,130.5,1925.72654,1.2387
25.0,130.5,1925.37996,0.01168
26.0,130.5,1921.29978,0.02235
27.0,130.5,1924.41929,-0.01005
28.0,130.5,1924.14693,-0.2737
29.0,130.5,1929.9388,-0.08228
30.0,130.5,1927.65482,0.3397
31.0,130.5,1914.98692,-0.05445
32.0,130.5,1910.2752,0.01521
33.0,130.5,1923.02826,0.03937
34.0,130.5,1915.99164,0.03199
35.0,130.5,1926.3493,0.00316
36.0,130.5,1921.2262,-0.01882
37.0,130.5,1924.19736,-0.0045
38.0,130.5,1920.23898,0.01119
39.0,130.5,1915.37961,0.02532
40.0,130.5,1930.70254,0.04658
41.0,130.5,1923.45315,-0.68922
42.0,130.5,1916.1142,-0.14492
43.0,130.5,1913.65496,0.00802
44.0,130.5,1910.57406,0.01885
45.0,130.5,1917.28044,0.01294
46.0,130.5,1917.93419,0.01406
47.0,130.5,1918.6536,0.01535
48.0,130.5,1903.59187,0.0337
49.0,130.5,1897.96654,0.00712
50.0,130.5,1894.7714,-0.00477
51.0,130.5,1895.00595,-0.00473
52.0,130.5,1894.25509,0.01673
53.0,130.5,1896.63429,0.02304
54.0,130.5,1892.3299,-0.0664
55.0,130.5,1887.78283,0.06263
56.0,130.5,1878.61147,0.03126
57.0,130.5,1880.94183,-0.13429
58.0,130.5,1879.10093,-0.03265
59.0,130.5,1874.78348,0.01953
60.0,130.5,1880.55569,0.0174
61.0,130.5,1879.36357,0.01987
62.0,130.5,1883.36761,0.02973
63.0,130.5,1885.00831,0.02473
64.0,130.5,1880.37697,0.02009
65.0,130.5,1866.15726,0.08384
66.0,130.5,1873.53375,0.09315
67.0,130.5,1874.41592,0.02202
68.0,130.5,1873.01407,0.01644
69.0,130.5,1873.13219,-0.05874
70.0,130.5,1879.26569,0.02244
71.0,130.5,1879.1451,0.03167
72.0,130.5,1877.96451,0.0921
73.0,130.5,1880.80773,0.04642
-11.0,131.5,1860.67096,0.1419
-10.0,131.5,1879.28963,-1.09473
-9.0,131.5,1897.5215,0.40001
-8.0,131.5,1841.65703,-0.94933
-7.0,131.5,1832.66163,-0.15314
-6.0,131.5,1892.05628,1.2203
-5.0,131.5,1875.06659,0.39782
-4.0,131.5,1869.792,0.91477
-3.0,131.5,1890.02218,-0.25801
-2.0,131.5,1863.78178,-0.58411
-1.0,131.5,1862.50699,0.12736
0.0,131.5,1896.19456,-0.46972
1.0,131.5,1902.07742,0.02207
2.0,131.5,1900.09038,-0.09037
3.0,131.5,1888.87468,-1.52198
4.0,131.5,1878.28016,0.44518
5.0,131.5,1900.20223,0.07186
6.0,131.5,1901.87845,-0.17279
7.0,131.5,1909.8033,13.36096
8.0,131.5,1920.899,1.19752
9.0,131.5,1895.4356,-0.19458
10.0,131.5,1891.10652,0.01819
11.0,131.5,1894.48721,-1.77944
12.0,131.5,1908.60339,-12.16427
13.0,131.5,1906.6478,2.31975
14.0,131.5,1910.78285,1.17388
15.0,131.5,1909.56423,0.024
16.0,131.5,1909.85303,3.82207
17.0,131.5,1909.01335,0.03968
18.0,131.5,1909.96607,0.04507
19.0,131.5,1921.00422,-0.03738
20.0,131.5,1926.67174,-0.33244
21.0,131.5,1921.86308,-0.11857
22.0,131.5,1919.89298,-0.03051
23.0,131.5,1920.40181,-0.16829
24.0,131.5,1920.0556,-0.20643
25.0,131.5,1922.16842,0.19112
26.0,131.5,1922.68979,-0.03714
27.0,131.5,1930.91286,-0.08884
28.0,131.5,1932.54821,0.05099
29.0,131.5,1930.32241,-0.00764
30.0,131.5,1934.90499,0.15871
31.0,131.5,1926.41943,-35.1866
32.0,131.5,1918.41153,0.0381
33.0,131.5,1908.45702,0.03096
34.0,131.5,1909.41282,0.03693
35.0,131.5,1919.34303,0.00484
36.0,131.5,1923.13099,0.0322
37.0,131.5,1920.24211,0.05778
38.0,131.5,1926.89233,0.01908
39.0,131.5,1922.53983,0.07538
40.0,131.5,1932.35114,0.06439
41.0,131.5,1921.54598,-0.13663
42.0,131.5,1924.21222,0.10274
43.0,131.5,1905.97945,-0.02209
44.0,131.5,1916.34939,0.0295
45.0,131.5,1919.23781,0.02322
46.0,131.5,1918.5537,0.01604
47.0,131.5,1920.76147,0.00576
48.0,131.5,1908.28122,0.02167
49.0,131.5,1894.3539,0.02616
50.0,131.5,1894.87049,-0.00534
51.0,131.5,1890.38867,-0.06024
52.0,131.5,1892.38238,-0.00634
53.0,131.5,1892.07556,-0.01112
54.0,131.5,1891.64518,-0.0357
55.0,131.5,1885.93136,0.60887
56.0,131.5,1877.30249,0.02296
57.0,131.5,1884.89379,-0.12124
58.0,131.5,1874.37938,0.0294
59.0,131.5,1874.04199,0.00877
60.0,131.5,1879.21757,0.01682
61.0,131.5,1878.55462,0.01855
62.0,131.5,1880.89917,0.03719
63.0,131.5,1882.92218,0.02477
64.0,131.5,1882.12855,0.03418
65.0,131.5,1866.86845,-0.02033
66.0,131.5,1875.09698,0.02121
67.0,131.5,1878.46279,0.01212
68.0,131.5,1876.22875,0.0181
69.0,131.5,1878.34289,0.01093
70.0,131.5,1884.0901,0.01011
71.0,131.5,1880.40766,0.00996
72.0,131.5,1864.31365,0.10576
-11.0,132.5,1834.09608,0.11563
-10.0,132.5,1852.45838,0.34967
-9.0,132.5,1872.40003,0.00389
-8.0,132.5,1864.44858,0.27618
-7.0,132.5,1868.58364,0.0212
-6.0,132.5,1836.44788,-1.48288
-5.0,132.5,1872.9127,-0.72362
-4.0,132.5,1872.99949,0.07941
-3.0,132.5,1877.38256,-0.79103
-2.0,132.5,1863.09774,-0.20527
-1.0,132.5,1880.48412,-0.10326
0.0,132.5,1905.11693,0.32388
1.0,132.5,1893.93591,0.86766
2.0,132.5,1903.07485,0.42167
3.0,132.5,1901.80184,-0.33058
4.0,132.5,1887.89973,-0.30246
5.0,132.5,1910.20403,-0.01095
6.0,132.5,1906.85851,-2.37591
7.0,132.5,1881.19967,16.18402
8.0,132.5,1890.4931,-0.05154
9.0,132.5,1916.51876,-0.41269
10.0,132.5,1919.27864,-0.02227
11.0,132.5,1910.49113,-0.06367
12.0,132.5,1919.16412,-0.44528
13.0,132.5,1907.36511,1.01815
14.0,132.5,1905.69714,0.1014
15.0,132.5,1901.60368,-0.19522
16.0,132.5,1903.50869,0.10422
17.0,132.5,1902.02545,0.00981
18.0,132.5,1912.79252,0.0486
19.0,132.5,1914.57437,-0.13097
20.0,132.5,1906.55645,3.32283
21.0,132.5,1908.82803,-1.06917
22.0,132.5,1902.22872,-2.98527
23.0,132.5,1915.46184,0.16407
24.0,132.5,1919.69532,0.03788
25.0,132.5,1924.94323,0.00275
26.0,132.5,1923.50211,0.00362
27.0,132.5,1926.79351,0.04244
28.0,132.5,1915.01049,0.05294
29.0,132.5,1920.33947,0.05002
30.0,132.5,1929.34187,-0.00823
31.0,132.5,1925.11421,-0.07409
32.0,132.5,1927.79421,0.00574
33.0,132.5,1908.11547,0.07456
34.0,132.5,1903.07048,0.08729
35.0,132.5,1913.29705,0.05023
36.0,132.5,1924.0167,0.03816
37.0,132.5,1920.26561,-0.21568
38.0,132.5,1921.50454,0.07089
39.0,132.5,1930.01734,-0.06022
40.0,132.5,1936.27847,0.13048
41.0,132.5,1916.6535,0.14924
42.0,132.5,1911.32668,-0.00108
43.0,132.5,1905.52901,-0.02815
44.0,132.5,1913.49493,0.0258
45.0,132.5,1898.22067,0.00793
46.0,132.5,1921.62744,0.01156
47.0,132.5,1921.08703,0.01067
48.0,132.5,1911.58017,0.00718
49.0,132.5,1901.64763,0.01759
50.0,132.5,1895.08282,-0.00862
51.0,132.5,1893.5141,-0.02708
52.0,132.5,1889.39521,0.14689
53.0,132.5,1886.05888,0.01694
54.0,132.5,1894.73151,-0.01447
55.0,132.5,1882.37727,0.09103
56.0,132.5,1877.26978,-0.00889
57.0,132.5,1881.22532,-0.03188
58.0,132.5,1876.79629,0.04229
59.0,132.5,1875.54417,0.01143
60.0,132.5,1877.63629,0.01955
61.0,132.5,1879.19505,0.02191
62.0,132.5,1882.42496,0.03133
63.0,132.5,1884.05435,0.02762
64.0,132.5,1879.44137,0.0545
65.0,132.5,1870.56614,-1.08742
66.0,132.5,1876.48297,0.02542
67.0,132.5,1879.758,0.00819
68.0,132.5,1879.06881,0.01861
69.0,132.5,1879.96826,0.01329
70.0,132.5,1882.735,0.00382
71.0,132.5,1885.17546,0.00902
72.0,132.5,1885.9943,0.0277
-11.0,133.5,1865.32434,-0.94811
-10.0,133.5,1877.57728,1.38393
-9.0,133.5,1872.20068,0.54188
-8.0,133.5,1877.13964,0.74906
-7.0,133.5,1877.96718,1.5394
-6.0,133.5,1871.74543,-0.53135
-5.0,133.5,1863.83381,-0.24549
-4.0,133.5,1849.84354,0.01961
-3.0,133.5,1856.57017,-1.13459
-2.0,133.5,1893.05986,-0.22601
-1.0,133.5,1862.6068,0.31837
0.0,133.5,1883.26012,-0.49657
1.0,133.5,1891.09637,0.65467
2.0,133.5,1880.7985,-0.05041
3.0,133.5,1902.10753,-0.00091
4.0,133.5,1889.68271,-0.05589
5.0,133.5,1899.98027,-0.14078
6.0,133.5,1892.52076,-1.55962
7.0,133.5,1874.80832,2.3286
8.0,133.5,1868.24982,1.89532
9.0,133.5,1918.90964,-0.09158
10.0,133.5,1911.98263,-0.1113
11.0,133.5,1899.43479,-0.48138
12.0,133.5,1923.897,-5.40533
13.0,133.5,1899.46372,-0.30727
14.0,133.5,1902.29351,-2.50502
15.0,133.5,1902.17151,-3.24212
16.0,133.5,1900.82457,-0.68092
17.0,133.5,1901.92248,0.07402
18.0,133.5,1913.36049,-0.16267
19.0,133.5,1905.75222,-0.67733
20.0,133.5,1912.59571,-0.05095
21.0,133.5,1916.81835,-0.25245
22.0,133.5,1915.57096,1.30532
23.0,133.5,1918.99915,-0.03702
24.0,133.5,1923.61689,-1.56883
25.0,133.5,1928.14079,-0.00768
26.0,133.5,1925.03444,-0.08302
27.0,133.5,1932.47549,0.04887
28.0,133.5,1912.15564,-0.00986
29.0,133.5,1918.11226,-0.04417
30.0,133.5,1921.17143,-0.0344
31.0,133.5,1923.54243,0.01613
32.0,133.5,1923.2438,0.0334
33.0,133.5,1913.14232,0.05172
34.0,133.5,1915.34007,0.14136
35.0,133.5,1923.08933,0.03134
36.0,133.5,1923.13823,0.01763
37.0,133.5,1925.03134,0.0035
38.0,133.5,1923.56243,0.02313
39.0,133.5,1923.98961,-0.09014
40.0,133.5,1922.54144,0.1664
41.0,133.5,1923.34625,0.02202
42.0,133.5,1918.71458,-0.25943
43.0,133.5,1910.69009,0.00696
44.0,133.5,1905.76416,0.06568
45.0,133.5,1911.92739,0.01929
46.0,133.5,1917.43677,0.00635
47.0,133.5,1911.57046,-0.01077
48.0,133.5,1911.28944,-0.0127
49.0,133.5,1903.01475,-0.00602
50.0,133.5,1892.11171,-0.04067
51.0,133.5,1889.53445,0.02064
52.0,133.5,1883.25597,-0.01288
53.0,133.5,1878.68608,-0.075
54.0,133.5,1892.75106,0.01672
55.0,133.5,1895.32309,-0.83397
56.0,133.5,1876.64147,0.01195
57.0,133.5,1876.62071,0.02387
58.0,133.5,1876.69434,0.02362
59.0,133.5,1876.05475,0.01908
60.0,133.5,1878.90794,0.01979
61.0,133.5,1882.28248,0.02351
62.0,133.5,1884.60625,0.03045
63.0,133.5,1883.71347,0.02764
64.0,133.5,1879.00271,0.03302
65.0,133.5,1869.59334,0.0925
66.0,133.5,1879.30886,0.01845
67.0,133.5,1880.51827,0.01439
68.0,133.5,1880.6544,0.01649
69.0,133.5,1880.07422,0.01657
70.0,133.5,1879.21247,0.01545
71.0,133.5,1884.68063,0.00555
72.0,133.5,1879.47999,-0.03815
-11.0,134.5,1897.98117,-1.98324
-10.0,134.5,1881.69987,3.24388
-9.0,134.5,1858.93369,0.08829
-8.0,134.5,1860.12245,-0.08371
-7.0,134.5,1822.13413,0.30453
-6.0,134.5,1831.21555,-0.07497
-5.0,134.5,1879.62664,-0.21584
-4.0,134.5,1858.58156,0.28166
-3.0,134.5,1857.64637,-1.06509
-2.0,134.5,1878.6797,0.32701
-1.0,134.5,1880.38294,0.71834
0.0,134.5,1886.33246,0.07899
1.0,134.5,1874.47026,0.6334
2.0,134.5,1877.95291,0.15479
3.0,134.5,1916.44675,-0.26137
4.0,134.5,1883.0647,0.64675
5.0,134.5,1885.48391,-5.51343
6.0,134.5,1898.57195,0.10305
7.0,134.5,1888.33293,-0.08951
8.0,134.5,1894.67055,0.12018
9.0,134.5,1921.28137,-1.94404
10.0,134.5,1914.34727,-0.38108
11.0,134.5,1902.40944,-0.07918
12.0,134.5,1892.2082,-0.0103
13.0,134.5,1893.35121,-0.33728
14.0,134.5,1899.61062,0.51889
15.0,134.5,1910.52262,-0.33949
16.0,134.5,1904.64082,80.87145
17.0,134.5,1910.84216,0.44401
18.0,134.5,1914.99432,-0.17244
19.0,134.5,1914.43117,-0.17859
20.0,134.5,1918.88575,-0.09286
21.0,134.5,1917.34533,0.04688
22.0,134.5,1924.0809,-0.02536
23.0,134.5,1918.24484,0.21712
24.0,134.5,1920.25697,-0.12027
25.0,134.5,1907.39806,-0.58772
26.0,134.5,1922.14568,0.29317
27.0,134.5,1932.79767,0.09174
28.0,134.5,1924.623,0.00324
29.0,134.5,1920.55041,0.03749
30.0,134.5,1917.40134,-0.0837
31.0,134.5,1927.52793,0.01199
32.0,134.5,1928.87046,-0.00268
33.0,134.5,1924.18908,0.02837
34.0,134.5,1897.78167,0.06839
35.0,134.5,1919.93387,0.30461
36.0,134.5,1926.51294,-0.2134
37.0,134.5,1932.4863,0.01854
38.0,134.5,1924.30301,0.01334
39.0,134.5,1917.26335,-0.00721
40.0,134.5,1920.45216,0.04739
41.0,134.5,1925.04198,0.10704
42.0,134.5,1922.76822,0.04638
43.0,134.5,1904.03075,0.06185
44.0,134.5,1902.76469,-0.06451
45.0,134.5,1901.19878,0.01448
46.0,134.5,1907.9635,0.02869
47.0,134.5,1906.80469,0.00899
48.0,134.5,1912.49304,-0.00278
49.0,134.5,1906.80425,0.01379
50.0,134.5,1896.28315,-0.09752
51.0,134.5,1887.95864,0.021
52.0,134.5,1875.51537,-0.33263
53.0,134.5,1878.75624,0.01475
54.0,134.5,1889.23171,0.02923
55.0,134.5,1893.07025,0.01241
56.0,134.5,1876.36201,0.08054
57.0,134.5,1877.35202,0.02438
58.0,134.5,1879.49783,0.06203
59.0,134.5,1880.43415,0.03505
60.0,134.5,1879.64319,0.01789
61.0,134.5,1884.46309,0.02296
62.0,134.5,1885.25509,0.02715
63.0,134.5,1885.67638,0.0257
64.0,134.5,1880.43364,0.0006
65.0,134.5,1872.32909,0.03544
66.0,134.5,1878.54047,0.01344
67.0,134.5,1879.28005,0.00484
68.0,134.5,1879.78164,0.00932
69.0,134.5,1879.99851,0.01589
70.0,134.5,1879.51997,0.032
71.0,134.5,1884.24501,0.00268
72.0,134.5,1888.97262,-0.06177
-11.0,135.5,1875.0969,-0.71141
-10.0,135.5,1853.61267,-3.21003
-7.0,135.5,1865.60758,-0.23616
-6.0,135.5,1875.00011,-0.17829
-5.0,135.5,1888.51009,0.56272
-4.0,135.5,1852.75331,1.31197
-3.0,135.5,1889.9207,-1.20932
-2.0,135.5,1893.51727,-1.90508
-1.0,135.5,1871.75144,-4.05924
0.0,135.5,1888.86128,0.47881
1.0,135.5,1882.36011,0.21388
2.0,135.5,1893.99377,0.36832
3.0,135.5,1914.32897,-0.00547
4.0,135.5,1910.0817,0.01264
5.0,135.5,1885.51526,-0.876
6.0,135.5,1884.10565,0.04013
7.0,135.5,1897.70464,-0.76254
8.0,135.5,1889.70152,0.18406
9.0,135.5,1880.65439,-8.59541
10.0,135.5,1881.14825,0.42604
11.0,135.5,1894.40066,0.97025
12.0,135.5,1905.52942,-1.11889
13.0,135.5,1897.98544,0.52488
14.0,135.5,1892.94947,-1.48737
15.0,135.5,1900.63668,-0.92266
16.0,135.5,1909.2561,1.29106
17.0,135.5,1906.45869,0.53532
18.0,135.5,1915.82149,0.15614
19.0,135.5,1917.1726,-0.10561
20.0,135.5,1914.29408,-0.05342
21.0,135.5,1929.96947,0.35334
22.0,135.5,1920.92873,-2.35875
23.0,135.5,1934.5568,-0.22303
24.0,135.5,1924.31921,0.10604
25.0,135.5,1920.1163,0.00643
26.0,135.5,1922.65583,0.0262
27.0,135.5,1912.7408,-0.12496
28.0,135.5,1920.02145,0.16707
29.0,135.5,1930.68144,0.07294
30.0,135.5,1929.03956,0.02299
31.0,135.5,1931.65572,0.03826
32.0,135.5,1928.86113,0.07658
33.0,135.5,1928.34028,0.03987
34.0,135.5,1910.21797,0.02791
35.0,135.5,1920.66364,-0.65435
36.0,135.5,1913.85556,0.06268
37.0,135.5,1929.37006,0.02288
38.0,135.5,1927.71748,0.00219
39.0,135.5,1920.39392,-0.00034
40.0,135.5,1921.99467,0.12599
41.0,135.5,1923.07753,-0.04977
42.0,135.5,1916.05533,0.02027
43.0,135.5,1910.6535,-0.14334
44.0,135.5,1905.08387,0.00686
45.0,135.5,1895.92428,-0.01279
46.0,135.5,1899.50179,0.02622
47.0,135.5,1898.16549,0.00595
48.0,135.5,1904.22314,0.00993
49.0,135.5,1906.60328,0.01223
50.0,135.5,1901.49927,-0.01692
51.0,135.5,1887.37929,0.01374
52.0,135.5,1887.83763,0.00825
53.0,135.5,1887.80962,0.02144
54.0,135.5,1888.13998,-0.00341
55.0,135.5,1887.03634,-0.12771
56.0,135.5,1873.38204,0.0626
57.0,135.5,1875.74912,0.03603
58.0,135.5,1878.60323,0.16815
59.0,135.5,1879.64309,0.03626
60.0,135.5,1878.03534,0.02225
61.0,135.5,1879.34851,0.02118
62.0,135.5,1882.34087,0.02881
63.0,135.5,1884.47102,0.02838
64.0,135.5,1875.83205,0.03917
65.0,135.5,1874.91665,0.22492
66.0,135.5,1874.60807,0.03045
67.0,135.5,1879.14222,-0.00045
68.0,135.5,1880.26006,0.00143
69.0,135.5,1880.46729,0.01616
70.0,135.5,1877.78488,0.02029
71.0,135.5,1882.31777,0.00992
72.0,135.5,1880.91238,-0.02785
74.0,135.5,1876.56774,-5.2973
75.0,135.5,1885.41509,-0.06463
76.0,135.5,1887.37471,-0.369
-11.0,136.5,1853.08999,-0.17572
-10.0,136.5,1855.47264,-0.0
-8.0,136.5,1838.92725,1.11304
-6.0,136.5,1854.2874,0.51705
-5.0,136.5,1863.29496,-0.25212
-4.0,136.5,1856.95928,-1.94219
-3.0,136.5,1873.94644,-0.98016
-2.0,136.5,1873.17988,-9.06315
-1.0,136.5,1889.96814,-4.96874
0.0,136.5,1925.28347,-0.08258
1.0,136.5,1877.82036,3.26601
2.0,136.5,1895.51075,0.0847
3.0,136.5,1903.12552,-0.06923
4.0,136.5,1905.22801,-0.37574
5.0,136.5,1901.0419,1.64055
6.0,136.5,1883.02105,-0.31475
7.0,136.5,1894.7103,-0.02729
8.0,136.5,1895.23064,-0.73653
9.0,136.5,1910.28448,0.23613
10.0,136.5,1893.83558,-0.47224
11.0,136.5,1896.26183,0.18008
12.0,136.5,1894.51922,-0.16288
13.0,136.5,1913.53434,76.96579
14.0,136.5,1913.75624,-0.07774
15.0,136.5,1912.90662,-1.94253
16.0,136.5,1914.9905,-0.36261
17.0,136.5,1903.5068,1.1806
18.0,136.5,1896.68143,-0.12087
19.0,136.5,1906.65336,-0.00936
20.0,136.5,1898.71788,-0.14698
21.0,136.5,1910.84391,-0.08538
22.0,136.5,1910.70154,-0.02303
23.0,136.5,1910.93612,0.25965
24.0,136.5,1912.93791,0.00088
25.0,136.5,1920.21743,0.15674
26.0,136.5,1922.76193,-0.03647
27.0,136.5,1920.2168,-0.00443
28.0,136.5,1921.31412,-0.06966
29.0,136.5,1925.83642,0.00904
30.0,136.5,1924.77813,-0.0865
31.0,136.5,1927.86847,-0.04773
32.0,136.5,1924.48195,0.05445
33.0,136.5,1928.25766,0.03103
34.0,136.5,1912.17318,0.23549
35.0,136.5,1919.5384,0.20811
36.0,136.5,1919.98013,0.0732
37.0,136.5,1916.93175,0.04838
38.0,136.5,1925.74117,-0.002
39.0,136.5,1920.77195,-0.02315
40.0,136.5,1920.25113,-0.00029
41.0,136.5,1914.37439,0.07622
42.0,136.5,1907.89627,-0.00993
43.0,136.5,1926.93025,0.83759
44.0,136.5,1922.55091,0.03482
45.0,136.5,1887.56472,0.04755
46.0,136.5,1895.38935,-0.05653
47.0,136.5,1894.72718,0.0114
48.0,136.5,1894.19859,-0.00458
49.0,136.5,1899.08791,0.01107
50.0,136.5,1895.0201,-0.00521
51.0,136.5,1889.40753,0.01097
52.0,136.5,1891.80995,0.03035
53.0,136.5,1893.66638,0.01332
54.0,136.5,1887.78192,-0.52945
55.0,136.5,1885.46327,0.07518
56.0,136.5,1877.2403,-0.00997
57.0,136.5,1870.77882,-0.00341
58.0,136.5,1876.50459,0.02089
59.0,136.5,1873.26406,0.04142
60.0,136.5,1874.28201,0.03435
61.0,136.5,1874.60617,0.03394
62.0,136.5,1876.47205,0.0351
63.0,136.5,1882.44991,0.03571
64.0,136.5,1871.71946,0.0824
65.0,136.5,1875.30025,0.03046
66.0,136.5,1873.27219,-0.01909
67.0,136.5,1877.84712,0.00992
68.0,136.5,1878.98106,0.03625
69.0,136.5,1877.56561,0.02563
70.0,136.5,1879.32943,0.01902
71.0,136.5,1882.92966,0.01544
72.0,136.5,1876.49392,0.06619
74.0,136.5,1876.05419,-0.17131
75.0,136.5,1886.86197,-1.46152
76.0,136.5,1881.64788,-1.65014
-11.0,137.5,1858.38297,-0.26838
-10.0,137.5,1859.27147,2.66667
-9.0,137.5,1851.95815,-3.20668
-8.0,137.5,1814.70474,0.18231
-7.0,137.5,1884.33271,0.62447
-6.0,137.5,1896.06446,2.62737
-5.0,137.5,1847.04048,-0.66717
-4.0,137.5,1887.72617,0.06821
-3.0,137.5,1862.09838,0.01939
-2.0,137.5,1866.13093,-0.24955
-1.0,137.5,1884.80933,0.22367
0.0,137.5,1923.45967,0.3569
1.0,137.5,1885.56716,3.30897
2.0,137.5,1900.35285,0.09751
3.0,137.5,1891.862,0.01253
4.0,137.5,1921.26918,-0.47855
5.0,137.5,1912.08532,0.68809
6.0,137.5,1887.25332,0.15744
7.0,137.5,1883.57821,2.07869
8.0,137.5,1897.55469,0.09446
9.0,137.5,1913.9305,1.75084
10.0,137.5,1904.58568,0.05944
11.0,137.5,1894.97044,-0.03921
12.0,137.5,1899.56415,-0.22138
13.0,137.5,1899.94724,-170.0472
14.0,137.5,1906.19774,-1.33978
15.0,137.5,1916.05086,0.07852
16.0,137.5,1892.49434,0.20806
17.0,137.5,1905.53148,-0.19567
18.0,137.5,1917.95038,-182.74611
19.0,137.5,1913.97303,73.44315
20.0,137.5,1915.54453,0.06365
21.0,137.5,1914.96744,0.23225
22.0,137.5,1914.22608,-0.17172
23.0,137.5,1916.51963,0.01342
24.0,137.5,1916.06995,-0.55538
25.0,137.5,1919.50373,-0.08531
26.0,137.5,1922.80567,-0.08295
27.0,137.5,1931.0416,-0.08479
28.0,137.5,1929.36312,-0.05572
29.0,137.5,1926.61593,0.01377
30.0,137.5,1923.20512,0.01202
31.0,137.5,1921.36653,-0.0279
32.0,137.5,1916.79916,-2.64954
33.0,137.5,1929.1982,0.08349
34.0,137.5,1926.73746,0.07476
35.0,137.5,1925.21017,0.00844
36.0,137.5,1920.90822,-0.00362
37.0,137.5,1914.47594,0.07911
38.0,137.5,1926.61433,0.20233
39.0,137.5,1916.41972,0.00839
40.0,137.5,1917.07399,0.01777
41.0,137.5,1923.53215,0.07221
42.0,137.5,1920.07805,0.04868
43.0,137.5,1923.79233,0.4038
44.0,137.5,1931.6814,0.13372
45.0,137.5,1883.52487,0.26907
46.0,137.5,1885.5892,0.00784
47.0,137.5,1896.14799,0.03675
48.0,137.5,1888.72875,-0.76858
49.0,137.5,1888.86919,-0.00708
50.0,137.5,1887.00548,-0.00034
51.0,137.5,1891.44468,0.01131
52.0,137.5,1893.72112,0.01613
53.0,137.5,1888.45447,0.00552
54.0,137.5,1886.41951,-1.532
55.0,137.5,1885.5425,-1.62383
56.0,137.5,1867.01818,-0.96113
57.0,137.5,1868.72728,-9.61774
58.0,137.5,1873.81961,0.03384
59.0,137.5,1871.62399,0.03492
60.0,137.5,1871.33069,-0.05163
61.0,137.5,1869.67529,0.08628
62.0,137.5,1869.20481,0.03009
63.0,137.5,1876.9474,0.03294
64.0,137.5,1871.47807,0.02782
65.0,137.5,1869.50839,0.04032
66.0,137.5,1868.6447,-0.17179
67.0,137.5,1875.09923,0.00978
68.0,137.5,1876.9799,0.00978
69.0,137.5,1874.51667,0.03579
70.0,137.5,1879.39598,0.02317
71.0,137.5,1881.69621,0.0164
72.0,137.5,1883.3141,-0.0165
75.0,137.5,1887.37566,-0.81759
76.0,137.5,1890.62284,0.2576
-11.0,138.5,1849.69782,-5.0
-10.0,138.5,1874.41801,-1.75824
-9.0,138.5,1874.73793,-2.68779
-8.0,138.5,1844.37246,-0.09212
-7.0,138.5,1832.86008,-0.09345
-6.0,138.5,1845.0875,-1.44032
-5.0,138.5,1826.22674,0.67553
-4.0,138.5,1857.60658,2.02453
-3.0,138.5,1865.12238,0.09542
-2.0,138.5,1859.70216,-6.28284
-1.0,138.5,1886.36578,-0.19766
0.0,138.5,1897.27877,-0.13825
1.0,138.5,1870.43532,-1.40123
2.0,138.5,1865.65531,-0.36542
3.0,138.5,1870.47041,-0.24605
4.0,138.5,1884.1314,-0.76759
5.0,138.5,1891.8054,0.63919
6.0,138.5,1888.27903,0.43692
7.0,138.5,1895.61455,0.06978
8.0,138.5,1904.40908,-0.00142
9.0,138.5,1910.86207,-1.25089
10.0,138.5,1895.53843,-0.27189
11.0,138.5,1901.28146,-0.47627
12.0,138.5,1896.13694,-0.28974
13.0,138.5,1900.6523,-178.49069
14.0,138.5,1912.23503,2.35549
15.0,138.5,1919.26106,5.04707
16.0,138.5,1901.6105,0.15942
17.0,138.5,1913.39168,0.14378
18.0,138.5,1914.82305,-48.40487
19.0,138.5,1911.86324,0.02117
20.0,138.5,1907.84516,-0.47435
21.0,138.5,1909.76264,0.98291
22.0,138.5,1910.13089,-0.27957
23.0,138.5,1919.00714,-0.52042
24.0,138.5,1922.33525,-0.15108
25.0,138.5,1924.71399,-0.09254
26.0,138.5,1928.63094,0.02566
27.0,138.5,1927.14327,0.02429
28.0,138.5,1918.48795,0.1463
29.0,138.5,1932.86268,0.00529
30.0,138.5,1922.50974,-0.78587
31.0,138.5,1920.73979,-0.11631
32.0,138.5,1923.11635,0.12802
33.0,138.5,1919.67391,0.09716
34.0,138.5,1926.7464,0.08971
35.0,138.5,1911.33485,0.03425
36.0,138.5,1920.86888,-0.00057
37.0,138.5,1918.78337,0.05597
38.0,138.5,1919.67851,0.04744
39.0,138.5,1922.80085,-0.02983
40.0,138.5,1922.3413,0.06189
41.0,138.5,1924.13274,0.04761
42.0,138.5,1917.79794,0.11279
43.0,138.5,1919.44513,0.14221
44.0,138.5,1922.71231,0.62375
45.0,138.5,1915.18274,-0.09083
46.0,138.5,1885.56664,0.2492
47.0,138.5,1880.44272,0.10356
48.0,138.5,1892.18214,0.21237
49.0,138.5,1890.18703,0.11584
50.0,138.5,1889.48939,-0.02242
51.0,138.5,1890.77755,0.00915
52.0,138.5,1893.99664,-0.00518
53.0,138.5,1888.15663,-0.00094
54.0,138.5,1882.01519,-0.14525
55.0,138.5,1890.41592,3.30972
56.0,138.5,1859.35248,0.03728
57.0,138.5,1877.07252,0.1466
58.0,138.5,1882.65784,0.03807
59.0,138.5,1879.39046,0.02893
60.0,138.5,1873.76622,0.05467
61.0,138.5,1870.12786,0.0727
62.0,138.5,1862.89138,-19.70543
64.0,138.5,1863.21477,0.3246
65.0,138.5,1867.41655,0.00447
66.0,138.5,1857.64631,0.20264
67.0,138.5,1862.67683,-0.02669
68.0,138.5,1864.48895,0.06005
69.0,138.5,1874.9108,0.0532
70.0,138.5,1878.77232,0.03762
71.0,138.5,1882.29699,0.01432
72.0,138.5,1879.2042,-0.00131
75.0,138.5,1891.18538,-0.80268
76.0,138.5,1895.07294,-0.02669
-11.0,139.5,1888.32368,8.0
-10.0,139.5,1862.1944,-5.03955
-9.0,139.5,1882.3775,-0.0
-8.0,139.5,1849.64857,-0.30718
-7.0,139.5,1831.23848,0.25412
-6.0,139.5,1852.89082,0.40151
-5.0,139.5,1850.34986,1.2582
-4.0,139.5,1842.29701,-0.21617
-3.0,139.5,1843.25287,-0.0143
-2.0,139.5,1877.45411,-0.42484
-1.0,139.5,1892.5012,0.21767
0.0,139.5,1893.47903,-21.37476
1.0,139.5,1878.06678,3.01465
2.0,139.5,1885.86949,-0.00183
3.0,139.5,1874.01071,0.81414
4.0,139.5,1904.90211,-1.46845
5.0,139.5,1896.55373,-0.07344
6.0,139.5,1901.81294,-0.37774
7.0,139.5,1894.60228,-0.00442
8.0,139.5,1889.73675,-0.03563
9.0,139.5,1901.25686,-0.10519
10.0,139.5,1909.077,-0.01229
11.0,139.5,1911.87815,0.25777
12.0,139.5,1913.1879,1.70293
13.0,139.5,1925.71738,1.36123
14.0,139.5,1924.0324,-0.12353
15.0,139.5,1921.53712,-0.34776
16.0,139.5,1909.4261,-63.58146
17.0,139.5,1913.2909,-6.35741
18.0,139.5,1916.10671,0.1134
19.0,139.5,1906.18169,0.0773
20.0,139.5,1900.54073,0.1001
21.0,139.5,1908.75565,-0.03675
22.0,139.5,1907.02831,-1.80635
23.0,139.5,1920.61512,0.06716
24.0,139.5,1933.03841,-0.04805
25.0,139.5,1923.66555,-0.02729
26.0,139.5,1922.83251,-0.0816
27.0,139.5,1919.0097,-0.26074
28.0,139.5,1918.42364,0.0349
29.0,139.5,1916.77859,0.00402
30.0,139.5,1917.23834,-0.06524
31.0,139.5,1916.53468,2.35931
32.0,139.5,1932.09053,0.27787
33.0,139.5,1926.36859,0.23994
34.0,139.5,1919.85148,0.25127
35.0,139.5,1901.23059,0.04522
36.0,139.5,1929.88984,0.01278
37.0,139.5,1926.43374,-0.00636
38.0,139.5,1922.41573,-0.41558
39.0,139.5,1922.39667,0.00571
40.0,139.5,1919.43811,0.08385
41.0,139.5,1919.20619,-0.02693
42.0,139.5,1904.65167,0.07302
43.0,139.5,1911.37533,0.12443
44.0,139.5,1907.84208,0.261
45.0,139.5,1918.37179,-0.40729
46.0,139.5,1903.06222,0.07324
47.0,139.5,1895.22422,1.25606
48.0,139.5,1876.07667,0.02076
49.0,139.5,1895.2517,0.00034
50.0,139.5,1892.37873,0.03883
51.0,139.5,1892.14431,0.0388
52.0,139.5,1897.23697,0.00929
53.0,139.5,1891.89392,0.00712
54.0,139.5,1888.66647,-0.05876
55.0,139.5,1884.49865,-0.00787
57.0,139.5,1862.09823,0.09586
58.0,139.5,1882.93089,0.16897
59.0,139.5,1881.70376,0.02424
60.0,139.5,1880.08499,0.0426
61.0,139.5,1869.07261,0.0183
63.0,139.5,1848.55094,-0.00972
64.0,139.5,1859.19016,0.46053
65.0,139.5,1867.53135,0.01423
66.0,139.5,1839.69591,0.2063
67.0,139.5,1856.66373,0.02666
68.0,139.5,1868.55346,0.05866
69.0,139.5,1871.94176,0.09493
70.0,139.5,1878.04382,0.03177
71.0,139.5,1882.15073,0.02448
72.0,139.5,1879.64869,0.01001
73.0,139.5,1874.15537,-8.77227
74.0,139.5,1864.55033,-0.13028
75.0,139.5,1892.81945,0.02607
76.0,139.5,1895.7463,0.90697
-11.0,140.5,1878.34599,3.11737
-9.0,140.5,1828.07439,-0.11769
-8.0,140.5,1848.88868,-0.0133
-7.0,140.5,1831.82871,-15.28736
-6.0,140.5,1822.34973,0.38379
-5.0,140.5,1806.82944,0.0107
-4.0,140.5,1843.11279,-0.03002
-3.0,140.5,1860.0073,-0.02828
-2.0,140.5,1881.67577,-0.12349
-1.0,140.5,1888.3964,0.19898
0.0,140.5,1890.07023,-0.08386
1.0,140.5,1893.93829,15.51246
2.0,140.5,1886.21989,-0.17528
3.0,140.5,1890.23996,-0.52661
4.0,140.5,1898.5888,-0.32032
5.0,140.5,1911.67188,0.25675
6.0,140.5,1902.93367,0.25046
7.0,140.5,1899.97764,0.12039
8.0,140.5,1897.03531,-0.31716
9.0,140.5,1903.18237,-0.04567
10.0,140.5,1910.73992,-0.18899
11.0,140.5,1905.31535,1.61497
12.0,140.5,1897.92915,1.65941
13.0,140.5,1902.0929,-301.246
14.0,140.5,1906.14067,-4.0964
15.0,140.5,1900.25576,0.1705
16.0,140.5,1914.27398,6.63203
17.0,140.5,1912.63714,-0.00773
18.0,140.5,1914.22512,-0.05961
19.0,140.5,1917.49342,-0.00816
20.0,140.5,1910.73842,0.00133
21.0,140.5,1908.94232,-0.85374
22.0,140.5,1913.05978,1.22132
23.0,140.5,1907.78588,0.0115
24.0,140.5,1914.41221,-0.06334
25.0,140.5,1919.49611,-0.04533
26.0,140.5,1924.84786,-0.00918
27.0,140.5,1922.8835,0.07002
28.0,140.5,1918.98255,0.07787
29.0,140.5,1919.55109,-0.02104
30.0,140.5,1912.43014,-0.06009
31.0,140.5,1915.0443,-0.10248
32.0,140.5,1926.19694,0.12294
33.0,140.5,1926.49964,-0.10428
34.0,140.5,1923.76718,0.00439
35.0,140.5,1906.88537,0.01832
36.0,140.5,1915.31709,0.04191
37.0,140.5,1915.29627,0.00701
38.0,140.5,1921.70926,0.01379
39.0,140.5,1916.40433,0.05121
40.0,140.5,1911.29625,-0.00607
41.0,140.5,1899.62787,0.11323
42.0,140.5,1879.48145,0.00636
43.0,140.5,1897.75288,0.0194
44.0,140.5,1905.04923,-0.1322
45.0,140.5,1904.28982,-0.06357
46.0,140.5,1905.14137,-0.07868
47.0,140.5,1901.78067,6.79978
48.0,140.5,1885.49407,0.23866
49.0,140.5,1883.2768,0.07954
50.0,140.5,1872.58613,-0.0571
51.0,140.5,1884.91336,0.05319
52.0,140.5,1888.50983,-0.00968
53.0,140.5,1883.81328,0.01207
54.0,140.5,1889.15085,-0.74249
58.0,140.5,1838.97234,0.07981
59.0,140.5,1886.65318,0.07298
60.0,140.5,1881.6547,0.03037
61.0,140.5,1870.10582,0.10171
62.0,140.5,1847.20843,-0.96382
63.0,140.5,1861.51168,0.12169
64.0,140.5,1864.09273,0.25194
65.0,140.5,1865.06564,0.00194
66.0,140.5,1837.47051,0.19668
67.0,140.5,1871.95937,-0.04954
68.0,140.5,1878.98807,0.03977
69.0,140.5,1878.24974,0.03069
70.0,140.5,1881.47393,0.0304
71.0,140.5,1883.72376,0.02551
72.0,140.5,1885.98078,0.01871
73.0,140.5,1877.55662,-1.19082
74.0,140.5,1878.0913,-0.0031
75.0,140.5,1895.53641,-0.36487
76.0,140.5,1890.9407,-0.00895
-11.0,141.5,1871.25345,-0.29488
-10.0,141.5,1850.78561,0.49707
-9.0,141.5,1835.6521,-1.33473
-8.0,141.5,1842.03628,0.94857
-7.0,141.5,1823.86709,-15.24598
-6.0,141.5,1827.08774,2.17218
-5.0,141.5,1843.65946,-2.05492
-4.0,141.5,1841.02833,0.07567
-3.0,141.5,1850.27543,-0.21254
-2.0,141.5,1880.78146,-0.32167
-1.0,141.5,1884.3346,1.93976
0.0,141.5,1904.76949,0.31354
1.0,141.5,1905.4252,-0.34866
2.0,141.5,1928.08899,2.41959
3.0,141.5,1912.94902,0.11289
4.0,141.5,1903.87001,1.16079
5.0,141.5,1912.14232,-19.7976
6.0,141.5,1896.51299,0.18158
7.0,141.5,1901.23265,-4.48058
8.0,141.5,1907.14738,-58.82865
9.0,141.5,1894.12066,-13.86156
10.0,141.5,1898.69369,-1.82874
11.0,141.5,1903.89319,0.27204
12.0,141.5,1899.89149,-0.45492
13.0,141.5,1901.45946,-5.54826
14.0,141.5,1910.61288,-7.77452
15.0,141.5,1901.26757,14.24162
16.0,141.5,1899.56833,0.04733
17.0,141.5,1911.71182,-0.0075
18.0,141.5,1920.25437,-0.32053
19.0,141.5,1921.368,-0.24895
20.0,141.5,1919.83264,-0.13757
21.0,141.5,1910.79919,-2.42797
22.0,141.5,1913.30233,0.48436
23.0,141.5,1917.54649,-0.34023
24.0,141.5,1921.39544,0.01275
25.0,141.5,1918.01629,-0.02048
26.0,141.5,1924.16244,-0.00407
27.0,141.5,1921.54995,0.04543
28.0,141.5,1916.10596,0.0239
29.0,141.5,1917.13702,0.00222
30.0,141.5,1909.90452,-0.07177
31.0,141.5,1915.58765,0.17251
32.0,141.5,1924.53411,0.84702
33.0,141.5,1914.99428,0.13122
34.0,141.5,1910.4519,0.22771
35.0,141.5,1915.53438,0.05387
36.0,141.5,1922.27556,0.00185
37.0,141.5,1916.44001,-0.02326
38.0,141.5,1903.34407,0.48092
39.0,141.5,1905.80295,0.07051
40.0,141.5,1907.48381,-0.01562
41.0,141.5,1910.02595,0.03817
42.0,141.5,1910.58838,0.08504
43.0,141.5,1913.95617,0.0587
44.0,141.5,1897.33845,0.21925
45.0,141.5,1889.11722,-0.17942
46.0,141.5,1893.40985,0.10138
47.0,141.5,1885.76929,0.04358
48.0,141.5,1896.56838,-0.24884
49.0,141.5,1884.87803,-0.41889
50.0,141.5,1854.11067,6.35376
51.0,141.5,1799.89561,0.11576
52.0,141.5,1885.96275,-0.09355
53.0,141.5,1882.72533,-0.13875
54.0,141.5,1900.20441,-1.34387
58.0,141.5,1833.15783,0.29397
59.0,141.5,1879.18297,-0.01178
60.0,141.5,1880.05178,-0.11279
61.0,141.5,1870.06306,0.03991
62.0,141.5,1857.39024,-0.254
63.0,141.5,1861.84322,0.07606
64.0,141.5,1870.14725,0.07343
65.0,141.5,1866.04678,0.03088
66.0,141.5,1859.40111,0.77408
67.0,141.5,1874.72008,0.05544
68.0,141.5,1877.21107,0.04355
69.0,141.5,1877.04725,0.04656
70.0,141.5,1879.88308,0.03521
71.0,141.5,1885.39516,0.02856
72.0,141.5,1891.10759,0.00843
73.0,141.5,1885.79601,-5.73812
74.0,141.5,1886.98719,0.10521
75.0,141.5,1888.71102,0.02655
76.0,141.5,1892.87643,0.01947
-11.0,142.5,1820.01417,0.0011
-10.0,142.5,1817.64392,-0.36279
-9.0,142.5,1822.96578,-1.95216
-8.0,142.5,1834.6474,-0.35591
-7.0,142.5,1826.4806,-0.11142
-6.0,142.5,1846.19007,2.92572
-5.0,142.5,1845.43267,-1.26481
-4.0,142.5,1855.26542,-0.23691
-3.0,142.5,1871.61817,0.21949
-2.0,142.5,1878.25396,-0.81375
-1.0,142.5,1885.83467,-0.05835
0.0,142.5,1890.52043,-0.18569
1.0,142.5,1887.60535,1.05557
2.0,142.5,1909.89738,0.03805
3.0,142.5,1899.97275,-1.80632
4.0,142.5,1903.60717,0.24771
5.0,142.5,1904.7695,0.23702
6.0,142.5,1894.55039,-1.77348
7.0,142.5,1886.06646,16.08135
8.0,142.5,1896.20567,0.19299
9.0,142.5,1881.88089,2.86318
10.0,142.5,1902.26086,1.07697
11.0,142.5,1899.07502,-0.75418
12.0,142.5,1899.12067,1.87172
13.0,142.5,1907.45592,-0.06606
14.0,142.5,1894.29066,7.63851
15.0,142.5,1910.86938,-1.23584
16.0,142.5,1916.29384,10.0614
17.0,142.5,1911.483,0.11184
18.0,142.5,1913.7997,0.20169
19.0,142.5,1915.30684,-0.60872
20.0,142.5,1919.91024,-0.57631
21.0,142.5,1920.20479,-0.11935
22.0,142.5,1925.36171,-0.17977
23.0,142.5,1918.22707,-0.16255
24.0,142.5,1921.70812,0.11054
25.0,142.5,1920.1404,0.13304
26.0,142.5,1927.03003,-0.0556
27.0,142.5,1924.08144,-0.02367
28.0,142.5,1921.97534,-0.05502
29.0,142.5,1918.05126,-0.04643
30.0,142.5,1910.9727,-0.05803
31.0,142.5,1915.68448,0.06191
32.0,142.5,1921.19908,-0.01047
33.0,142.5,1924.66766,-0.24861
34.0,142.5,1922.43107,-0.26068
35.0,142.5,1932.4886,-0.10919
36.0,142.5,1926.89656,0.01572
37.0,142.5,1925.14737,0.03593
38.0,142.5,1922.18584,0.14107
39.0,142.5,1923.45268,0.04769
40.0,142.5,1930.35319,0.11423
41.0,142.5,1922.93737,0.0581
42.0,142.5,1916.27558,0.06555
43.0,142.5,1909.9811,-0.01073
44.0,142.5,1907.55217,0.04455
45.0,142.5,1889.82816,0.03998
46.0,142.5,1894.58912,0.03029
47.0,142.5,1892.55399,0.01817
48.0,142.5,1869.7581,-0.00047
49.0,142.5,1883.82474,0.02586
50.0,142.5,1884.86931,0.33159
51.0,142.5,1873.84061,0.04585
52.0,142.5,1891.44335,0.01063
53.0,142.5,1893.146,0.01153
54.0,142.5,1877.91197,0.10963
59.0,142.5,1876.52632,0.03401
60.0,142.5,1887.20462,0.03835
61.0,142.5,1878.53041,0.02149
62.0,142.5,1853.04228,0.28946
63.0,142.5,1866.80131,0.02354
64.0,142.5,1866.97905,0.04916
65.0,142.5,1870.20239,0.02655
66.0,142.5,1869.66871,0.04345
67.0,142.5,1874.9281,0.14364
68.0,142.5,1881.04688,0.14188
69.0,142.5,1883.26922,0.04605
70.0,142.5,1880.84675,0.04114
71.0,142.5,1881.75123,0.0369
72.0,142.5,1893.75857,0.01557
73.0,142.5,1886.13213,-0.7436
74.0,142.5,1888.99378,-0.00174
75.0,142.5,1891.61591,0.00233
76.0,142.5,1891.9913,-0.01345
-11.0,143.5,1752.41643,0.09707
-10.0,143.5,1815.191,0.46013
-9.0,143.5,1790.34836,-3.36039
-8.0,143.5,1815.00717,0.21658
-7.0,143.5,1843.93242,-1.07398
-6.0,143.5,1867.98861,0.46676
-5.0,143.5,1847.38,-0.02299
-4.0,143.5,1865.09349,-0.49687
-3.0,143.5,1864.70624,-0.67192
-2.0,143.5,1883.23702,1.42865
-1.0,143.5,1893.60857,-0.0
0.0,143.5,1912.62955,1.80827
1.0,143.5,1899.95755,-0.6499
2.0,143.5,1876.84352,-2.57905
3.0,143.5,1910.1249,-3.5053
4.0,143.5,1932.68854,1.70412
5.0,143.5,1888.78574,0.97953
6.0,143.5,1879.91637,-0.23385
7.0,143.5,1910.06445,2.5293
8.0,143.5,1890.15227,0.80101
9.0,143.5,1883.42609,3.45447
10.0,143.5,1895.25103,8.38793
11.0,143.5,1894.70413,-3.28878
12.0,143.5,1907.54925,-3.55471
13.0,143.5,1890.37274,-2.20395
14.0,143.5,1892.25552,-0.62293
15.0,143.5,1914.88937,-0.12205
16.0,143.5,1915.61968,-0.36025
17.0,143.5,1912.83193,-9.88345
18.0,143.5,1908.87392,-0.141
19.0,143.5,1915.52633,-0.1054
20.0,143.5,1919.36377,-0.04747
21.0,143.5,1924.25062,-0.03575
22.0,143.5,1913.21743,0.22778
23.0,143.5,1926.35309,-0.03086
24.0,143.5,1919.21383,0.1442
25.0,143.5,1919.45809,-0.03217
26.0,143.5,1917.16604,-0.00817
27.0,143.5,1928.59114,-0.04757
28.0,143.5,1922.35289,-0.03513
29.0,143.5,1920.14161,-0.004
30.0,143.5,1911.75736,-0.03687
31.0,143.5,1915.06286,0.0203
32.0,143.5,1922.43099,0.02981
33.0,143.5,1926.227,0.02991
34.0,143.5,1925.30857,0.05538
35.0,143.5,1931.42949,-0.02277
36.0,143.5,1926.34214,0.06885
37.0,143.5,1928.56973,0.03537
38.0,143.5,1930.39317,0.23543
39.0,143.5,1922.27423,-0.09268
40.0,143.5,1921.67274,0.0447
41.0,143.5,1924.367,0.08115
42.0,143.5,1919.08181,0.11915
43.0,143.5,1914.00452,0.0267
44.0,143.5,1903.91389,0.00629
45.0,143.5,1901.20203,0.05588
46.0,143.5,1896.01651,0.0577
47.0,143.5,1883.76973,0.19337
48.0,143.5,1911.97242,0.52871
49.0,143.5,1887.73106,0.01078
50.0,143.5,1890.8788,-0.02397
51.0,143.5,1867.31131,0.03028
52.0,143.5,1879.9359,-0.10018
53.0,143.5,1884.06955,3.02973
54.0,143.5,1860.45763,-16.65119
56.0,143.5,1877.16541,-0.0
59.0,143.5,1886.85335,-0.03257
60.0,143.5,1892.81273,0.01445
61.0,143.5,1872.1645,0.05025
62.0,143.5,1855.68414,0.06599
63.0,143.5,1867.99655,0.01606
64.0,143.5,1866.31227,0.11432
65.0,143.5,1860.30594,0.08517
66.0,143.5,1872.61054,0.03358
67.0,143.5,1872.21956,0.03551
68.0,143.5,1881.88154,0.04401
69.0,143.5,1883.12557,0.04327
70.0,143.5,1881.89309,0.03928
71.0,143.5,1880.58148,0.02212
72.0,143.5,1892.20207,0.0202
73.0,143.5,1883.63011,-0.00781
74.0,143.5,1888.55253,-0.28399
75.0,143.5,1895.89143,-0.03402
76.0,143.5,1892.39314,-0.00944
-11.0,144.5,1849.10993,0.51149
-10.0,144.5,1872.39604,-0.66667
-8.0,144.5,1842.73598,0.21641
-7.0,144.5,1758.60046,0.99572
-6.0,144.5,1863.85237,0.54891
-5.0,144.5,1846.86519,0.09994
-4.0,144.5,1851.46019,-0.12393
-3.0,144.5,1878.28309,1.1903
-2.0,144.5,1894.33645,0.38772
-1.0,144.5,1886.74686,-0.2657
0.0,144.5,1925.67756,-0.11694
1.0,144.5,1899.31071,-0.06847
2.0,144.5,1884.14318,-0.53002
3.0,144.5,1880.30543,-0.37127
4.0,144.5,1909.85697,-0.37826
5.0,144.5,1894.20031,0.55826
6.0,144.5,1890.55188,-0.92573
7.0,144.5,1892.611,0.10401
8.0,144.5,1884.08036,-2.96167
9.0,144.5,1893.60323,-25.90456
10.0,144.5,1893.41853,0.47973
11.0,144.5,1907.22131,0.09928
12.0,144.5,1916.21565,0.05229
13.0,144.5,1899.95591,0.03626
14.0,144.5,1897.55066,-3.01442
15.0,144.5,1902.29105,-0.46538
16.0,144.5,1907.27692,-0.3078
17.0,144.5,1900.85368,-0.01071
18.0,144.5,1910.26647,-0.09766
19.0,144.5,1906.82928,-0.42
20.0,144.5,1926.20284,-0.03163
21.0,144.5,1924.14819,-0.30469
22.0,144.5,1913.61285,-0.40966
23.0,144.5,1915.35208,-0.86388
24.0,144.5,1922.53758,-0.21618
25.0,144.5,1916.35339,-0.04553
26.0,144.5,1918.2771,-0.04962
27.0,144.5,1924.0036,-0.0328
28.0,144.5,1925.1307,-0.01805
29.0,144.5,1913.87375,-0.02347
30.0,144.5,1906.53921,-0.10599
31.0,144.5,1916.72309,-0.07865
32.0,144.5,1922.89342,0.08633
33.0,144.5,1924.42502,-0.08255
34.0,144.5,1928.34396,-0.02612
35.0,144.5,1935.1169,-0.00287
36.0,144.5,1929.58169,0.04466
37.0,144.5,1935.52213,0.06352
38.0,144.5,1933.26871,-0.01599
39.0,144.5,1918.57733,-0.034
40.0,144.5,1917.13416,0.06592
41.0,144.5,1925.18832,0.07431
42.0,144.5,1926.57378,-0.05006
43.0,144.5,1911.27943,-0.08115
44.0,144.5,1901.52532,0.18373
45.0,144.5,1903.9279,0.00247
46.0,144.5,1900.12779,8.0
48.0,144.5,1901.13874,-0.4746
49.0,144.5,1885.56404,-0.08463
50.0,144.5,1867.33985,-0.36443
59.0,144.5,1888.33179,0.03146
60.0,144.5,1884.45194,0.04626
61.0,144.5,1866.62254,-0.29367
62.0,144.5,1857.48456,-0.75737
63.0,144.5,1867.61283,-0.00175
64.0,144.5,1862.27799,0.01416
65.0,144.5,1862.94849,-0.12158
66.0,144.5,1872.92912,-0.28052
67.0,144.5,1874.52514,0.04027
68.0,144.5,1879.04335,0.04313
69.0,144.5,1880.89431,0.03756
70.0,144.5,1879.76383,0.02957
71.0,144.5,1880.64067,0.01639
72.0,144.5,1888.18872,0.02183
73.0,144.5,1883.32314,0.33846
74.0,144.5,1917.10079,-2.81323
75.0,144.5,1894.21388,0.02806
76.0,144.5,1894.8768,-0.09211
-11.0,145.5,1867.31688,-0.12227
-10.0,145.5,1890.58289,2.14925
-9.0,145.5,1858.87656,0.8824
-8.0,145.5,1853.45548,-0.04019
-7.0,145.5,1809.42839,-1.09402
-6.0,145.5,1853.8107,0.10845
-5.0,145.5,1836.30516,0.15832
-4.0,145.5,1884.10545,0.15681
-3.0,145.5,1889.93396,1.17102
-2.0,145.5,1867.59542,-0.02766
-1.0,145.5,1883.71671,1.0802
0.0,145.5,1877.37771,-0.86707
1.0,145.5,1875.34827,-0.17879
2.0,145.5,1889.42013,-0.16395
3.0,145.5,1901.19335,-0.07971
4.0,145.5,1921.07818,-0.0909
5.0,145.5,1912.32067,-1.46862
6.0,145.5,1896.32089,8.98505
7.0,145.5,1893.11094,-0.18617
8.0,145.5,1890.57418,0.92348
9.0,145.5,1888.93058,0.08538
10.0,145.5,1888.31062,-0.83404
11.0,145.5,1881.18265,0.30227
12.0,145.5,1894.70141,0.00701
13.0,145.5,1880.79576,0.25402
14.0,145.5,1898.55328,-0.58951
15.0,145.5,1889.36291,1.78458
16.0,145.5,1902.54098,-1.82949
17.0,145.5,1912.73676,-1.30621
18.0,145.5,1915.43145,-0.00866
19.0,145.5,1910.71072,-1.21538
20.0,145.5,1915.75025,-0.17719
21.0,145.5,1927.45215,-0.26962
22.0,145.5,1918.53214,-0.41255
23.0,145.5,1912.92833,-0.28295
24.0,145.5,1913.06482,-0.20022
25.0,145.5,1914.94128,0.00761
26.0,145.5,1926.50771,-0.11662
27.0,145.5,1925.7247,-0.00155
28.0,145.5,1917.78823,-0.03584
29.0,145.5,1915.71988,-0.0593
30.0,145.5,1906.57356,-0.79308
31.0,145.5,1909.73354,0.05636
32.0,145.5,1919.35574,0.49712
33.0,145.5,1923.48456,-0.04378
34.0,145.5,1927.88276,-0.01455
35.0,145.5,1934.96528,0.01565
36.0,145.5,1929.84528,0.05301
37.0,145.5,1930.90749,-0.36096
38.0,145.5,1933.02308,0.02859
39.0,145.5,1918.76222,0.04204
40.0,145.5,1922.25456,0.04558
41.0,145.5,1928.16424,-0.48907
42.0,145.5,1923.35768,-0.08946
43.0,145.5,1908.17828,0.06238
44.0,145.5,1874.18266,0.04168
45.0,145.5,1904.56885,0.58345
46.0,145.5,1906.83613,1.69057
47.0,145.5,1904.35411,0.54545
48.0,145.5,1842.82361,-0.15385
49.0,145.5,1889.70618,-0.82061
50.0,145.5,1905.54108,-0.47427
59.0,145.5,1876.2362,0.04158
60.0,145.5,1885.02948,0.0358
61.0,145.5,1877.37884,0.06151
62.0,145.5,1863.38239,0.10526
63.0,145.5,1862.56601,-0.00363
64.0,145.5,1867.45913,0.05185
65.0,145.5,1856.25344,0.04357
66.0,145.5,1871.18485,0.03353
67.0,145.5,1877.33463,0.04874
68.0,145.5,1877.21955,0.04141
69.0,145.5,1877.52503,0.03382
70.0,145.5,1878.19259,0.02426
71.0,145.5,1884.03338,0.00788
72.0,145.5,1885.91175,0.00632
73.0,145.5,1882.77299,0.50975
75.0,145.5,1890.1801,13.5853
76.0,145.5,1896.5564,-0.74888
-11.0,146.5,1871.31479,0.12691
-10.0,146.5,1868.7037,0.39926
-9.0,146.5,1856.01482,-0.45048
-8.0,146.5,1848.22819,-0.04056
-7.0,146.5,1848.89234,-2.19091
-6.0,146.5,1834.07505,0.06153
-5.0,146.5,1871.33499,0.04181
-4.0,146.5,1886.87917,-0.29228
-3.0,146.5,1890.1365,2.07392
-2.0,146.5,1853.4791,-0.09214
-1.0,146.5,1887.5222,0.25991
0.0,146.5,1806.53868,0.31841
1.0,146.5,1885.94734,-41.52907
2.0,146.5,1880.46225,-5.75593
3.0,146.5,1891.12399,0.35702
4.0,146.5,1904.34647,-15.60185
5.0,146.5,1902.56828,-0.15766
6.0,146.5,1873.73974,0.42124
7.0,146.5,1873.55044,5.10303
8.0,146.5,1887.60774,-3.92655
9.0,146.5,1894.17626,-0.70727
10.0,146.5,1895.17213,-0.51316
11.0,146.5,1884.85121,0.75563
12.0,146.5,1898.90302,0.29741
13.0,146.5,1906.11693,-0.93718
14.0,146.5,1901.53099,-0.55518
15.0,146.5,1905.71248,-3.31566
16.0,146.5,1906.91015,-3.27927
17.0,146.5,1900.99598,-1.92046
18.0,146.5,1904.40822,1.24988
19.0,146.5,1904.07148,0.19534
20.0,146.5,1914.92013,0.36035
21.0,146.5,1916.19245,-0.58471
22.0,146.5,1916.23856,-0.01906
23.0,146.5,1913.68912,0.09476
24.0,146.5,1923.1952,-1.11126
25.0,146.5,1929.90623,-0.07486
26.0,146.5,1927.63432,0.02075
27.0,146.5,1921.12672,0.00255
28.0,146.5,1919.25023,-0.03827
29.0,146.5,1919.25843,0.00303
30.0,146.5,1920.54565,-0.09576
31.0,146.5,1919.02831,-0.10601
32.0,146.5,1913.92309,0.02274
33.0,146.5,1920.73046,-0.56687
34.0,146.5,1926.95239,0.01941
35.0,146.5,1927.29213,-0.0485
36.0,146.5,1928.32211,0.18823
37.0,146.5,1919.38076,0.02457
38.0,146.5,1926.02229,-0.01616
39.0,146.5,1922.30304,0.05076
40.0,146.5,1922.08338,-0.06061
41.0,146.5,1924.18941,-0.022
42.0,146.5,1918.92855,0.137
43.0,146.5,1903.75945,-0.05646
44.0,146.5,1889.07546,0.15079
45.0,146.5,1908.73405,0.03118
46.0,146.5,1913.09735,-0.47059
47.0,146.5,1901.208,-0.53827
48.0,146.5,1878.86098,-0.42105
50.0,146.5,1876.36097,-2.52874
59.0,146.5,1886.3574,1.88229
60.0,146.5,1889.64095,0.03582
61.0,146.5,1880.02351,-0.14637
62.0,146.5,1868.50208,0.15146
63.0,146.5,1869.2989,0.02694
64.0,146.5,1863.22459,0.03906
65.0,146.5,1867.08151,0.06509
66.0,146.5,1871.84881,0.00916
67.0,146.5,1878.17704,0.04181
68.0,146.5,1879.68937,0.03664
69.0,146.5,1876.85202,0.03336
70.0,146.5,1877.11473,0.0185
71.0,146.5,1882.62206,-0.00175
72.0,146.5,1890.51353,-0.00451
73.0,146.5,1862.93992,-0.02074
75.0,146.5,1883.91817,-0.09259
76.0,146.5,1896.61926,5.34147
-11.0,147.5,1860.75669,0.05413
-10.0,147.5,1857.28235,0.11428
-9.0,147.5,1857.27413,-0.16667
-8.0,147.5,1837.42053,-0.15904
-7.0,147.5,1863.06217,-0.70672
-6.0,147.5,1832.34906,0.06963
-5.0,147.5,1859.48966,-0.53316
-4.0,147.5,1876.33003,0.5823
-3.0,147.5,1879.11413,0.06606
-2.0,147.5,1852.19912,0.14243
-1.0,147.5,1887.54729,0.79921
0.0,147.5,1865.76458,-1.48749
1.0,147.5,1890.29523,-0.40536
2.0,147.5,1872.9054,0.27177
3.0,147.5,1876.22324,0.05311
4.0,147.5,1912.63274,0.59598
5.0,147.5,1900.4458,0.98223
6.0,147.5,1892.66691,-0.09364
7.0,147.5,1894.18275,-0.08475
8.0,147.5,1897.02418,-0.11909
9.0,147.5,1880.63707,-2.44558
10.0,147.5,1882.8788,-0.37398
11.0,147.5,1886.02014,0.33016
12.0,147.5,1891.71088,-10.00876
13.0,147.5,1909.62146,-0.15179
14.0,147.5,1916.73391,-0.17077
15.0,147.5,1917.40884,-0.29856
16.0,147.5,1902.71187,2.75192
17.0,147.5,1905.55755,-0.19573
18.0,147.5,1897.3918,-2.51534
19.0,147.5,1893.05294,-0.01322
20.0,147.5,1901.8782,0.12739
21.0,147.5,1918.59716,0.0858
22.0,147.5,1919.42281,0.01836
23.0,147.5,1918.74586,-0.62375
24.0,147.5,1922.65085,-0.08775
25.0,147.5,1914.06751,0.28397
26.0,147.5,1916.31838,-0.24435
27.0,147.5,1919.36046,-0.11543
28.0,147.5,1916.25022,0.02803
29.0,147.5,1925.62117,-0.0022
30.0,147.5,1927.23926,0.03255
31.0,147.5,1917.32631,0.44223
32.0,147.5,1914.45606,0.08824
33.0,147.5,1914.61519,-0.06258
34.0,147.5,1920.10483,-0.16025
35.0,147.5,1918.91332,0.06684
36.0,147.5,1924.5768,0.05831
37.0,147.5,1928.21036,0.03553
38.0,147.5,1922.60136,0.00973
39.0,147.5,1918.94887,-0.02185
40.0,147.5,1926.60675,0.11318
41.0,147.5,1928.40852,0.17285
42.0,147.5,1921.48981,0.37702
43.0,147.5,1920.70558,0.02769
44.0,147.5,1916.17936,0.49983
45.0,147.5,1890.35233,26.10198
46.0,147.5,1919.83601,-0.09061
47.0,147.5,1908.59599,0.57831
48.0,147.5,1873.59005,-1.69163
49.0,147.5,1872.0947,0.0
50.0,147.5,1869.75164,0.0
59.0,147.5,1889.99764,-2.22681
60.0,147.5,1892.69875,0.04064
61.0,147.5,1878.52902,0.08061
62.0,147.5,1871.66604,0.00905
63.0,147.5,1868.20785,-0.10333
64.0,147.5,1857.82614,-3.16885
65.0,147.5,1869.88177,0.01133
66.0,147.5,1869.01734,0.03644
67.0,147.5,1877.73442,0.04496
68.0,147.5,1878.4367,0.04272
69.0,147.5,1876.57671,0.03931
70.0,147.5,1876.31476,0.01611
71.0,147.5,1884.29838,0.0085
72.0,147.5,1893.48314,0.00714
73.0,147.5,1861.93315,-0.30759
75.0,147.5,1888.4831,0.02475
76.0,147.5,1893.64946,-0.05869
-11.0,148.5,1856.03526,-0.18717
-10.0,148.5,1845.13157,0.05798
-9.0,148.5,1843.65629,-0.00394
-8.0,148.5,1868.18724,0.11313
-7.0,148.5,1863.50764,-1.34128
-6.0,148.5,1815.78068,1.20784
-5.0,148.5,1863.5226,0.08372
-4.0,148.5,1877.03431,0.17612
-3.0,148.5,1894.18088,-0.06808
-2.0,148.5,1886.87085,22.52047
-1.0,148.5,1904.18474,-0.14894
0.0,148.5,1889.1634,-0.75953
1.0,148.5,1890.74507,-1.52941
2.0,148.5,1880.87514,1.02019
3.0,148.5,1876.59089,-0.00595
4.0,148.5,1885.78262,4.57388
5.0,148.5,1888.78328,-1.23732
6.0,148.5,1898.91248,11.97456
7.0,148.5,1897.42276,0.28589
8.0,148.5,1883.22169,0.04852
9.0,148.5,1884.84508,-0.04056
10.0,148.5,1905.59759,-0.53101
11.0,148.5,1901.80373,0.32102
12.0,148.5,1896.27012,-0.03452
13.0,148.5,1907.66027,0.29242
14.0,148.5,1910.57314,-0.24862
15.0,148.5,1911.67421,0.04998
16.0,148.5,1921.65248,0.18616
17.0,148.5,1921.03959,0.05388
18.0,148.5,1911.10594,0.09994
19.0,148.5,1906.70983,-0.23615
20.0,148.5,1914.21572,-0.08319
21.0,148.5,1919.65533,0.03671
22.0,148.5,1913.73206,0.58843
23.0,148.5,1924.49756,-0.15259
24.0,148.5,1920.23986,0.0341
25.0,148.5,1913.51835,0.00282
26.0,148.5,1914.73868,-0.19141
27.0,148.5,1912.816,0.45231
28.0,148.5,1923.53934,0.08564
29.0,148.5,1926.86273,0.3674
30.0,148.5,1920.76928,0.01665
31.0,148.5,1914.36328,-0.06279
32.0,148.5,1916.28063,0.03266
33.0,148.5,1918.05959,-0.01719
34.0,148.5,1918.87715,-0.02441
35.0,148.5,1918.15487,0.26765
36.0,148.5,1918.83668,0.13829
37.0,148.5,1921.9264,0.03349
38.0,148.5,1921.64379,-0.06488
39.0,148.5,1925.58885,-0.1382
40.0,148.5,1926.60216,-0.07831
41.0,148.5,1924.56363,0.68315
42.0,148.5,1920.66474,1.2613
43.0,148.5,1908.70889,3.68582
44.0,148.5,1915.69178,-0.00914
45.0,148.5,1897.69168,-0.10543
46.0,148.5,1917.61824,0.18788
47.0,148.5,1908.24307,0.43073
48.0,148.5,1867.52096,0.6451
49.0,148.5,1901.14473,-0.43755
59.0,148.5,1894.07432,-0.01821
60.0,148.5,1890.39322,0.08398
61.0,148.5,1881.04531,0.04147
62.0,148.5,1871.78946,0.17997
63.0,148.5,1866.73441,0.17597
64.0,148.5,1859.11013,0.06367
65.0,148.5,1867.63633,0.00158
66.0,148.5,1873.53152,0.09653
67.0,148.5,1878.31038,0.04578
68.0,148.5,1877.96983,0.04014
69.0,148.5,1877.76493,0.03559
70.0,148.5,1883.71531,0.02475
71.0,148.5,1882.99423,0.01121
72.0,148.5,1888.21819,0.57272
73.0,148.5,1869.86218,0.47231
75.0,148.5,1889.35541,0.01588
76.0,148.5,1904.49665,0.05923
77.0,148.5,1881.42613,-0.86422
-11.0,149.5,1853.86596,0.07598
-10.0,149.5,1831.87895,0.01421
-9.0,149.5,1843.42525,0.32921
-8.0,149.5,1859.65767,0.11464
-7.0,149.5,1872.34777,-0.0
-6.0,149.5,1833.19113,-0.16224
-5.0,149.5,1869.16675,0.08215
-4.0,149.5,1872.07061,0.95101
-3.0,149.5,1886.4048,0.27303
-2.0,149.5,1881.43077,1.49318
-1.0,149.5,1892.00676,0.60103
0.0,149.5,1884.73811,-0.27749
1.0,149.5,1889.03304,-0.75816
2.0,149.5,1885.22995,-1.3413
3.0,149.5,1888.99887,5.01304
4.0,149.5,1877.36304,-30.88425
5.0,149.5,1884.69598,-3.0558
6.0,149.5,1890.2751,-0.11658
7.0,149.5,1891.37498,0.01161
8.0,149.5,1889.13356,4.28776
9.0,149.5,1894.44108,-0.11706
10.0,149.5,1892.38001,-0.70122
11.0,149.5,1902.15062,-0.388
12.0,149.5,1898.49332,-0.89943
13.0,149.5,1900.5487,3.61485
14.0,149.5,1908.11721,-1.7736
15.0,149.5,1912.31048,-0.2127
16.0,149.5,1914.34058,0.61908
17.0,149.5,1911.17448,-0.13769
18.0,149.5,1902.42157,-0.06526
19.0,149.5,1918.06695,-0.57094
20.0,149.5,1919.2167,0.14712
21.0,149.5,1923.64031,-0.34323
22.0,149.5,1926.16266,-0.32287
23.0,149.5,1919.2818,-0.22615
24.0,149.5,1918.50443,0.1493
25.0,149.5,1915.62366,0.42896
26.0,149.5,1919.1316,0.50595
27.0,149.5,1921.64143,-0.05277
28.0,149.5,1930.79659,-0.25608
29.0,149.5,1923.3717,-0.14917
30.0,149.5,1924.1892,-0.00168
31.0,149.5,1916.80258,-0.06868
32.0,149.5,1922.08977,0.03017
33.0,149.5,1923.48523,-0.00716
34.0,149.5,1916.76753,-1.17854
35.0,149.5,1917.59723,-0.19464
36.0,149.5,1922.58826,0.05477
37.0,149.5,1927.51893,0.57217
38.0,149.5,1925.66274,0.3171
39.0,149.5,1926.99159,-0.02986
40.0,149.5,1929.94548,0.02173
41.0,149.5,1922.18921,-0.29854
42.0,149.5,1914.13149,0.27581
43.0,149.5,1910.47617,0.39418
44.0,149.5,1895.09762,-0.41977
45.0,149.5,1885.78957,-0.0
46.0,149.5,1910.76651,-0.03521
47.0,149.5,1913.26947,0.6901
59.0,149.5,1888.05635,-0.73382
60.0,149.5,1886.05079,0.03846
61.0,149.5,1877.09868,0.11326
62.0,149.5,1864.62767,0.04748
63.0,149.5,1868.20901,0.06578
64.0,149.5,1870.7725,0.04395
65.0,149.5,1875.73173,0.4976
66.0,149.5,1880.51843,0.04349
67.0,149.5,1879.28082,0.04175
68.0,149.5,1880.12517,0.03041
69.0,149.5,1879.60246,0.02094
70.0,149.5,1885.4065,0.01475
71.0,149.5,1882.72779,0.02955
72.0,149.5,1885.9034,0.65884
75.0,149.5,1891.04817,0.01254
77.0,149.5,1878.41371,-0.08625
-11.0,150.5,1848.08975,-0.86015
-10.0,150.5,1832.87242,0.63242
-9.0,150.5,1833.23612,0.03178
-8.0,150.5,1866.98244,0.0468
-7.0,150.5,1855.49707,-1.04666
-6.0,150.5,1829.49399,0.11777
-5.0,150.5,1857.49089,-1.71943
-4.0,150.5,1876.10701,0.30028
-3.0,150.5,1858.23598,-0.11373
-2.0,150.5,1884.90913,0.10595
-1.0,150.5,1891.27567,-0.53687
0.0,150.5,1893.27184,0.07005
1.0,150.5,1895.87502,5.06906
2.0,150.5,1882.0614,-0.70269
3.0,150.5,1882.53738,0.9906
4.0,150.5,1894.76199,0.8744
5.0,150.5,1894.76701,0.74845
6.0,150.5,1889.9814,-0.2258
7.0,150.5,1891.62163,0.07917
8.0,150.5,1904.16458,0.16943
9.0,150.5,1904.13829,0.31958
10.0,150.5,1897.25232,-1.49604
11.0,150.5,1907.72269,-20.11705
12.0,150.5,1884.89778,-0.12859
13.0,150.5,1902.35349,4.22542
14.0,150.5,1911.52557,2.44872
15.0,150.5,1913.05264,-0.36137
16.0,150.5,1918.93089,1.53599
17.0,150.5,1923.26696,-0.04886
18.0,150.5,1905.19539,0.04122
19.0,150.5,1902.72209,0.11669
20.0,150.5,1908.57089,-0.24779
21.0,150.5,1913.82067,0.06338
22.0,150.5,1918.77897,-0.20823
23.0,150.5,1920.00966,0.00527
24.0,150.5,1916.82795,1.29288
25.0,150.5,1916.33952,-1.6166
26.0,150.5,1927.30698,0.54259
27.0,150.5,1925.52833,-2.17538
28.0,150.5,1920.97105,-0.21793
29.0,150.5,1919.20065,-0.10964
30.0,150.5,1916.98998,-0.00641
31.0,150.5,1912.96343,-0.08642
32.0,150.5,1920.3676,-0.02448
33.0,150.5,1929.78997,-0.20205
34.0,150.5,1927.24735,-0.28163
35.0,150.5,1920.68927,-0.0895
36.0,150.5,1924.41349,0.22614
37.0,150.5,1926.9645,0.01938
38.0,150.5,1920.95146,0.15747
39.0,150.5,1919.68385,-0.23184
40.0,150.5,1921.78374,0.01615
41.0,150.5,1920.56064,0.02979
42.0,150.5,1918.06154,0.22166
43.0,150.5,1903.1665,0.37957
44.0,150.5,1892.45637,-0.7931
45.0,150.5,1915.06848,-5.75185
46.0,150.5,1907.48925,3.4197
47.0,150.5,1915.34716,0.18313
48.0,150.5,1864.75584,2.10526
59.0,150.5,1914.05109,3.23478
60.0,150.5,1890.54624,0.14219
61.0,150.5,1878.11782,0.19506
62.0,150.5,1873.48887,-0.10662
63.0,150.5,1872.91702,0.045
64.0,150.5,1874.74786,0.05602
65.0,150.5,1880.42779,0.04657
66.0,150.5,1882.66348,0.04758
67.0,150.5,1882.01331,0.03947
68.0,150.5,1880.91242,0.03116
69.0,150.5,1879.62845,0.01609
70.0,150.5,1887.16249,0.01616
71.0,150.5,1885.10736,0.03655
72.0,150.5,1884.75438,0.08548
75.0,150.5,1888.79301,0.0253
-11.0,151.5,1849.86654,0.19889
-10.0,151.5,1836.11854,0.00147
-9.0,151.5,1849.22147,0.35425
-8.0,151.5,1849.88281,-0.131
-7.0,151.5,1861.35945,-0.62133
-6.0,151.5,1859.36192,-1.73441
-5.0,151.5,1849.56176,-0.05077
-4.0,151.5,1867.91507,1.37723
-3.0,151.5,1869.96387,1.02643
-2.0,151.5,1891.06464,0.96919
-1.0,151.5,1881.40667,0.4171
0.0,151.5,1894.36365,0.42733
1.0,151.5,1881.12103,-2.97384
2.0,151.5,1880.40604,-20.18003
3.0,151.5,1892.11019,-7.30827
4.0,151.5,1891.17887,0.39109
5.0,151.5,1893.72103,-0.27295
6.0,151.5,1890.15377,14.58224
7.0,151.5,1881.59359,0.46843
8.0,151.5,1894.62501,-1.56193
9.0,151.5,1888.72051,-0.29114
10.0,151.5,1902.40135,0.89184
11.0,151.5,1886.17573,-2.94625
12.0,151.5,1888.77515,-0.16469
13.0,151.5,1896.71549,-0.02546
14.0,151.5,1899.64393,-2.8175
15.0,151.5,1905.23223,1.76619
16.0,151.5,1912.89093,-0.50936
17.0,151.5,1918.65111,0.42682
18.0,151.5,1917.8461,0.1526
19.0,151.5,1909.43568,-1.0954
20.0,151.5,1898.15308,-0.19045
21.0,151.5,1901.35451,-1.25138
22.0,151.5,1926.56332,-1.91628
23.0,151.5,1916.03234,-0.87976
24.0,151.5,1919.00556,-0.05795
25.0,151.5,1921.26822,-0.19637
26.0,151.5,1924.85184,0.01227
27.0,151.5,1912.75826,-0.1724
28.0,151.5,1914.33832,-0.90389
29.0,151.5,1919.63542,-0.06569
30.0,151.5,1911.07438,-0.07625
31.0,151.5,1909.73933,-0.11249
32.0,151.5,1914.37887,-0.34285
33.0,151.5,1920.73882,0.03614
34.0,151.5,1916.61395,0.40368
35.0,151.5,1931.94891,-0.4099
36.0,151.5,1922.71711,-0.0416
37.0,151.5,1912.48597,0.18212
38.0,151.5,1923.8319,-0.04856
39.0,151.5,1920.05512,0.01201
40.0,151.5,1914.55532,-0.00639
41.0,151.5,1916.65432,0.10148
42.0,151.5,1911.16968,0.0123
43.0,151.5,1902.02889,-0.32857
44.0,151.5,1919.9162,0.14811
45.0,151.5,1910.1895,2.25577
46.0,151.5,1921.02889,-0.24
47.0,151.5,1907.43422,0.25631
59.0,151.5,1859.94582,-0.72778
60.0,151.5,1890.35107,0.06127
61.0,151.5,1873.5934,0.05075
62.0,151.5,1869.82573,0.08732
63.0,151.5,1870.58959,0.05349
64.0,151.5,1876.89327,0.0492
65.0,151.5,1878.76253,0.05207
66.0,151.5,1881.97243,0.04244
67.0,151.5,1883.15832,0.04112
68.0,151.5,1879.86887,0.02879
69.0,151.5,1880.42272,0.01238
70.0,151.5,1887.69224,0.01603
71.0,151.5,1882.34372,0.02006
72.0,151.5,1856.17146,-0.09764
75.0,151.5,1872.05204,-1.60647
76.0,151.5,1901.371,-0.06401
-11.0,152.5,1821.24947,1.00895
-10.0,152.5,1868.18663,-1.95415
-9.0,152.5,1829.53418,0.55852
-8.0,152.5,1838.9699,0.0
-7.0,152.5,1887.399,5.33333
-6.0,152.5,1882.39569,-0.09191
-5.0,152.5,1843.05429,0.37507
-4.0,152.5,1839.54765,-0.47394
-3.0,152.5,1858.68345,-2.25681
-2.0,152.5,1868.68474,-0.42998
-1.0,152.5,1892.35446,-0.21677
0.0,152.5,1905.83612,3.18375
1.0,152.5,1878.75556,-1.57372
2.0,152.5,1874.49502,-37.88214
3.0,152.5,1883.18083,-13.59038
4.0,152.5,1876.77109,-0.13384
5.0,152.5,1880.57277,-0.57758
6.0,152.5,1895.00397,-3.91536
7.0,152.5,1905.90698,6.13995
8.0,152.5,1892.94203,-0.57818
9.0,152.5,1893.76661,-0.01942
10.0,152.5,1896.7097,-0.59256
11.0,152.5,1888.59284,0.0298
12.0,152.5,1901.47511,0.05341
13.0,152.5,1912.60519,-0.72774
14.0,152.5,1904.69123,0.74801
15.0,152.5,1910.03988,2.39856
16.0,152.5,1906.23917,5.95646
17.0,152.5,1921.00049,0.58468
18.0,152.5,1915.90029,-0.04325
19.0,152.5,1916.61319,0.1146
20.0,152.5,1907.62263,-0.06839
21.0,152.5,1905.71598,0.01506
22.0,152.5,1916.44104,-0.07126
23.0,152.5,1909.49424,-0.15352
24.0,152.5,1930.06869,-0.39421
25.0,152.5,1929.91897,-0.04608
26.0,152.5,1926.23108,-0.04233
27.0,152.5,1917.22366,-0.1822
28.0,152.5,1915.80879,-0.06062
29.0,152.5,1916.27568,0.01951
30.0,152.5,1917.32713,-2.22443
31.0,152.5,1920.99251,0.07381
32.0,152.5,1925.89285,-0.11666
33.0,152.5,1922.3123,0.00338
34.0,152.5,1923.298,-0.24113
35.0,152.5,1928.1084,-0.14505
36.0,152.5,1923.79871,-0.24578
37.0,152.5,1913.02673,0.07152
38.0,152.5,1917.23523,0.27965
39.0,152.5,1917.51261,0.03469
40.0,152.5,1914.1628,-0.04426
41.0,152.5,1924.45892,0.09852
42.0,152.5,1919.13299,0.24929
43.0,152.5,1914.2845,-0.54624
44.0,152.5,1919.57019,0.13363
45.0,152.5,1900.50747,0.25217
46.0,152.5,1914.65722,0.29816
47.0,152.5,1903.97167,-2.5819
48.0,152.5,1920.79432,-0.16619
49.0,152.5,1922.28197,1.62963
59.0,152.5,1886.07114,0.39651
60.0,152.5,1888.75839,0.03344
61.0,152.5,1876.91505,0.20007
62.0,152.5,1876.05635,0.06666
63.0,152.5,1875.26947,0.04982
64.0,152.5,1877.44539,0.05296
65.0,152.5,1877.00455,0.04822
66.0,152.5,1880.44028,0.04527
67.0,152.5,1882.38939,0.04613
68.0,152.5,1879.20049,0.03268
69.0,152.5,1881.03706,0.01935
70.0,152.5,1887.19539,0.0192
71.0,152.5,1882.97459,0.0461
76.0,152.5,1888.07861,-0.29218
-11.0,153.5,1847.52384,0.01423
-10.0,153.5,1851.17114,0.65999
-9.0,153.5,1848.18183,0.6239
-8.0,153.5,1878.46535,-1.70557
-7.0,153.5,1870.31786,-2.05367
-6.0,153.5,1883.39259,-0.85921
-5.0,153.5,1862.48448,0.38612
-4.0,153.5,1863.34489,-0.25787
-3.0,153.5,1881.26894,-0.1031
-2.0,153.5,1881.51946,1.54394
-1.0,153.5,1878.10896,-0.16828
0.0,153.5,1881.73504,0.44931
1.0,153.5,1870.3756,0.63621
2.0,153.5,1899.62343,-3.36346
3.0,153.5,1890.91906,-0.25721
4.0,153.5,1856.52272,-1.44269
5.0,153.5,1860.78354,-0.9935
6.0,153.5,1885.31075,0.66913
7.0,153.5,1883.3228,-1.21133
8.0,153.5,1896.80266,0.06645
9.0,153.5,1913.66088,-0.64858
10.0,153.5,1893.35671,-0.48695
11.0,153.5,1893.9931,-0.0066
12.0,153.5,1898.90963,0.28003
13.0,153.5,1911.68746,0.10555
14.0,153.5,1906.69969,-1.99549
15.0,153.5,1910.93633,-2.60732
16.0,153.5,1908.79669,7.71837
17.0,153.5,1910.28112,-0.75604
18.0,153.5,1914.7986,-0.0716
19.0,153.5,1915.31461,-0.11794
20.0,153.5,1905.58982,-0.03428
21.0,153.5,1917.08375,-0.10535
22.0,153.5,1917.51862,-0.35916
23.0,153.5,1925.79704,-0.00984
24.0,153.5,1929.82539,0.01608
25.0,153.5,1925.77111,-0.30258
26.0,153.5,1915.4478,0.37723
27.0,153.5,1925.84334,0.20563
28.0,153.5,1925.38733,-0.03314
29.0,153.5,1923.13193,-0.0867
30.0,153.5,1921.35087,0.04923
31.0,153.5,1923.67667,0.17985
32.0,153.5,1930.40815,-0.15419
33.0,153.5,1925.92871,-0.05344
34.0,153.5,1920.24993,-0.033
35.0,153.5,1913.61673,-0.03663
36.0,153.5,1922.06732,-0.01878
37.0,153.5,1922.55,0.00591
38.0,153.5,1919.76929,0.0869
39.0,153.5,1917.07834,0.0842
40.0,153.5,1908.58088,-0.59455
41.0,153.5,1908.35849,-0.2927
42.0,153.5,1920.45181,-0.11317
43.0,153.5,1910.99309,0.66639
44.0,153.5,1909.74364,1.04232
45.0,153.5,1907.20526,-0.81685
46.0,153.5,1886.65625,-1.47912
47.0,153.5,1920.82294,0.3651
48.0,153.5,1920.76085,0.56475
49.0,153.5,1922.52037,0.7194
59.0,153.5,1880.31967,-0.00548
60.0,153.5,1890.38707,0.03144
61.0,153.5,1873.18866,0.08518
62.0,153.5,1872.59576,-0.02879
63.0,153.5,1879.51406,0.04684
64.0,153.5,1875.11103,0.04816
65.0,153.5,1876.36032,0.04312
66.0,153.5,1877.91937,0.04417
67.0,153.5,1881.09162,0.04956
68.0,153.5,1881.70979,0.03493
69.0,153.5,1881.79759,0.02257
70.0,153.5,1886.45014,0.02054
71.0,153.5,1883.1125,-0.01771
76.0,153.5,1912.68499,-1.58738
-11.0,154.5,1866.29225,-5.15797
-10.0,154.5,1840.58133,0.51674
-8.0,154.5,1884.67087,-0.92066
-7.0,154.5,1887.16459,1.06518
-6.0,154.5,1862.87388,1.50834
-5.0,154.5,1865.33795,0.23687
-4.0,154.5,1873.64034,0.06077
-3.0,154.5,1864.12503,-0.57039
-2.0,154.5,1866.00862,-0.24295
-1.0,154.5,1898.55051,-0.64646
0.0,154.5,1881.34378,-0.82125
1.0,154.5,1888.55036,-2.51471
2.0,154.5,1894.56804,1.45106
3.0,154.5,1882.71582,0.03022
4.0,154.5,1875.44365,0.60662
5.0,154.5,1881.66838,-0.38661
6.0,154.5,1884.68696,-1.41772
7.0,154.5,1879.2898,-0.70815
8.0,154.5,1883.03564,-1.74001
9.0,154.5,1885.72829,0.60115
10.0,154.5,1894.61412,-2.85993
11.0,154.5,1883.05646,-0.18382
12.0,154.5,1896.80477,-0.03757
13.0,154.5,1899.88679,1.35297
14.0,154.5,1880.69989,0.55831
15.0,154.5,1908.60619,4.94369
16.0,154.5,1904.8531,0.04628
17.0,154.5,1910.89845,0.01647
18.0,154.5,1912.23408,-0.01604
19.0,154.5,1918.42655,-0.04742
20.0,154.5,1927.76184,-0.24249
21.0,154.5,1916.63679,-0.03815
22.0,154.5,1923.8029,-0.04724
23.0,154.5,1926.25325,0.33049
24.0,154.5,1928.81355,-0.31943
25.0,154.5,1926.36629,-0.74238
26.0,154.5,1924.63031,0.00786
27.0,154.5,1920.55216,-0.12879
28.0,154.5,1922.0604,-0.05414
29.0,154.5,1914.36435,-1.11403
30.0,154.5,1921.7442,0.53537
31.0,154.5,1922.67136,-0.02187
32.0,154.5,1921.95443,-0.02552
33.0,154.5,1909.63106,0.04717
34.0,154.5,1913.3229,-0.06656
35.0,154.5,1914.10039,0.01033
36.0,154.5,1926.57461,0.1528
37.0,154.5,1918.24236,-0.06939
38.0,154.5,1917.72356,0.00397
39.0,154.5,1909.23667,0.27006
40.0,154.5,1924.65767,0.19387
41.0,154.5,1914.61409,0.65265
42.0,154.5,1917.96849,-0.35145
43.0,154.5,1916.6321,-0.03569
44.0,154.5,1890.23141,0.75266
45.0,154.5,1883.13,0.57739
46.0,154.5,1892.6986,10.01043
47.0,154.5,1925.40942,0.73806
48.0,154.5,1922.09288,0.0
49.0,154.5,1890.95892,-1.88709
50.0,154.5,1905.30068,-1.71636
59.0,154.5,1881.89095,-0.16872
60.0,154.5,1876.7876,0.02967
61.0,154.5,1868.23294,0.11073
62.0,154.5,1871.69739,0.03895
63.0,154.5,1874.71236,0.0464
64.0,154.5,1875.1221,0.03913
65.0,154.5,1877.59664,0.0699
66.0,154.5,1875.47731,0.02348
67.0,154.5,1880.4312,0.04603
68.0,154.5,1877.44674,0.02136
69.0,154.5,1880.29235,0.01561
70.0,154.5,1887.08326,0.0179
71.0,154.5,1885.94626,0.05501
-11.0,155.5,1867.60247,1.21987
-10.0,155.5,1845.03947,-0.0
-9.0,155.5,1881.25912,0.58074
-8.0,155.5,1877.49002,-1.58734
-7.0,155.5,1835.92245,0.46101
-6.0,155.5,1857.45267,0.47136
-5.0,155.5,1878.24355,-0.27177
-4.0,155.5,1865.52979,0.0171
-3.0,155.5,1885.80173,-0.22272
-2.0,155.5,1885.65511,-0.18087
-1.0,155.5,1893.29402,0.65156
0.0,155.5,1885.85223,-2.16038
1.0,155.5,1889.65394,-2.5053
2.0,155.5,1875.2141,0.45871
3.0,155.5,1885.20561,-0.24761
4.0,155.5,1883.20108,0.15764
5.0,155.5,1892.22881,0.5622
6.0,155.5,1894.36775,6.19151
7.0,155.5,1893.37601,-2.7848
8.0,155.5,1888.72918,-0.49902
9.0,155.5,1888.35603,2.70215
10.0,155.5,1889.14611,13.79306
11.0,155.5,1888.74694,17.33629
12.0,155.5,1888.45363,0.20622
13.0,155.5,1917.52914,-0.82551
14.0,155.5,1893.8357,-2.21211
15.0,155.5,1908.68934,-0.24358
16.0,155.5,1901.34161,-0.57342
17.0,155.5,1909.81982,0.03761
18.0,155.5,1918.21398,-0.10674
19.0,155.5,1906.52806,-0.17613
20.0,155.5,1918.77744,-0.38795
21.0,155.5,1913.20717,-0.00014
22.0,155.5,1924.21851,-0.28993
23.0,155.5,1927.6547,0.08923
24.0,155.5,1925.04062,0.00098
25.0,155.5,1924.28692,-0.2041
26.0,155.5,1914.20912,-0.32144
27.0,155.5,1907.67692,-1.59124
28.0,155.5,1905.17804,-0.17655
29.0,155.5,1906.70104,-0.02238
30.0,155.5,1918.43359,-0.07387
31.0,155.5,1919.13437,-0.03336
32.0,155.5,1919.51315,-0.73101
33.0,155.5,1915.65194,0.06279
34.0,155.5,1916.93444,-0.41152
35.0,155.5,1919.59368,1.72466
36.0,155.5,1931.48143,0.18847
37.0,155.5,1916.02957,-1.34761
38.0,155.5,1917.25505,-0.10456
39.0,155.5,1909.45304,0.92346
40.0,155.5,1918.11345,-0.07149
41.0,155.5,1924.07953,0.08709
42.0,155.5,1914.09102,-1.39783
43.0,155.5,1916.33511,0.28509
44.0,155.5,1897.14677,1.26669
45.0,155.5,1885.2545,0.21443
46.0,155.5,1884.90173,0.58812
47.0,155.5,1907.37346,1.16441
48.0,155.5,1885.51823,0.0
49.0,155.5,1886.57598,-0.07385
50.0,155.5,1886.85628,-0.35021
51.0,155.5,1915.16137,-0.07141
53.0,155.5,1868.91511,109.93722
54.0,155.5,1879.02344,3.32145
55.0,155.5,1882.25558,-0.01447
56.0,155.5,1879.75644,0.10084
57.0,155.5,1881.98564,0.10777
59.0,155.5,1898.25123,-0.22892
60.0,155.5,1839.38649,-0.12446
61.0,155.5,1852.28217,-0.02255
62.0,155.5,1866.84601,-0.03301
63.0,155.5,1872.55895,0.0009
64.0,155.5,1875.12337,0.03588
65.0,155.5,1880.36801,0.04105
66.0,155.5,1877.70333,0.04555
67.0,155.5,1879.42188,0.04447
68.0,155.5,1877.22072,0.01414
69.0,155.5,1882.9125,0.00726
70.0,155.5,1888.80879,0.01384
71.0,155.5,1883.39974,0.04724
77.0,155.5,1906.83655,0.21482
-11.0,156.5,1882.37468,0.3767
-10.0,156.5,1872.80139,0.10291
-9.0,156.5,1849.11689,0.08075
-8.0,156.5,1835.82535,-0.16145
-7.0,156.5,1846.18041,-0.04386
-6.0,156.5,1876.41662,0.06026
-5.0,156.5,1875.3053,-0.11598
-4.0,156.5,1889.77195,-0.09286
-3.0,156.5,1884.08187,-0.46402
-2.0,156.5,1882.61454,3.08462
-1.0,156.5,1887.93432,-0.62938
0.0,156.5,1879.28416,-0.2162
1.0,156.5,1891.38813,0.47569
2.0,156.5,1892.6294,-0.16573
3.0,156.5,1884.21106,-0.22231
4.0,156.5,1895.45266,-13.17369
5.0,156.5,1894.37185,-0.89135
6.0,156.5,1881.95147,-4.8184
7.0,156.5,1902.50026,280.59748
8.0,156.5,1889.18781,-0.64305
9.0,156.5,1877.19751,-0.13414
10.0,156.5,1889.89719,2.09632
11.0,156.5,1900.31808,-6.41981
12.0,156.5,1887.35769,0.79722
13.0,156.5,1891.90784,-1.90576
14.0,156.5,1912.21436,-0.54837
15.0,156.5,1911.08603,-0.03928
16.0,156.5,1901.53012,-0.52999
17.0,156.5,1911.99604,-0.59101
18.0,156.5,1913.93073,1.45542
19.0,156.5,1906.96422,-0.30263
20.0,156.5,1905.29332,-0.77065
21.0,156.5,1911.81872,0.02443
22.0,156.5,1922.62172,-0.08295
23.0,156.5,1920.26553,0.02018
24.0,156.5,1920.39604,0.05107
25.0,156.5,1925.82378,-0.01644
26.0,156.5,1920.39744,-0.7478
27.0,156.5,1924.95134,-0.22223
28.0,156.5,1922.5591,-0.11991
29.0,156.5,1916.69996,-0.01604
30.0,156.5,1914.50935,0.00587
31.0,156.5,1918.64922,0.03752
32.0,156.5,1912.74035,0.04339
33.0,156.5,1916.24808,-0.33392
34.0,156.5,1918.10499,0.17613
35.0,156.5,1905.17281,0.01365
36.0,156.5,1906.06651,-5.71881
37.0,156.5,1912.84916,-7.26096
38.0,156.5,1922.53808,-0.35292
39.0,156.5,1929.14118,-0.00657
40.0,156.5,1921.5107,-0.1085
41.0,156.5,1918.19141,0.01549
42.0,156.5,1914.88119,-0.04868
43.0,156.5,1914.03538,0.36386
44.0,156.5,1899.93842,-4.63275
45.0,156.5,1880.33943,-2.0
46.0,156.5,1880.67269,0.0
47.0,156.5,1881.34815,0.0
48.0,156.5,1877.88174,-2.66667
49.0,156.5,1869.62451,2.0
50.0,156.5,1870.82685,0.26256
51.0,156.5,1879.1866,0.52978
52.0,156.5,1897.41784,0.02335
53.0,156.5,1897.17072,0.05388
54.0,156.5,1892.1423,-0.01311
55.0,156.5,1886.7983,0.00275
56.0,156.5,1886.3275,0.01243
57.0,156.5,1889.38552,0.02991
58.0,156.5,1889.67388,0.59808
61.0,156.5,1837.25097,0.08737
62.0,156.5,1872.4269,0.06725
63.0,156.5,1870.47921,0.05147
64.0,156.5,1875.67668,0.04078
65.0,156.5,1880.88088,0.04429
66.0,156.5,1878.363,0.04021
67.0,156.5,1877.67932,0.0351
68.0,156.5,1877.24695,0.02668
69.0,156.5,1882.44624,0.01441
70.0,156.5,1890.18214,0.0264
71.0,156.5,1886.08156,0.30941
77.0,156.5,1891.77663,-0.89244
-11.0,157.5,1859.24163,0.69457
-10.0,157.5,1861.35791,-0.7641
-9.0,157.5,1847.25942,0.54714
-8.0,157.5,1824.56646,-0.3616
-7.0,157.5,1836.71348,0.19105
-6.0,157.5,1871.04254,-0.35384
-5.0,157.5,1873.63108,0.04091
-4.0,157.5,1882.54315,-0.97288
-3.0,157.5,1886.75936,0.29917
-2.0,157.5,1893.22583,0.80614
-1.0,157.5,1895.95392,-3.59709
0.0,157.5,1888.21174,-3.258
1.0,157.5,1882.86903,2.25195
2.0,157.5,1884.00301,4.73845
3.0,157.5,1884.89945,-0.93321
4.0,157.5,1888.9696,1.62869
5.0,157.5,1904.82936,-3.45166
6.0,157.5,1897.26055,-43.23444
7.0,157.5,1892.35966,5.95194
8.0,157.5,1888.14281,4.34112
9.0,157.5,1897.41021,1.01491
10.0,157.5,1899.15945,-2.11499
11.0,157.5,1886.54392,-3.00084
12.0,157.5,1886.30763,-1.08697
13.0,157.5,1909.51522,-0.83088
14.0,157.5,1919.41693,-0.45055
15.0,157.5,1913.11275,-0.18238
16.0,157.5,1909.26561,-0.29337
17.0,157.5,1912.65539,1.02445
18.0,157.5,1906.26291,0.41071
19.0,157.5,1912.58606,-0.01775
20.0,157.5,1912.14174,0.22303
21.0,157.5,1918.42765,-0.03467
22.0,157.5,1924.83767,-0.17241
23.0,157.5,1926.96107,-0.07373
24.0,157.5,1929.32688,0.05322
25.0,157.5,1928.04406,-0.12843
26.0,157.5,1927.627,-0.00343
27.0,157.5,1924.35226,0.00503
28.0,157.5,1911.04302,-0.00783
29.0,157.5,1913.9155,0.07715
30.0,157.5,1916.17635,0.0813
31.0,157.5,1913.97118,-0.47669
32.0,157.5,1920.44463,-0.00148
33.0,157.5,1924.50735,0.21
34.0,157.5,1931.87292,0.09497
35.0,157.5,1932.35186,0.15373
36.0,157.5,1919.76745,-0.29681
37.0,157.5,1925.43281,-0.00441
38.0,157.5,1925.29838,-0.23728
39.0,157.5,1920.49377,0.02256
40.0,157.5,1923.32518,0.0117
41.0,157.5,1919.06273,0.20376
42.0,157.5,1904.87452,-0.16554
43.0,157.5,1900.05293,1.03429
45.0,157.5,1909.94537,-0.0
46.0,157.5,1905.11707,-0.93143
47.0,157.5,1908.00168,-0.0
48.0,157.5,1912.52782,0.41904
49.0,157.5,1911.35818,-0.39628
51.0,157.5,1858.00372,0.05429
52.0,157.5,1886.99962,0.08369
53.0,157.5,1881.94509,0.02841
54.0,157.5,1865.10909,0.03723
55.0,157.5,1874.73527,0.03344
56.0,157.5,1881.39158,1.37668
57.0,157.5,1884.47838,0.00119
58.0,157.5,1880.45077,0.00718
61.0,157.5,1859.03218,0.01534
62.0,157.5,1857.87232,0.0592
63.0,157.5,1863.80683,0.07342
64.0,157.5,1872.2325,0.04089
65.0,157.5,1878.47038,0.03933
66.0,157.5,1878.96322,0.03768
67.0,157.5,1877.55128,0.03463
68.0,157.5,1879.57279,0.03143
69.0,157.5,1883.80463,0.02073
70.0,157.5,1889.2342,0.0357
71.0,157.5,1886.85852,0.04517
77.0,157.5,1902.54052,-0.48589
-11.0,158.5,1877.12191,0.0
-10.0,158.5,1868.41135,2.3006
-9.0,158.5,1865.42944,0.62568
-8.0,158.5,1847.9897,-0.19098
-7.0,158.5,1845.82895,0.44582
-5.0,158.5,1874.73001,-1.22104
-4.0,158.5,1870.8673,0.4288
-3.0,158.5,1872.92737,-1.46335
-2.0,158.5,1887.33658,0.93675
-1.0,158.5,1883.898,-0.62146
0.0,158.5,1887.66973,-0.12219
1.0,158.5,1882.36609,-5.80527
2.0,158.5,1881.66439,-1.6395
3.0,158.5,1895.26572,0.93321
4.0,158.5,1890.96875,1.03127
5.0,158.5,1891.81597,-0.07714
6.0,158.5,1889.3242,-5.15256
7.0,158.5,1885.2842,-7.58181
8.0,158.5,1873.30981,1.06594
9.0,158.5,1899.9765,-1.39664
10.0,158.5,1901.72124,-4.10245
11.0,158.5,1887.09244,-6.84767
12.0,158.5,1891.75167,-0.38382
13.0,158.5,1905.88107,-0.91436
14.0,158.5,1913.43747,-0.34692
15.0,158.5,1914.21557,1.34294
16.0,158.5,1915.27502,1.19194
17.0,158.5,1918.96232,0.38004
18.0,158.5,1921.72986,0.11274
19.0,158.5,1914.76842,-1.58151
20.0,158.5,1921.77868,-0.05697
21.0,158.5,1920.64115,-0.08045
22.0,158.5,1917.35525,-0.0431
23.0,158.5,1921.74768,-0.03214
24.0,158.5,1927.24412,-0.10729
25.0,158.5,1928.65101,-0.46589
26.0,158.5,1926.8703,-0.02309
27.0,158.5,1926.36018,-0.00847
28.0,158.5,1924.43795,0.01006
29.0,158.5,1921.73068,0.08334
30.0,158.5,1918.55951,0.08728
31.0,158.5,1924.02463,-0.07307
32.0,158.5,1920.48963,-0.20864
33.0,158.5,1929.47737,0.18899
34.0,158.5,1924.77391,0.18915
35.0,158.5,1920.15119,0.53473
36.0,158.5,1918.90312,-0.43596
37.0,158.5,1926.18532,0.07433
38.0,158.5,1928.84271,0.12899
39.0,158.5,1923.19186,0.22538
40.0,158.5,1912.83884,0.1596
41.0,158.5,1916.9744,-2.86249
42.0,158.5,1916.14923,-1.17112
43.0,158.5,1911.20811,-1.96146
44.0,158.5,1915.04509,-0.0
46.0,158.5,1896.49161,0.37814
47.0,158.5,1896.03855,0.17265
48.0,158.5,1911.85204,0.54763
49.0,158.5,1916.43761,0.06089
52.0,158.5,1849.72591,-1.74644
53.0,158.5,1870.20387,-0.06093
54.0,158.5,1870.42978,21.97534
55.0,158.5,1882.22177,-0.03237
56.0,158.5,1872.35052,0.09758
57.0,158.5,1878.94938,0.03137
58.0,158.5,1883.16905,-0.00438
62.0,158.5,1865.46823,-0.63793
63.0,158.5,1868.29928,0.0897
64.0,158.5,1867.34575,0.0506
65.0,158.5,1875.25639,0.03171
66.0,158.5,1878.71757,0.04438
67.0,158.5,1876.7097,0.03323
68.0,158.5,1880.61675,0.02784
69.0,158.5,1882.32076,0.02743
70.0,158.5,1884.51903,0.0328
71.0,158.5,1882.78815,0.02993
77.0,158.5,1887.48893,-0.48981
-11.0,159.5,1870.74231,-0.37333
-10.0,159.5,1870.84449,0.04739
-9.0,159.5,1821.87341,0.07106
-8.0,159.5,1833.14576,-0.54073
-7.0,159.5,1876.44867,-0.41925
-6.0,159.5,1873.97033,-0.41178
-5.0,159.5,1844.06591,-1.21212
-4.0,159.5,1865.37246,-1.69361
-3.0,159.5,1892.23547,-0.9815
-2.0,159.5,1887.67968,1.51418
-1.0,159.5,1887.12436,-3.02324
0.0,159.5,1881.83806,-1.17896
1.0,159.5,1884.73368,1.38638
2.0,159.5,1879.90118,-0.65728
3.0,159.5,1881.85212,0.17815
4.0,159.5,1902.68365,0.52329
5.0,159.5,1885.3141,10.9499
6.0,159.5,1887.77805,7.50409
7.0,159.5,1864.65896,-0.05326
8.0,159.5,1876.1589,-0.09032
9.0,159.5,1897.11364,-0.15164
10.0,159.5,1882.41244,0.66075
11.0,159.5,1898.40756,1.31309
12.0,159.5,1877.65513,0.09403
13.0,159.5,1900.18379,-0.01888
14.0,159.5,1912.9665,0.1239
15.0,159.5,1915.01478,1.57336
16.0,159.5,1909.27421,-2.24285
17.0,159.5,1918.19507,-0.07815
18.0,159.5,1922.93286,-0.1339
19.0,159.5,1927.54041,-0.39895
20.0,159.5,1921.75623,11.70691
21.0,159.5,1920.31572,-0.18567
22.0,159.5,1920.90452,-0.63625
23.0,159.5,1916.99846,-0.30384
24.0,159.5,1911.76325,0.07372
25.0,159.5,1919.49297,-0.19265
26.0,159.5,1926.9126,-0.10047
27.0,159.5,1923.904,0.0319
28.0,159.5,1919.83052,0.03344
29.0,159.5,1915.60445,0.0677
30.0,159.5,1918.88494,-0.04465
31.0,159.5,1925.02467,-0.554
32.0,159.5,1905.6781,-0.10482
33.0,159.5,1921.67761,0.18554
34.0,159.5,1920.0633,0.08197
35.0,159.5,1914.32449,0.34267
36.0,159.5,1910.82878,0.13152
37.0,159.5,1909.22541,0.06719
38.0,159.5,1929.21137,-0.01751
39.0,159.5,1915.86955,0.10584
40.0,159.5,1915.96386,0.18756
41.0,159.5,1911.46448,-0.07336
42.0,159.5,1913.63306,0.03636
43.0,159.5,1915.8342,3.0859
44.0,159.5,1923.3976,-1.78358
45.0,159.5,1907.58509,-2.0
46.0,159.5,1897.6189,0.4739
47.0,159.5,1896.22752,0.59664
48.0,159.5,1909.47708,-0.0204
53.0,159.5,1875.68208,0.0205
54.0,159.5,1874.2737,5.45379
55.0,159.5,1877.4871,0.00998
56.0,159.5,1878.87427,-0.04
57.0,159.5,1875.91269,0.02832
58.0,159.5,1882.63779,0.0164
59.0,159.5,1880.50827,0.08331
60.0,159.5,1843.44949,0.14775
61.0,159.5,1835.0629,0.40993
62.0,159.5,1880.60945,4.16781
63.0,159.5,1872.97359,0.41212
64.0,159.5,1866.57174,0.42756
65.0,159.5,1872.34308,0.06485
66.0,159.5,1874.86653,0.04478
67.0,159.5,1876.03851,0.03848
68.0,159.5,1878.38935,0.02668
69.0,159.5,1883.13881,0.02867
70.0,159.5,1883.58451,0.0358
71.0,159.5,1882.38257,-0.31916
-11.0,160.5,1856.38587,0.18011
-10.0,160.5,1854.24335,0.13
-9.0,160.5,1839.2428,-0.07211
-8.0,160.5,1874.50721,-0.38789
-7.0,160.5,1883.03708,-0.89033
-6.0,160.5,1870.43729,-0.80345
-5.0,160.5,1878.59439,1.04174
-4.0,160.5,1886.39519,0.07633
-3.0,160.5,1868.42875,-1.30389
-2.0,160.5,1885.53126,0.22516
-1.0,160.5,1876.92937,-7.29177
0.0,160.5,1881.14709,-18.63715
1.0,160.5,1878.8064,0.7011
2.0,160.5,1893.33738,-2.50437
3.0,160.5,1883.14274,0.15373
4.0,160.5,1895.33496,0.41951
5.0,160.5,1893.21182,-16.66619
6.0,160.5,1893.03912,3.0659
7.0,160.5,1902.75006,6.45577
8.0,160.5,1898.24081,-0.99594
9.0,160.5,1902.21332,1.30225
10.0,160.5,1885.33957,0.1902
11.0,160.5,1894.16051,0.73067
12.0,160.5,1883.52388,0.34069
13.0,160.5,1895.11632,1.43489
14.0,160.5,1907.28395,-200.00312
15.0,160.5,1909.37474,0.74315
16.0,160.5,1908.68615,-0.50899
17.0,160.5,1918.50263,0.48225
18.0,160.5,1898.54191,-0.71363
19.0,160.5,1921.20984,-0.01638
20.0,160.5,1913.61809,0.07817
21.0,160.5,1915.87765,0.02981
22.0,160.5,1920.24319,-0.05403
23.0,160.5,1916.37238,-0.05953
24.0,160.5,1914.29006,-0.03237
25.0,160.5,1921.65393,0.01461
26.0,160.5,1926.16172,-0.0209
27.0,160.5,1914.30259,0.65795
28.0,160.5,1915.44076,0.14938
29.0,160.5,1918.75683,0.03245
30.0,160.5,1914.40145,0.22329
31.0,160.5,1923.18513,-0.09563
32.0,160.5,1922.98914,-0.39785
33.0,160.5,1906.91711,-0.00233
34.0,160.5,1905.80327,0.01303
35.0,160.5,1910.74689,0.7087
36.0,160.5,1913.82624,0.11996
37.0,160.5,1915.60657,0.29967
38.0,160.5,1918.80798,-0.13691
39.0,160.5,1918.59554,0.02479
40.0,160.5,1913.3004,0.11838
41.0,160.5,1907.19755,1.80969
42.0,160.5,1905.07907,0.92404
43.0,160.5,1918.86205,-0.35112
44.0,160.5,1919.50069,0.0
45.0,160.5,1910.8375,-0.03102
46.0,160.5,1899.35142,0.33542
47.0,160.5,1888.14974,0.58811
48.0,160.5,1899.67717,0.0
53.0,160.5,1783.84313,-0.0
54.0,160.5,1841.21209,-0.1567
55.0,160.5,1871.8935,0.00572
56.0,160.5,1875.62517,0.03922
57.0,160.5,1882.16577,-0.4283
58.0,160.5,1873.76649,0.0892
59.0,160.5,1877.57862,0.14414
60.0,160.5,1863.88804,0.00661
61.0,160.5,1875.29042,-0.06516
62.0,160.5,1886.65932,0.05243
63.0,160.5,1879.67049,0.04983
64.0,160.5,1873.56278,-0.02271
65.0,160.5,1874.29954,0.04655
66.0,160.5,1870.11978,0.03844
67.0,160.5,1877.87595,0.03851
68.0,160.5,1877.87262,0.02902
69.0,160.5,1880.07374,0.02986
70.0,160.5,1879.33778,0.22112
71.0,160.5,1881.15906,-0.50679
-11.0,161.5,1846.86373,0.099
-10.0,161.5,1824.53626,3.1221
-9.0,161.5,1805.28927,-0.41406
-8.0,161.5,1860.49661,-0.08044
-7.0,161.5,1865.75716,0.24658
-6.0,161.5,1856.08518,0.21595
-5.0,161.5,1875.42004,0.37516
-4.0,161.5,1860.25488,1.24351
-3.0,161.5,1863.07135,-0.21065
-2.0,161.5,1882.06284,0.01632
-1.0,161.5,1888.34738,-0.06643
0.0,161.5,1887.80972,-11.56114
1.0,161.5,1884.03024,-2.38798
2.0,161.5,1897.7534,-7.36844
3.0,161.5,1902.42071,-0.61899
4.0,161.5,1901.81597,81.92433
5.0,161.5,1904.55655,3.20502
6.0,161.5,1899.53886,-0.44911
7.0,161.5,1894.2716,-0.64699
8.0,161.5,1895.25651,-6.2348
9.0,161.5,1903.12228,7.38736
10.0,161.5,1903.50877,-0.72642
11.0,161.5,1894.89127,-1.72358
12.0,161.5,1904.25244,101.16028
13.0,161.5,1905.47067,-118.27939
14.0,161.5,1907.01728,-0.3454
15.0,161.5,1909.76306,-0.34139
16.0,161.5,1904.93756,-0.32421
17.0,161.5,1912.57973,-0.01008
18.0,161.5,1902.60376,0.32163
19.0,161.5,1924.21616,-0.51736
20.0,161.5,1917.73039,-0.27152
21.0,161.5,1916.9237,-0.07292
22.0,161.5,1918.43468,-0.17045
23.0,161.5,1918.86519,-0.02977
24.0,161.5,1921.34496,0.02999
25.0,161.5,1920.08402,0.20575
26.0,161.5,1928.36606,0.06249
27.0,161.5,1929.98289,-0.06473
28.0,161.5,1912.01819,0.17353
29.0,161.5,1916.28119,-0.07685
30.0,161.5,1907.42091,0.00808
31.0,161.5,1906.8007,0.56169
32.0,161.5,1918.49616,0.04949
33.0,161.5,1917.30964,0.07759
34.0,161.5,1918.02537,0.06978
35.0,161.5,1919.44627,0.01699
36.0,161.5,1917.65081,-0.12179
37.0,161.5,1918.7348,-0.02366
38.0,161.5,1911.06266,-0.22134
39.0,161.5,1905.52931,0.21715
40.0,161.5,1923.06433,-0.05727
41.0,161.5,1904.95954,0.33032
42.0,161.5,1902.63089,0.84296
43.0,161.5,1917.38531,0.15953
44.0,161.5,1915.95165,0.21813
45.0,161.5,1914.15757,1.68042
46.0,161.5,1907.6211,-0.72921
47.0,161.5,1901.90389,4.0
48.0,161.5,1910.35267,0.0
54.0,161.5,1889.5526,-1.17978
55.0,161.5,1878.75655,-0.53164
56.0,161.5,1879.15763,-0.00495
57.0,161.5,1882.57653,-0.0063
58.0,161.5,1874.06428,0.02768
59.0,161.5,1857.57487,0.23905
60.0,161.5,1850.87786,-0.64866
61.0,161.5,1877.61182,-0.09558
62.0,161.5,1890.71502,0.06037
63.0,161.5,1883.98967,0.09871
64.0,161.5,1873.76293,0.05067
65.0,161.5,1873.32806,0.03607
66.0,161.5,1868.79568,0.0301
67.0,161.5,1877.10091,0.03829
68.0,161.5,1879.62548,0.03018
69.0,161.5,1877.41146,0.02767
70.0,161.5,1874.30609,0.47305
71.0,161.5,1887.69923,-0.00215
-11.0,162.5,1822.67065,-0.57887
-10.0,162.5,1857.93519,0.74691
-9.0,162.5,1867.45174,-0.08388
-8.0,162.5,1876.08423,1.06845
-7.0,162.5,1877.7586,0.19978
-6.0,162.5,1868.3648,1.10371
-5.0,162.5,1878.0883,0.0
-4.0,162.5,1865.57866,-0.46741
-3.0,162.5,1855.01027,0.22113
-2.0,162.5,1882.80935,3.04701
-1.0,162.5,1890.30728,0.68097
0.0,162.5,1886.23906,0.38596
1.0,162.5,1898.65869,0.1956
2.0,162.5,1898.07927,-3.60776
3.0,162.5,1889.46283,-1.22661
4.0,162.5,1888.63726,-0.61728
5.0,162.5,1889.51636,-1.38538
6.0,162.5,1915.78354,-4.82757
7.0,162.5,1897.58648,-6.80878
8.0,162.5,1882.3855,-659.70112
9.0,162.5,1905.13924,0.64452
10.0,162.5,1900.2489,0.74009
11.0,162.5,1891.80139,-59.5166
12.0,162.5,1889.77864,-0.16484
13.0,162.5,1904.64714,170.10935
14.0,162.5,1912.40618,0.33686
15.0,162.5,1913.24745,0.79187
16.0,162.5,1915.64978,0.09256
17.0,162.5,1915.04695,-0.42992
18.0,162.5,1920.12372,-0.08672
19.0,162.5,1921.76508,0.89935
20.0,162.5,1916.84771,0.09013
21.0,162.5,1922.05205,0.00118
22.0,162.5,1922.70048,-0.08411
23.0,162.5,1921.29553,-0.02175
24.0,162.5,1915.44525,-0.10134
25.0,162.5,1922.32503,0.09446
26.0,162.5,1921.96439,0.19049
27.0,162.5,1911.9151,2.8787
28.0,162.5,1911.56081,0.12806
29.0,162.5,1921.71761,-0.88133
30.0,162.5,1919.5033,-0.08075
31.0,162.5,1914.3416,0.14105
32.0,162.5,1916.66574,0.09999
33.0,162.5,1915.95045,0.07652
34.0,162.5,1918.71997,-0.03492
35.0,162.5,1922.57077,-0.03299
36.0,162.5,1923.90147,0.01385
37.0,162.5,1926.38036,-0.09652
38.0,162.5,1918.81486,0.05269
39.0,162.5,1919.83693,0.44239
40.0,162.5,1921.18462,0.01157
41.0,162.5,1918.3475,0.46776
42.0,162.5,1927.92867,-1.13037
43.0,162.5,1916.42226,-0.28891
44.0,162.5,1919.29096,0.39433
45.0,162.5,1916.37895,0.1896
46.0,162.5,1906.0792,0.14474
47.0,162.5,1886.74083,-5.89117
48.0,162.5,1897.72729,1.93699
49.0,162.5,1894.01116,-1.37083
55.0,162.5,1822.87351,-1.60078
56.0,162.5,1867.33122,0.00351
57.0,162.5,1879.28463,0.31223
58.0,162.5,1868.25055,0.00113
59.0,162.5,1878.46738,0.07235
60.0,162.5,1881.85804,0.03566
61.0,162.5,1869.09104,0.38093
62.0,162.5,1883.40357,0.04523
63.0,162.5,1886.96732,0.05331
64.0,162.5,1875.00727,-0.05357
65.0,162.5,1869.11196,0.24266
66.0,162.5,1871.06514,0.06248
67.0,162.5,1876.77232,0.03577
68.0,162.5,1880.52121,0.03357
69.0,162.5,1875.64247,0.03148
70.0,162.5,1876.74642,-0.00697
71.0,162.5,1895.88097,-0.35044
-11.0,163.5,1876.93474,-0.70103
-10.0,163.5,1879.2502,0.25403
-9.0,163.5,1887.44769,-0.22166
-8.0,163.5,1886.37045,-3.93863
-7.0,163.5,1885.31859,-0.85913
-6.0,163.5,1881.08054,-2.03636
-5.0,163.5,1880.01189,-0.92346
-4.0,163.5,1878.47093,0.08991
-3.0,163.5,1874.91312,-0.41568
-2.0,163.5,1892.84559,0.007
-1.0,163.5,1893.51453,-1.72134
0.0,163.5,1889.96935,-4.00643
1.0,163.5,1894.26491,-0.09287
2.0,163.5,1887.98302,-0.05721
3.0,163.5,1886.78014,3.37859
4.0,163.5,1888.32716,-4.77639
5.0,163.5,1897.30612,-9.07419
6.0,163.5,1898.21612,-1.97871
7.0,163.5,1894.38292,0.70883
8.0,163.5,1900.10441,8.34489
9.0,163.5,1910.11848,-6.96882
10.0,163.5,1898.16453,3.86898
11.0,163.5,1900.83441,0.11506
12.0,163.5,1896.4895,-0.1541
13.0,163.5,1899.70426,-1.38548
14.0,163.5,1913.11552,-0.40359
15.0,163.5,1920.65135,-0.21407
16.0,163.5,1910.6878,-0.08803
17.0,163.5,1902.0727,-1.46139
18.0,163.5,1919.53784,-0.23673
19.0,163.5,1916.87585,0.12357
20.0,163.5,1910.13949,0.06878
21.0,163.5,1913.89782,-0.02172
22.0,163.5,1920.60626,0.18736
23.0,163.5,1910.62564,0.15826
24.0,163.5,1917.26226,0.12826
25.0,163.5,1916.85105,0.39218
26.0,163.5,1921.08487,-0.13033
27.0,163.5,1914.14742,0.14663
28.0,163.5,1912.30994,-0.02825
29.0,163.5,1922.539,-0.1403
30.0,163.5,1919.57217,0.02495
31.0,163.5,1919.77449,0.03569
32.0,163.5,1917.94391,0.06117
33.0,163.5,1916.84693,0.06246
34.0,163.5,1908.8466,0.07742
35.0,163.5,1920.70615,0.25516
36.0,163.5,1925.45686,-0.09316
37.0,163.5,1924.37666,0.16969
38.0,163.5,1921.01568,-0.49541
39.0,163.5,1925.11809,0.1089
40.0,163.5,1914.47719,-0.27916
41.0,163.5,1921.36694,-0.03087
42.0,163.5,1920.49502,-0.01246
43.0,163.5,1917.49319,-0.27526
44.0,163.5,1904.96831,0.60685
45.0,163.5,1913.9278,0.40535
46.0,163.5,1905.68721,-0.28789
47.0,163.5,1909.07174,0.38227
48.0,163.5,1903.39364,0.51396
49.0,163.5,1893.10356,-9.38227
56.0,163.5,1869.28094,-0.01139
57.0,163.5,1873.02243,0.42383
58.0,163.5,1852.97309,0.04815
59.0,163.5,1871.14178,-16.26173
60.0,163.5,1883.99941,-0.15388
61.0,163.5,1886.06937,0.11978
62.0,163.5,1857.67745,3.24919
63.0,163.5,1888.56106,0.05573
64.0,163.5,1876.51216,0.05868
65.0,163.5,1867.50501,-0.01873
66.0,163.5,1869.15787,0.02385
67.0,163.5,1876.38708,0.03615
68.0,163.5,1876.27595,0.03571
69.0,163.5,1876.57614,0.03372
70.0,163.5,1876.71565,-0.22957
-11.0,164.5,1880.43994,1.01274
-10.0,164.5,1895.57101,0.03088
-9.0,164.5,1881.20851,-3.23499
-8.0,164.5,1885.86293,0.40801
-7.0,164.5,1878.62128,-0.96636
-6.0,164.5,1877.06801,-1.16551
-5.0,164.5,1881.48232,1.10509
-4.0,164.5,1883.26696,-0.04616
-3.0,164.5,1879.00123,0.53167
-2.0,164.5,1880.41795,0.88412
-1.0,164.5,1888.53293,-6.42571
0.0,164.5,1885.69612,-0.79768
1.0,164.5,1890.8629,6.07688
2.0,164.5,1891.01116,198.5013
3.0,164.5,1893.40051,2.22212
4.0,164.5,1889.78635,1.04622
5.0,164.5,1894.40378,-2.33465
6.0,164.5,1878.16064,-0.71959
7.0,164.5,1886.49273,-0.50209
8.0,164.5,1906.49245,-9.23775
9.0,164.5,1910.30995,1.19421
10.0,164.5,1907.52587,-0.64588
11.0,164.5,1915.97884,3.81198
12.0,164.5,1902.69615,-0.24443
13.0,164.5,1908.92676,0.05758
14.0,164.5,1898.80588,-0.99865
15.0,164.5,1915.29508,134.89738
16.0,164.5,1909.18108,0.03621
17.0,164.5,1906.88141,0.05759
18.0,164.5,1909.86391,-0.13257
19.0,164.5,1921.27508,-0.19828
20.0,164.5,1906.81801,0.33254
21.0,164.5,1916.84051,-0.11639
22.0,164.5,1917.22327,0.07351
23.0,164.5,1915.56944,-0.05362
24.0,164.5,1916.90606,-0.1581
25.0,164.5,1911.03906,-0.04017
26.0,164.5,1918.04618,-0.01904
27.0,164.5,1919.6507,-0.00726
28.0,164.5,1914.88133,-0.003
29.0,164.5,1919.01596,0.03567
30.0,164.5,1914.85093,-0.04665
31.0,164.5,1911.94581,-0.06233
32.0,164.5,1915.24919,0.0096
33.0,164.5,1919.59773,0.02847
34.0,164.5,1913.84581,0.02595
35.0,164.5,1912.38799,0.09702
36.0,164.5,1917.91212,0.0062
37.0,164.5,1920.51156,0.02532
38.0,164.5,1925.2545,-0.87409
39.0,164.5,1916.61159,-0.17098
40.0,164.5,1907.76964,0.10559
41.0,164.5,1915.14731,0.26998
42.0,164.5,1919.95402,2.35052
43.0,164.5,1909.81152,-1.08227
44.0,164.5,1897.92973,0.86421
45.0,164.5,1908.84046,0.2889
46.0,164.5,1896.59541,-2.17837
47.0,164.5,1910.94519,0.7045
48.0,164.5,1912.6387,0.01017
59.0,164.5,1874.28157,-0.85041
60.0,164.5,1889.21234,-5.19155
61.0,164.5,1893.46689,0.05381
62.0,164.5,1883.37778,0.03059
63.0,164.5,1881.15272,0.06059
64.0,164.5,1875.82264,0.061
65.0,164.5,1868.72817,0.07759
66.0,164.5,1866.53492,0.07138
67.0,164.5,1873.75178,0.04265
68.0,164.5,1874.83483,0.0388
69.0,164.5,1876.91219,0.02747
70.0,164.5,1879.38965,-0.68434
-11.0,165.5,1837.10697,-0.36387
-10.0,165.5,1858.13921,-1.09075
-9.0,165.5,1867.23995,0.51587
-8.0,165.5,1871.79955,0.64253
-7.0,165.5,1864.97395,-0.00266
-6.0,165.5,1860.73589,4.84829
-5.0,165.5,1871.10045,0.84723
-4.0,165.5,1871.94969,-1.16188
-3.0,165.5,1874.83911,0.2227
-2.0,165.5,1884.29963,0.32823
-1.0,165.5,1890.77936,0.90784
0.0,165.5,1888.49082,0.10259
1.0,165.5,1886.50767,4.46544
2.0,165.5,1898.82726,1.76782
3.0,165.5,1880.21039,-0.50177
4.0,165.5,1879.45143,-2.9529
5.0,165.5,1905.22025,-0.21344
6.0,165.5,1888.88727,1276.48982
7.0,165.5,1888.56851,361.49446
8.0,165.5,1903.422,0.39869
9.0,165.5,1893.0935,0.55255
10.0,165.5,1900.53039,-1.72736
11.0,165.5,1884.69378,4.33525
12.0,165.5,1896.43544,-0.06902
13.0,165.5,1896.12618,0.44613
14.0,165.5,1897.49701,105.05309
15.0,165.5,1908.77825,0.22055
16.0,165.5,1917.67808,-0.09806
17.0,165.5,1911.14722,0.37791
18.0,165.5,1902.0987,0.03395
19.0,165.5,1917.44979,0.11915
20.0,165.5,1915.87151,0.06068
21.0,165.5,1926.50219,0.02725
22.0,165.5,1924.99109,-0.34299
23.0,165.5,1924.19326,-0.16338
24.0,165.5,1918.54104,0.08663
25.0,165.5,1907.12278,0.03196
26.0,165.5,1912.41947,-0.02299
27.0,165.5,1906.08087,0.05955
28.0,165.5,1912.20461,0.02415
29.0,165.5,1920.85331,0.0118
30.0,165.5,1915.96173,-0.05386
31.0,165.5,1917.00975,-0.02095
32.0,165.5,1914.97766,0.03481
33.0,165.5,1917.87996,0.02823
34.0,165.5,1918.26808,0.11739
35.0,165.5,1920.23994,0.03762
36.0,165.5,1917.29587,0.04729
37.0,165.5,1919.8208,0.05187
38.0,165.5,1920.68217,-0.21436
39.0,165.5,1916.30159,-0.09798
40.0,165.5,1922.24384,-0.76588
41.0,165.5,1925.08106,-2.47522
42.0,165.5,1901.37198,0.1486
43.0,165.5,1912.48247,-3.30103
44.0,165.5,1897.59295,0.17755
45.0,165.5,1895.36772,-0.33482
46.0,165.5,1904.08434,0.0
47.0,165.5,1910.09011,-0.0
55.0,165.5,1892.50484,-27.82933
60.0,165.5,1875.59678,0.06868
61.0,165.5,1886.19036,0.06012
62.0,165.5,1893.23657,0.03999
63.0,165.5,1885.98892,0.91755
64.0,165.5,1876.65064,0.06303
65.0,165.5,1871.41465,0.05455
66.0,165.5,1866.21228,0.08414
67.0,165.5,1873.28363,0.05542
68.0,165.5,1873.54543,0.0459
69.0,165.5,1877.59476,0.03443
70.0,165.5,1884.9328,0.05888
-11.0,166.5,1847.26639,-0.11292
-10.0,166.5,1870.66967,-0.13307
-9.0,166.5,1871.37482,-0.35673
-8.0,166.5,1874.56207,-1.37753
-7.0,166.5,1879.90862,0.01964
-6.0,166.5,1862.80058,-0.7711
-5.0,166.5,1868.29901,0.07899
-4.0,166.5,1884.6303,-0.07569
-3.0,166.5,1876.08365,0.21349
-2.0,166.5,1891.94511,0.01049
-1.0,166.5,1889.83746,7.06019
0.0,166.5,1896.80909,0.13507
1.0,166.5,1888.65102,-0.84839
2.0,166.5,1887.37698,-902.47178
3.0,166.5,1895.4431,6.49566
4.0,166.5,1904.44995,-0.19317
5.0,166.5,1900.40193,0.9897
6.0,166.5,1898.26643,0.75419
7.0,166.5,1901.70725,-1.08077
8.0,166.5,1894.57966,-1.47845
9.0,166.5,1878.69104,2.29808
10.0,166.5,1887.43967,0.06174
11.0,166.5,1897.13233,0.35799
12.0,166.5,1904.65772,-0.21611
13.0,166.5,1904.19759,-0.00319
14.0,166.5,1919.85173,0.01318
15.0,166.5,1913.07081,0.62753
16.0,166.5,1909.20536,-0.1106
17.0,166.5,1905.83567,-0.41821
18.0,166.5,1909.32161,0.10272
19.0,166.5,1912.98424,-0.13829
20.0,166.5,1919.00104,0.08321
21.0,166.5,1920.6246,0.00329
22.0,166.5,1919.8325,-0.04147
23.0,166.5,1919.7583,0.06166
24.0,166.5,1912.00373,0.16645
25.0,166.5,1914.9395,-0.0378
26.0,166.5,1920.54334,-0.04787
27.0,166.5,1917.79031,-0.00915
28.0,166.5,1915.83336,-0.03277
29.0,166.5,1912.63167,0.02957
30.0,166.5,1912.6614,-0.00935
31.0,166.5,1919.3598,-0.36358
32.0,166.5,1920.86811,0.29489
33.0,166.5,1917.66906,0.04778
34.0,166.5,1915.70968,0.06929
35.0,166.5,1911.47172,0.21883
36.0,166.5,1915.07052,0.0816
37.0,166.5,1918.33093,0.22827
38.0,166.5,1908.7313,-0.39367
39.0,166.5,1916.82298,0.10621
40.0,166.5,1911.68545,-1.65115
41.0,166.5,1907.01561,1.4
42.0,166.5,1918.11698,0.23058
43.0,166.5,1903.08129,0.61485
44.0,166.5,1902.4684,0.06388
45.0,166.5,1887.59143,-2.54616
46.0,166.5,1894.1717,0.73374
47.0,166.5,1880.55265,0.59277
55.0,166.5,1873.83848,-7.21203
60.0,166.5,1871.88767,0.08434
61.0,166.5,1887.38968,0.05991
62.0,166.5,1893.05853,0.03833
63.0,166.5,1891.64139,0.05717
64.0,166.5,1881.15031,0.87207
65.0,166.5,1876.20257,1.17519
66.0,166.5,1865.74523,0.0517
67.0,166.5,1869.47745,0.04848
68.0,166.5,1868.40888,0.21991
69.0,166.5,1878.39162,0.07447
70.0,166.5,1885.91765,0.04007
-11.0,167.5,1872.02868,-0.38116
-10.0,167.5,1876.34181,0.0862
-9.0,167.5,1866.52645,-1.07488
-8.0,167.5,1868.25614,-0.67124
-7.0,167.5,1870.24703,-8.0
-6.0,167.5,1860.27414,-3.5
-5.0,167.5,1867.86402,0.16217
-4.0,167.5,1880.77808,0.15134
-3.0,167.5,1881.79158,0.01609
-2.0,167.5,1875.64685,0.28362
-1.0,167.5,1886.66733,-0.67806
0.0,167.5,1888.1053,-1.42269
1.0,167.5,1880.02028,-7.36236
2.0,167.5,1879.74255,-0.09978
3.0,167.5,1890.65785,-155.12603
4.0,167.5,1892.65773,-0.2047
5.0,167.5,1901.76436,-1072.228
6.0,167.5,1884.34918,-0.01143
7.0,167.5,1891.30416,-535.98033
8.0,167.5,1896.92305,-249.27082
9.0,167.5,1848.94111,0.9001
10.0,167.5,1871.58821,-2.02352
11.0,167.5,1898.78943,0.05206
12.0,167.5,1901.10006,0.13345
13.0,167.5,1907.87455,-0.21968
14.0,167.5,1915.88567,-0.47684
15.0,167.5,1902.24684,0.0459
16.0,167.5,1903.58833,-0.30424
17.0,167.5,1915.06998,-0.38361
18.0,167.5,1907.74629,-0.33877
19.0,167.5,1914.99464,-0.0435
20.0,167.5,1919.51021,-0.08381
21.0,167.5,1919.25799,-0.19175
22.0,167.5,1922.57578,-0.06919
23.0,167.5,1919.7371,-0.93304
24.0,167.5,1924.46458,-0.02864
25.0,167.5,1916.73437,-1.12101
26.0,167.5,1915.86069,0.1846
27.0,167.5,1917.3499,-0.00216
28.0,167.5,1922.51588,-0.05218
29.0,167.5,1923.48206,-0.2657
30.0,167.5,1923.85272,0.06412
31.0,167.5,1915.13513,-0.03098
32.0,167.5,1922.55637,0.03714
33.0,167.5,1915.15474,0.10227
34.0,167.5,1913.0159,0.07957
35.0,167.5,1903.88525,0.02035
36.0,167.5,1909.44737,-0.39036
37.0,167.5,1908.3311,0.18115
38.0,167.5,1911.24348,0.0257
39.0,167.5,1918.7724,0.00079
40.0,167.5,1922.05123,-0.14981
41.0,167.5,1915.69313,0.18376
42.0,167.5,1916.82435,-0.5534
43.0,167.5,1908.92079,-0.36909
44.0,167.5,1896.03932,4.0
45.0,167.5,1885.59309,0.60697
46.0,167.5,1883.73726,1.44575
49.0,167.5,1862.07971,0.0
55.0,167.5,1872.73851,-0.72727
60.0,167.5,1839.27328,-0.19901
61.0,167.5,1884.48634,0.06198
62.0,167.5,1889.59619,0.05276
63.0,167.5,1891.09901,0.05156
64.0,167.5,1884.94859,0.07146
65.0,167.5,1875.93167,1.08531
66.0,167.5,1866.61762,-0.18318
67.0,167.5,1869.76097,0.04531
68.0,167.5,1869.77108,-0.08313
69.0,167.5,1877.86855,0.03337
70.0,167.5,1882.16903,-0.19108
-11.0,168.5,1875.02426,-0.0
-10.0,168.5,1880.12257,-0.0
-9.0,168.5,1878.73896,-0.0
-8.0,168.5,1881.07187,0.85476
-7.0,168.5,1879.3565,1.50993
-6.0,168.5,1866.29427,-0.55443
-5.0,168.5,1857.4695,0.66282
-4.0,168.5,1877.38103,-0.03047
-3.0,168.5,1878.59769,0.15408
-2.0,168.5,1851.87303,0.58032
-1.0,168.5,1867.7576,0.10459
0.0,168.5,1878.48561,-192.74945
1.0,168.5,1885.51975,0.01899
2.0,168.5,1885.11377,-0.44775
3.0,168.5,1888.07794,-2.2954
4.0,168.5,1892.61959,-1.11529
5.0,168.5,1884.66025,0.8248
6.0,168.5,1884.04634,-1.1922
7.0,168.5,1892.83877,0.2477
8.0,168.5,1878.77739,-0.56946
9.0,168.5,1899.6611,-0.28683
10.0,168.5,1902.52023,-0.17062
11.0,168.5,1902.87393,-0.07743
12.0,168.5,1909.09224,-0.08675
13.0,168.5,1910.15247,-0.11807
14.0,168.5,1916.48862,0.35363
15.0,168.5,1907.51124,0.61519
16.0,168.5,1914.02258,-0.02385
17.0,168.5,1915.36102,-0.14417
18.0,168.5,1908.79922,-0.23383
19.0,168.5,1917.21121,-0.01702
20.0,168.5,1915.03735,-0.00753
21.0,168.5,1916.6814,-4.054
22.0,168.5,1921.82928,0.21484
23.0,168.5,1923.67751,-0.0956
24.0,168.5,1926.63397,-3.9024
25.0,168.5,1923.6512,-0.0877
26.0,168.5,1916.93184,-0.06897
27.0,168.5,1920.83487,-0.06302
28.0,168.5,1918.31192,0.01885
29.0,168.5,1921.67346,-0.03976
30.0,168.5,1920.72072,-0.02451
31.0,168.5,1912.3737,0.03323
32.0,168.5,1914.5526,0.02848
33.0,168.5,1923.70343,-0.15718
34.0,168.5,1911.84956,0.0505
35.0,168.5,1912.99584,0.09448
36.0,168.5,1913.19571,-0.07091
37.0,168.5,1908.73722,-0.7737
38.0,168.5,1908.11653,0.21132
39.0,168.5,1913.45543,0.01916
40.0,168.5,1922.61922,0.20689
41.0,168.5,1912.26706,0.04567
42.0,168.5,1911.4429,-0.02153
43.0,168.5,1912.45111,-0.31136
44.0,168.5,1909.71853,-0.57898
45.0,168.5,1896.88347,2.22264
46.0,168.5,1890.64214,0.85363
47.0,168.5,1892.73206,-1.1236
48.0,168.5,1895.19043,-5.81818
54.0,168.5,1879.72128,0.0
55.0,168.5,1876.36511,0.0
60.0,168.5,1850.94558,0.03477
61.0,168.5,1883.01215,0.03001
62.0,168.5,1884.43004,0.07044
63.0,168.5,1890.6488,0.05331
64.0,168.5,1889.35538,0.04824
65.0,168.5,1877.77488,0.03695
66.0,168.5,1875.60098,0.06458
67.0,168.5,1872.53848,0.04882
68.0,168.5,1869.1376,0.05332
69.0,168.5,1875.24557,0.04286
70.0,168.5,1883.74992,0.04072
-11.0,169.5,1868.78088,0.72624
-10.0,169.5,1853.83664,0.1082
-9.0,169.5,1853.25038,0.2714
-8.0,169.5,1858.57788,2.54291
-7.0,169.5,1859.98976,-0.90891
-6.0,169.5,1870.00955,1.01285
-5.0,169.5,1858.80371,0.26924
-4.0,169.5,1883.63893,-0.20447
-3.0,169.5,1873.6981,-0.23412
-2.0,169.5,1864.89503,-0.05755
-1.0,169.5,1871.65803,-0.07983
0.0,169.5,1882.69357,-0.02122
1.0,169.5,1887.88821,-0.32797
2.0,169.5,1883.6486,-0.80751
3.0,169.5,1892.48578,-4.58706
4.0,169.5,1894.32679,-3.05211
5.0,169.5,1884.12936,1.52495
6.0,169.5,1890.04367,-1.62937
7.0,169.5,1891.0259,0.3689
8.0,169.5,1887.35148,-1.94562
9.0,169.5,1887.40536,-33.67574
10.0,169.5,1902.06737,-15.8331
11.0,169.5,1903.71908,-10.28757
12.0,169.5,1907.13159,-0.00485
13.0,169.5,1907.54363,0.08162
14.0,169.5,1909.25514,4.00214
15.0,169.5,1907.79598,3.40456
16.0,169.5,1912.81432,0.10979
17.0,169.5,1912.65101,-0.50184
18.0,169.5,1905.81837,0.00612
19.0,169.5,1915.1134,-0.23413
20.0,169.5,1918.45387,0.17363
21.0,169.5,1918.92015,0.23259
22.0,169.5,1917.05808,0.00849
23.0,169.5,1921.47643,-0.12152
24.0,169.5,1929.35324,-0.25218
25.0,169.5,1925.53022,-0.03163
26.0,169.5,1917.34319,-0.18623
27.0,169.5,1922.46855,-0.12197
28.0,169.5,1915.16985,0.00667
29.0,169.5,1912.33008,0.39562
30.0,169.5,1912.29016,0.01239
31.0,169.5,1912.59493,-0.00979
32.0,169.5,1921.48009,0.03937
33.0,169.5,1924.01548,0.29671
34.0,169.5,1914.14012,0.00586
35.0,169.5,1910.98454,-0.02035
36.0,169.5,1903.64444,-0.41566
37.0,169.5,1909.68369,-0.05616
38.0,169.5,1911.90185,1.46629
39.0,169.5,1918.01126,-0.3641
40.0,169.5,1918.44124,0.14141
41.0,169.5,1918.38205,-0.5013
42.0,169.5,1910.28545,-0.31314
43.0,169.5,1913.88351,-0.29658
44.0,169.5,1904.05821,-0.44442
45.0,169.5,1889.67684,-0.29384
46.0,169.5,1754.76144,-2.0
47.0,169.5,1890.00307,-0.0
60.0,169.5,1874.71544,-0.04059
61.0,169.5,1885.21953,0.03369
62.0,169.5,1873.75099,0.04254
63.0,169.5,1886.65213,0.05306
64.0,169.5,1885.20095,0.03158
65.0,169.5,1881.2722,0.03825
66.0,169.5,1878.177,0.05605
67.0,169.5,1878.64991,0.05579
68.0,169.5,1878.62625,0.04994
69.0,169.5,1877.93595,-0.12983
70.0,169.5,1881.15985,0.21851
-11.0,170.5,1867.60514,0.11063
-10.0,170.5,1856.4997,0.64194
-9.0,170.5,1853.47479,-0.58672
-8.0,170.5,1832.20414,3.49278
-7.0,170.5,1850.56369,0.1877
-6.0,170.5,1874.49849,1.20047
-5.0,170.5,1869.31151,0.58962
-4.0,170.5,1865.25244,-0.42109
-3.0,170.5,1874.97458,-0.52852
-2.0,170.5,1874.55943,-0.34506
-1.0,170.5,1872.02621,-6.23212
0.0,170.5,1877.71167,-0.26185
1.0,170.5,1880.82851,-0.06116
2.0,170.5,1886.97809,-17.67387
3.0,170.5,1888.75777,-2.23388
4.0,170.5,1887.09871,0.09713
5.0,170.5,1885.88847,0.83878
6.0,170.5,1895.64391,-6.44366
7.0,170.5,1901.43716,7.8558
8.0,170.5,1891.677,7.12946
9.0,170.5,1885.06799,-0.04929
10.0,170.5,1907.52589,-0.30537
11.0,170.5,1897.92283,-0.86087
12.0,170.5,1903.98695,3.46975
13.0,170.5,1899.13171,-0.30412
14.0,170.5,1914.49424,9.20909
15.0,170.5,1922.6356,5.06026
16.0,170.5,1911.89165,-0.14104
17.0,170.5,1909.48971,-0.81157
18.0,170.5,1903.63821,-0.0135
19.0,170.5,1907.26786,-0.00987
20.0,170.5,1911.31274,-0.24765
21.0,170.5,1916.66158,-0.10453
22.0,170.5,1919.11516,0.04316
23.0,170.5,1922.61901,-0.07502
24.0,170.5,1926.09886,-0.20822
25.0,170.5,1918.25367,0.20114
26.0,170.5,1913.76472,-0.05143
27.0,170.5,1918.8345,-0.09775
28.0,170.5,1917.24103,-0.1401
29.0,170.5,1920.04114,-0.05961
30.0,170.5,1913.33324,-0.03182
31.0,170.5,1911.67485,-0.25875
32.0,170.5,1916.74838,0.01723
33.0,170.5,1923.16717,0.08471
34.0,170.5,1916.48279,0.23895
35.0,170.5,1910.26077,0.05606
36.0,170.5,1900.60076,-0.32344
37.0,170.5,1911.43533,0.03481
38.0,170.5,1912.38425,0.27196
39.0,170.5,1905.22881,-0.14497
40.0,170.5,1906.76913,0.9975
41.0,170.5,1905.13817,0.29852
42.0,170.5,1911.08643,0.97015
43.0,170.5,1905.13571,0.00585
44.0,170.5,1882.73367,-0.26383
45.0,170.5,1874.21859,0.22939
46.0,170.5,1892.47081,0.0
47.0,170.5,1920.38767,0.30769
60.0,170.5,1851.00612,-0.08126
61.0,170.5,1882.37342,0.05011
62.0,170.5,1872.89153,0.21649
63.0,170.5,1878.25689,0.06242
64.0,170.5,1886.59122,0.03451
65.0,170.5,1883.30826,0.03998
66.0,170.5,1878.48238,-0.10843
67.0,170.5,1881.24293,0.05736
68.0,170.5,1880.6313,0.04345
69.0,170.5,1882.57164,-0.12675
70.0,170.5,1877.94074,3.92603
-11.0,171.5,1877.5718,4.78065
-10.0,171.5,1874.65841,0.20875
-9.0,171.5,1865.58305,0.30389
-8.0,171.5,1864.82866,0.11232
-7.0,171.5,1871.31889,1.29587
-6.0,171.5,1892.88491,-4.57143
-5.0,171.5,1882.22924,37.08962
-4.0,171.5,1880.94601,29.19251
-3.0,171.5,1872.62362,0.15088
-2.0,171.5,1876.71305,0.4305
-1.0,171.5,1880.51822,0.07001
0.0,171.5,1874.23652,-0.24203
1.0,171.5,1882.63131,0.03035
2.0,171.5,1893.85567,0.28533
3.0,171.5,1895.02289,-0.61406
4.0,171.5,1890.50111,-0.08328
5.0,171.5,1889.80628,-5.47368
6.0,171.5,1895.82893,-5.89419
7.0,171.5,1891.93602,-0.10225
8.0,171.5,1891.19225,3.00177
9.0,171.5,1905.02799,0.0488
10.0,171.5,1898.93649,-0.65633
11.0,171.5,1893.94183,1.22303
12.0,171.5,1898.65666,7.77438
13.0,171.5,1895.91526,-0.05199
14.0,171.5,1918.56405,-0.57907
15.0,171.5,1907.8311,-0.14708
16.0,171.5,1897.71895,-0.30559
17.0,171.5,1916.72502,-0.34142
18.0,171.5,1916.05425,-0.1765
19.0,171.5,1905.71572,-0.0881
20.0,171.5,1916.91838,-0.14698
21.0,171.5,1913.27232,-0.07872
22.0,171.5,1922.15079,-0.0636
23.0,171.5,1925.29641,0.24544
24.0,171.5,1920.33641,0.11791
25.0,171.5,1919.46582,-0.00148
26.0,171.5,1918.95622,0.89603
27.0,171.5,1917.39302,-0.23664
28.0,171.5,1920.73273,-0.21136
29.0,171.5,1923.57776,0.03781
30.0,171.5,1918.69392,0.14386
31.0,171.5,1916.48544,0.01847
32.0,171.5,1914.90063,-0.08217
33.0,171.5,1919.59927,0.05427
34.0,171.5,1915.4751,0.01052
35.0,171.5,1907.98011,-0.76995
36.0,171.5,1908.1968,-0.14566
37.0,171.5,1901.52564,0.01885
38.0,171.5,1905.34944,-0.08581
39.0,171.5,1909.59455,-3e-05
40.0,171.5,1905.00832,0.2854
41.0,171.5,1908.15265,-0.08688
42.0,171.5,1887.15261,-0.61574
43.0,171.5,1902.32438,0.15876
44.0,171.5,1882.75821,0.32586
45.0,171.5,1889.7543,-0.13356
46.0,171.5,1895.25333,-3.14356
47.0,171.5,1909.78509,2.65744
48.0,171.5,1896.76003,0.0
61.0,171.5,1865.56159,0.0576
62.0,171.5,1869.50037,-0.02479
63.0,171.5,1879.5061,0.05889
64.0,171.5,1886.7874,0.03978
65.0,171.5,1880.79316,0.04503
66.0,171.5,1881.64524,0.0316
67.0,171.5,1880.95855,0.05178
68.0,171.5,1881.76434,0.03122
69.0,171.5,1882.67872,0.04947
70.0,171.5,1870.89138,0.06283
-11.0,172.5,1880.31678,4.94198
-10.0,172.5,1877.10543,-1.54455
-9.0,172.5,1853.29034,-2.01674
-8.0,172.5,1866.52202,0.87804
-7.0,172.5,1869.38392,1.1305
-6.0,172.5,1867.62798,-0.17878
-5.0,172.5,1882.28397,0.06383
-4.0,172.5,1871.35598,0.4105
-3.0,172.5,1877.09175,0.08029
-2.0,172.5,1899.58502,-0.17001
-1.0,172.5,1890.12864,0.08298
0.0,172.5,1871.81558,-0.01973
1.0,172.5,1880.58639,-6.89842
2.0,172.5,1892.51665,-18.57109
3.0,172.5,1893.54048,0.06428
4.0,172.5,1882.86869,-0.1876
5.0,172.5,1891.79613,2.02183
6.0,172.5,1896.21697,-43.65678
7.0,172.5,1896.62423,0.45987
8.0,172.5,1901.63403,-18.95642
9.0,172.5,1880.37919,3.97657
10.0,172.5,1890.7797,-0.2429
11.0,172.5,1893.85479,-2.34722
12.0,172.5,1903.65532,0.00147
13.0,172.5,1909.21555,-0.34643
14.0,172.5,1918.13478,-0.24875
15.0,172.5,1919.27531,-0.10294
16.0,172.5,1899.17657,1.76708
17.0,172.5,1908.12844,-0.03982
18.0,172.5,1919.64866,-0.02274
19.0,172.5,1912.49311,-0.18307
20.0,172.5,1916.92782,-0.00774
21.0,172.5,1920.78414,-0.20555
22.0,172.5,1921.83924,-0.00458
23.0,172.5,1924.18427,0.23847
24.0,172.5,1922.53491,-0.05547
25.0,172.5,1921.46182,-0.0598
26.0,172.5,1920.47709,-0.03991
27.0,172.5,1921.39392,-0.3663
28.0,172.5,1922.1538,-0.47836
29.0,172.5,1924.35812,-0.17514
30.0,172.5,1917.40519,-0.01922
31.0,172.5,1915.3948,0.01524
32.0,172.5,1914.54134,-0.03474
33.0,172.5,1913.13814,0.07251
34.0,172.5,1911.31809,-0.09072
35.0,172.5,1907.59044,-0.22467
36.0,172.5,1910.15546,-0.02689
37.0,172.5,1903.78135,0.39869
38.0,172.5,1903.99423,-0.05484
39.0,172.5,1907.50627,-0.57282
40.0,172.5,1909.43022,-0.43038
41.0,172.5,1910.96257,-0.06505
42.0,172.5,1905.87211,0.02738
43.0,172.5,1903.50473,-2.23183
44.0,172.5,1900.87287,-0.28193
45.0,172.5,1886.98525,-2.60748
46.0,172.5,1894.57949,-1.20727
53.0,172.5,1896.28162,20.70773
61.0,172.5,1872.49762,0.1698
62.0,172.5,1877.22291,0.07238
63.0,172.5,1884.00541,0.0524
64.0,172.5,1882.32485,0.04332
65.0,172.5,1885.46102,0.04534
66.0,172.5,1883.9549,0.04714
67.0,172.5,1883.44692,0.05253
68.0,172.5,1882.42848,0.05526
69.0,172.5,1880.50072,0.05139
70.0,172.5,1878.76214,0.25011
-11.0,173.5,1871.29245,-2.49758
-10.0,173.5,1869.24934,1.35849
-9.0,173.5,1857.01961,-1.62099
-8.0,173.5,1870.00284,-4.12959
-7.0,173.5,1883.17318,0.08904
-6.0,173.5,1885.79963,-0.06872
-5.0,173.5,1886.78907,0.16095
-4.0,173.5,1887.15697,0.22416
-3.0,173.5,1874.49722,-0.12715
-2.0,173.5,1893.09779,-0.02573
-1.0,173.5,1883.95553,-0.1789
0.0,173.5,1874.93486,-0.09133
1.0,173.5,1884.30101,-0.00527
2.0,173.5,1869.85663,-0.19701
3.0,173.5,1876.54771,3.901
4.0,173.5,1876.27395,-0.07355
5.0,173.5,1885.50931,1.11436
6.0,173.5,1895.56785,-0.41039
7.0,173.5,1878.18362,-0.01215
8.0,173.5,1888.69631,-4.95113
9.0,173.5,1889.95181,0.26336
10.0,173.5,1886.32976,-0.13359
11.0,173.5,1899.81673,-0.16265
12.0,173.5,1896.76668,0.41085
13.0,173.5,1908.14435,-0.05329
14.0,173.5,1911.73416,0.09837
15.0,173.5,1913.17392,-0.15072
16.0,173.5,1912.51408,-0.36274
17.0,173.5,1912.03056,-0.01312
18.0,173.5,1916.87277,0.12872
19.0,173.5,1919.28109,-0.13514
20.0,173.5,1921.04881,-0.07703
21.0,173.5,1918.82955,-0.15826
22.0,173.5,1923.49747,-0.17249
23.0,173.5,1929.23744,-0.01962
24.0,173.5,1928.53507,-0.1686
25.0,173.5,1927.23595,-0.18353
26.0,173.5,1923.64929,0.08121
27.0,173.5,1918.08119,-0.03955
28.0,173.5,1919.29627,0.65649
29.0,173.5,1916.63714,0.06368
30.0,173.5,1916.84334,0.1728
31.0,173.5,1912.18461,0.0386
32.0,173.5,1914.36117,-0.00292
33.0,173.5,1908.61729,-0.01742
34.0,173.5,1914.21997,-0.08558
35.0,173.5,1915.34693,-0.87065
36.0,173.5,1909.74462,0.08067
37.0,173.5,1912.09747,0.03447
38.0,173.5,1910.32459,0.25963
39.0,173.5,1908.91559,-0.18341
40.0,173.5,1916.94765,-0.56819
41.0,173.5,1912.60263,0.36009
42.0,173.5,1905.48301,0.90041
43.0,173.5,1902.4869,-0.34645
44.0,173.5,1906.20924,-0.03324
45.0,173.5,1899.2913,-0.48712
46.0,173.5,1901.77921,1.76471
47.0,173.5,1899.69805,-0.0
52.0,173.5,1898.63665,-0.37004
53.0,173.5,1882.23165,0.48637
61.0,173.5,1860.80755,-2.87134
62.0,173.5,1872.44397,0.12361
63.0,173.5,1882.20602,0.04742
64.0,173.5,1883.3532,0.01902
65.0,173.5,1884.75333,0.03378
66.0,173.5,1885.50935,0.0481
67.0,173.5,1884.40842,0.052
68.0,173.5,1876.9081,0.05328
69.0,173.5,1880.31153,0.05428
70.0,173.5,1883.57947,-0.05179
-11.0,174.5,1867.67463,-1.91646
-10.0,174.5,1859.63436,-1.0963
-8.0,174.5,1872.46475,0.22176
-7.0,174.5,1886.14511,-0.16221
-6.0,174.5,1885.63912,-0.02424
-5.0,174.5,1887.87554,0.3319
-4.0,174.5,1878.09737,0.01192
-3.0,174.5,1881.93296,0.35348
-2.0,174.5,1884.24832,-0.11931
-1.0,174.5,1870.59653,0.08781
0.0,174.5,1888.29414,-0.05299
1.0,174.5,1891.54514,0.15252
2.0,174.5,1887.99339,0.01231
3.0,174.5,1889.95572,0.13225
4.0,174.5,1879.17284,0.43942
5.0,174.5,1871.47793,0.22793
6.0,174.5,1893.22778,-0.94328
7.0,174.5,1881.86547,-0.45495
8.0,174.5,1886.95282,-1.07818
9.0,174.5,1889.08327,0.40856
10.0,174.5,1886.4215,-0.27249
11.0,174.5,1884.9983,-0.07976
12.0,174.5,1886.63825,0.22435
13.0,174.5,1898.01016,0.26882
14.0,174.5,1910.88272,0.05945
15.0,174.5,1918.49586,0.03216
16.0,174.5,1911.70161,0.00551
17.0,174.5,1915.81166,-0.06957
18.0,174.5,1910.67328,-0.02574
19.0,174.5,1912.04982,0.04049
20.0,174.5,1915.05115,-0.1775
21.0,174.5,1919.28624,0.0806
22.0,174.5,1928.06925,-0.03226
23.0,174.5,1927.39929,-0.20839
24.0,174.5,1928.9721,-0.07362
25.0,174.5,1928.13172,-0.17222
26.0,174.5,1929.81465,-0.80503
27.0,174.5,1924.03782,-0.01481
28.0,174.5,1919.72027,0.03692
29.0,174.5,1909.24063,0.10606
30.0,174.5,1920.85717,0.06085
31.0,174.5,1912.91723,0.15726
32.0,174.5,1912.30197,-0.04125
33.0,174.5,1911.61571,0.06787
34.0,174.5,1913.9683,-0.01417
35.0,174.5,1913.84592,-0.68
36.0,174.5,1915.67279,-0.05801
37.0,174.5,1910.76386,-0.05555
38.0,174.5,1913.52755,-0.01601
39.0,174.5,1910.33539,0.0445
40.0,174.5,1917.10725,0.74286
41.0,174.5,1910.78601,-0.49401
42.0,174.5,1902.67556,-0.04018
43.0,174.5,1898.76942,-0.18696
44.0,174.5,1907.40019,-0.31509
45.0,174.5,1885.466,0.0
47.0,174.5,1889.48203,0.0
53.0,174.5,1882.8812,0.15365
62.0,174.5,1881.24903,0.0507
63.0,174.5,1879.11409,0.04979
64.0,174.5,1881.7917,0.04607
65.0,174.5,1887.04273,0.03524
66.0,174.5,1881.38473,0.07266
67.0,174.5,1881.23908,0.06197
68.0,174.5,1865.81767,0.08472
69.0,174.5,1879.50641,0.07515
70.0,174.5,1883.73855,0.03333
-11.0,175.5,1867.87563,2.91699
-10.0,175.5,1853.44299,-1.00156
-9.0,175.5,1858.70602,1.06397
-8.0,175.5,1860.51578,0.77123
-7.0,175.5,1878.00192,-0.43771
-6.0,175.5,1884.10673,-0.30309
-5.0,175.5,1874.88544,-0.15613
-4.0,175.5,1874.8774,0.03587
-3.0,175.5,1878.52093,-14.66336
-2.0,175.5,1875.68379,0.04049
-1.0,175.5,1883.92331,0.10314
0.0,175.5,1893.33493,0.14736
1.0,175.5,1884.51505,0.15311
2.0,175.5,1885.90119,-0.29847
3.0,175.5,1892.47015,0.04287
4.0,175.5,1871.95652,-0.43837
5.0,175.5,1877.13841,-0.27711
6.0,175.5,1891.42303,0.51433
7.0,175.5,1902.18669,-17.04968
8.0,175.5,1896.25865,-0.67404
9.0,175.5,1896.72808,8.54531
10.0,175.5,1898.04436,-3.36168
11.0,175.5,1905.44344,-1.91866
12.0,175.5,1899.7234,7.46247
13.0,175.5,1908.95209,-3.53403
14.0,175.5,1913.34203,0.52777
15.0,175.5,1915.90823,-0.37811
16.0,175.5,1925.86327,0.13816
17.0,175.5,1913.94707,0.44707
18.0,175.5,1913.21163,-0.03872
19.0,175.5,1915.09639,-0.09683
20.0,175.5,1908.16398,-0.0339
21.0,175.5,1917.36319,-0.22434
22.0,175.5,1931.34145,-0.00857
23.0,175.5,1933.15082,-0.11519
24.0,175.5,1923.23911,-0.21773
25.0,175.5,1918.92512,0.04588
26.0,175.5,1921.65994,-0.03104
27.0,175.5,1922.12915,-0.05859
28.0,175.5,1919.99441,-0.02805
29.0,175.5,1921.76643,0.17297
30.0,175.5,1921.48844,-0.04052
31.0,175.5,1917.2478,0.04331
32.0,175.5,1915.82296,0.08354
33.0,175.5,1912.69995,-0.00831
34.0,175.5,1912.95771,0.04465
35.0,175.5,1914.25739,0.00545
36.0,175.5,1915.04312,-0.04927
37.0,175.5,1910.57344,-0.25082
38.0,175.5,1911.88254,-1.85673
39.0,175.5,1907.87955,0.00736
40.0,175.5,1907.46788,-0.01243
41.0,175.5,1907.49389,-0.02546
42.0,175.5,1905.88508,-0.87033
43.0,175.5,1907.11695,0.32952
44.0,175.5,1913.05311,0.85939
45.0,175.5,1896.93039,-1.49282
46.0,175.5,1898.25561,-0.0
47.0,175.5,1899.94425,-0.15385
52.0,175.5,1895.82015,0.3589
62.0,175.5,1886.16275,0.02577
63.0,175.5,1878.13172,-0.27728
64.0,175.5,1884.40562,0.04066
65.0,175.5,1886.5888,0.0375
66.0,175.5,1879.66426,-1.06661
67.0,175.5,1871.2122,-1.47087
68.0,175.5,1866.4296,1.10999
69.0,175.5,1873.57425,0.04907
70.0,175.5,1879.88378,0.04243
-11.0,176.5,1858.60403,-0.47972
-10.0,176.5,1862.34364,0.17482
-9.0,176.5,1874.95728,0.47882
-8.0,176.5,1876.1371,0.01464
-7.0,176.5,1873.09325,0.21237
-6.0,176.5,1881.15777,0.05607
-5.0,176.5,1884.59611,0.12769
-4.0,176.5,1883.40984,-0.05497
-3.0,176.5,1873.02584,-7.13021
-2.0,176.5,1867.02834,-0.03702
-1.0,176.5,1881.53641,0.0019
0.0,176.5,1873.95611,0.10022
1.0,176.5,1884.43167,0.05205
2.0,176.5,1891.19716,-0.13124
3.0,176.5,1885.18036,-0.03393
4.0,176.5,1893.89537,4.33379
5.0,176.5,1898.00004,0.0343
6.0,176.5,1894.12942,-8.36705
7.0,176.5,1893.17701,-7.46511
8.0,176.5,1887.79354,3.22532
9.0,176.5,1891.57151,-0.69254
10.0,176.5,1897.98678,1.5215
11.0,176.5,1894.40054,-1.77152
12.0,176.5,1908.07177,-0.83557
13.0,176.5,1907.8086,-0.09202
14.0,176.5,1899.77106,0.12208
15.0,176.5,1910.49928,0.21315
16.0,176.5,1923.35029,-0.27804
17.0,176.5,1914.34899,-0.2418
18.0,176.5,1917.44989,-0.09978
19.0,176.5,1919.34757,-0.04939
20.0,176.5,1910.75871,-0.16357
21.0,176.5,1917.7856,0.10627
22.0,176.5,1916.49623,-0.08219
23.0,176.5,1928.53361,0.00056
24.0,176.5,1927.93638,0.0826
25.0,176.5,1928.89442,0.17624
26.0,176.5,1926.72535,-0.18826
27.0,176.5,1919.43067,-0.03538
28.0,176.5,1919.96234,-0.03307
29.0,176.5,1917.40736,0.28136
30.0,176.5,1920.33187,0.41011
31.0,176.5,1920.99732,0.07908
32.0,176.5,1918.88096,0.05925
33.0,176.5,1917.08261,-0.02141
34.0,176.5,1914.98913,0.08803
35.0,176.5,1910.73144,-0.34225
36.0,176.5,1914.97693,-0.74395
37.0,176.5,1919.37964,-0.76289
38.0,176.5,1901.62831,0.2196
39.0,176.5,1911.68264,0.09718
40.0,176.5,1915.38797,0.14112
41.0,176.5,1905.30928,0.258
42.0,176.5,1913.48098,1.02659
43.0,176.5,1902.43332,3.01901
44.0,176.5,1885.58154,-0.0
47.0,176.5,1895.69864,1.12
52.0,176.5,1886.95208,-0.36418
62.0,176.5,1887.36295,0.03482
63.0,176.5,1876.21744,0.06001
64.0,176.5,1882.51875,0.04226
65.0,176.5,1881.98118,0.04557
66.0,176.5,1887.07011,0.05521
67.0,176.5,1873.51063,0.02178
68.0,176.5,1868.01662,0.0381
69.0,176.5,1871.52464,0.05719
70.0,176.5,1879.93248,-0.00511
-11.0,177.5,1870.83979,0.5892
-10.0,177.5,1872.19315,0.85521
-9.0,177.5,1879.17,-0.08042
-8.0,177.5,1875.81831,0.85387
-7.0,177.5,1864.02925,0.27489
-6.0,177.5,1875.0251,-0.25578
-5.0,177.5,1886.69821,-0.0635
-4.0,177.5,1880.52761,-8.88461
-3.0,177.5,1867.79575,-3.44231
-2.0,177.5,1867.80613,-0.15693
-1.0,177.5,1878.47055,0.24986
0.0,177.5,1887.109,0.03832
1.0,177.5,1892.87255,-0.18885
2.0,177.5,1900.85924,-0.14805
3.0,177.5,1878.42915,0.13742
4.0,177.5,1887.71309,-0.09275
5.0,177.5,1893.03451,-1.00775
6.0,177.5,1871.92345,1.14357
7.0,177.5,1890.19441,1.75507
8.0,177.5,1890.93732,-5.43767
9.0,177.5,1901.297,0.41548
10.0,177.5,1890.65688,-2.38363
11.0,177.5,1892.51176,0.09149
12.0,177.5,1910.60854,0.23966
13.0,177.5,1908.4672,-0.66954
14.0,177.5,1906.06532,0.02999
15.0,177.5,1892.97844,0.53254
16.0,177.5,1918.73365,-0.03582
17.0,177.5,1906.66692,-0.14005
18.0,177.5,1908.17275,-0.0754
19.0,177.5,1919.60678,-0.38158
20.0,177.5,1914.77731,-0.40591
21.0,177.5,1923.99668,-0.12222
22.0,177.5,1919.69079,0.00145
23.0,177.5,1920.31508,-0.64936
24.0,177.5,1924.44067,0.12952
25.0,177.5,1913.77818,-0.00903
26.0,177.5,1927.06094,-0.69343
27.0,177.5,1920.37215,-0.11433
28.0,177.5,1921.43717,-0.07935
29.0,177.5,1916.42574,0.08585
30.0,177.5,1920.10746,-0.13909
31.0,177.5,1919.56296,0.03254
32.0,177.5,1922.77885,-0.0086
33.0,177.5,1912.30239,0.06987
34.0,177.5,1911.9162,0.12122
35.0,177.5,1912.51479,0.3073
36.0,177.5,1911.62133,0.45222
37.0,177.5,1912.57281,0.55411
38.0,177.5,1914.77227,0.32073
39.0,177.5,1923.42829,0.21632
40.0,177.5,1915.8033,-0.22969
41.0,177.5,1913.5053,-0.22493
42.0,177.5,1894.02023,2.78875
43.0,177.5,1918.10812,-0.60732
45.0,177.5,1884.47416,4.0
46.0,177.5,1883.9895,28.28986
47.0,177.5,1877.2915,6.95911
50.0,177.5,1887.60843,1.45732
52.0,177.5,1849.41455,1.0
62.0,177.5,1864.23777,0.07296
63.0,177.5,1882.04909,0.0493
64.0,177.5,1886.59064,0.03689
65.0,177.5,1886.01027,0.04332
66.0,177.5,1885.40586,0.06169
67.0,177.5,1880.85152,0.10536
68.0,177.5,1855.85308,0.05224
69.0,177.5,1870.63545,0.06723
70.0,177.5,1878.76684,0.12367
-11.0,178.5,1873.98604,-1.25638
-10.0,178.5,1877.7651,0.07871
-9.0,178.5,1871.82697,-8.99111
-8.0,178.5,1879.9711,0.7312
-7.0,178.5,1877.46713,-0.67154
-6.0,178.5,1871.0334,-0.95285
-5.0,178.5,1885.85122,-0.14685
-4.0,178.5,1883.47924,0.2776
-3.0,178.5,1888.4146,-0.74087
-2.0,178.5,1884.34173,-0.12351
-1.0,178.5,1885.55757,-0.02388
0.0,178.5,1879.89473,-0.00035
1.0,178.5,1887.44219,0.00976
2.0,178.5,1900.37251,0.00814
3.0,178.5,1897.29398,-0.01894
4.0,178.5,1888.86433,0.04191
5.0,178.5,1885.09515,1.82739
6.0,178.5,1878.92428,-0.0556
7.0,178.5,1887.76171,0.01326
8.0,178.5,1897.59972,-1.84377
9.0,178.5,1881.55304,-3.41638
10.0,178.5,1891.64893,0.15251
11.0,178.5,1903.23253,-0.70165
12.0,178.5,1894.70884,-0.43969
13.0,178.5,1900.34749,-0.42687
14.0,178.5,1912.73577,-0.40344
15.0,178.5,1903.71673,0.11999
16.0,178.5,1924.5686,-0.16212
17.0,178.5,1910.20097,-0.12444
18.0,178.5,1914.33623,0.0146
19.0,178.5,1913.37994,-0.75866
20.0,178.5,1912.78713,-0.30157
21.0,178.5,1918.69377,-0.14494
22.0,178.5,1915.59368,1.34546
23.0,178.5,1924.07512,0.04545
24.0,178.5,1921.34182,0.09398
25.0,178.5,1914.54743,0.02641
26.0,178.5,1919.37798,0.02321
27.0,178.5,1928.55417,-0.01135
28.0,178.5,1930.6088,0.14088
29.0,178.5,1929.0719,0.20055
30.0,178.5,1922.93255,-0.16871
31.0,178.5,1918.2484,0.00237
32.0,178.5,1910.18001,0.02508
33.0,178.5,1917.82573,0.04757
34.0,178.5,1911.08489,0.02356
35.0,178.5,1911.54937,-0.03481
36.0,178.5,1919.13931,0.14365
37.0,178.5,1915.31368,0.30617
38.0,178.5,1919.8838,0.01485
39.0,178.5,1921.11275,0.01525
40.0,178.5,1917.23121,-0.06748
41.0,178.5,1908.00808,-1.84279
42.0,178.5,1903.88766,0.31088
43.0,178.5,1909.69168,-0.01102
45.0,178.5,1883.22526,4.0
47.0,178.5,1905.19579,0.0
48.0,178.5,1884.28086,0.0
50.0,178.5,1886.16945,-3.02532
62.0,178.5,1867.78546,0.2861
63.0,178.5,1882.44752,0.01936
64.0,178.5,1885.21512,0.17173
65.0,178.5,1888.48352,0.02162
66.0,178.5,1884.23818,0.04489
67.0,178.5,1877.75539,-0.01814
68.0,178.5,1851.64994,-0.48147
69.0,178.5,1874.60609,0.02225
70.0,178.5,1874.14563,0.13362
71.0,178.5,1874.26687,22.25608
-11.0,179.5,1872.9361,-0.42622
-10.0,179.5,1872.68544,-0.19486
-9.0,179.5,1878.10496,-0.02676
-8.0,179.5,1875.05231,-0.52727
-7.0,179.5,1859.71642,0.97424
-6.0,179.5,1874.79406,0.20763
-5.0,179.5,1874.78455,1.36563
-4.0,179.5,1864.65117,0.65963
-3.0,179.5,1874.46357,-0.04303
-2.0,179.5,1885.12802,0.48691
-1.0,179.5,1886.97461,0.1054
0.0,179.5,1893.13527,-0.00273
1.0,179.5,1890.13139,0.12532
2.0,179.5,1891.32397,0.24207
3.0,179.5,1895.8931,0.07763
4.0,179.5,1890.08108,0.00041
5.0,179.5,1885.7668,0.7822
6.0,179.5,1891.736,0.21946
7.0,179.5,1895.46272,0.1696
8.0,179.5,1890.10924,-9.6185
9.0,179.5,1881.16263,2.67767
10.0,179.5,1883.61675,0.04407
11.0,179.5,1892.34188,-0.08962
12.0,179.5,1893.31259,0.04409
13.0,179.5,1903.29084,-0.12466
14.0,179.5,1913.1441,0.02646
15.0,179.5,1905.11488,-0.33712
16.0,179.5,1906.33739,-0.0824
17.0,179.5,1918.18498,-1.56132
18.0,179.5,1918.1243,-0.08571
19.0,179.5,1923.20605,-0.11494
20.0,179.5,1917.77776,-0.3924
21.0,179.5,1927.55683,-0.16934
22.0,179.5,1924.82123,-0.03918
23.0,179.5,1924.80504,0.73736
24.0,179.5,1924.02136,0.09711
25.0,179.5,1928.21926,0.00989
26.0,179.5,1928.1299,-0.08949
27.0,179.5,1922.83484,-0.21564
28.0,179.5,1927.95916,0.0238
29.0,179.5,1927.4208,0.11469
30.0,179.5,1923.50785,0.03804
31.0,179.5,1919.99944,0.00026
32.0,179.5,1918.72255,0.04919
33.0,179.5,1919.06265,0.0052
34.0,179.5,1914.83285,-0.00219
35.0,179.5,1912.16645,0.03008
36.0,179.5,1918.54811,-0.20367
37.0,179.5,1912.64341,0.05517
38.0,179.5,1913.9342,0.06635
39.0,179.5,1912.57395,-0.02206
40.0,179.5,1909.18183,-0.01206
41.0,179.5,1913.24918,1.78071
42.0,179.5,1899.90206,0.54835
43.0,179.5,1885.94843,-1.37053
44.0,179.5,1885.44336,0.0
48.0,179.5,1873.63735,-5.05188
51.0,179.5,1888.4021,-1.71429
62.0,179.5,1877.48242,0.02735
63.0,179.5,1863.4896,0.10927
64.0,179.5,1863.07543,1.65731
65.0,179.5,1883.80906,-0.05987
66.0,179.5,1885.94298,0.07315
67.0,179.5,1881.97724,0.0596
68.0,179.5,1855.48851,-0.03173
69.0,179.5,1876.43082,-0.08728
71.0,179.5,1886.2405,0.03424
72.0,179.5,1875.43912,-0.013
-11.0,25.5,1877.86508,0.01936
-10.0,25.5,1877.31498,0.01413
-9.0,25.5,1882.84468,0.0127
-8.0,25.5,1887.73172,0.01572
-7.0,25.5,1885.79971,0.01608
-6.0,25.5,1887.50103,0.01931
-5.0,25.5,1875.60529,0.0344
-4.0,25.5,1874.4951,0.0747
-3.0,25.5,1869.72152,0.09363
-2.0,25.5,1859.09545,0.06344
-1.0,25.5,1867.56789,0.0512
0.0,25.5,1876.74006,0.06913
1.0,25.5,1886.70347,0.0322
2.0,25.5,1894.21376,-0.00491
3.0,25.5,1906.31246,-0.01789
4.0,25.5,1903.26466,0.06121
5.0,25.5,1908.89784,0.06074
6.0,25.5,1916.60113,0.03467
7.0,25.5,1920.70386,0.04831
8.0,25.5,1921.39287,0.03548
9.0,25.5,1924.41226,0.02576
10.0,25.5,1928.01234,0.00021
11.0,25.5,1938.11882,-8e-05
12.0,25.5,1940.18606,0.00886
13.0,25.5,1939.79502,0.0209
14.0,25.5,1938.42866,0.02611
15.0,25.5,1933.15731,0.02668
16.0,25.5,1933.03336,0.02322
17.0,25.5,1935.46353,0.01628
18.0,25.5,1937.72607,0.01748
19.0,25.5,1936.86925,0.01247
20.0,25.5,1935.23369,0.01073
21.0,25.5,1934.4282,0.01661
22.0,25.5,1933.95683,0.01982
23.0,25.5,1934.39366,0.0216
24.0,25.5,1927.99727,0.01808
25.0,25.5,1931.6794,0.01578
26.0,25.5,1939.35741,0.01266
27.0,25.5,1938.31197,0.01375
28.0,25.5,1939.5512,0.01512
29.0,25.5,1940.4065,0.00544
30.0,25.5,1952.77286,-0.06935
31.0,25.5,1956.04615,0.05154
32.0,25.5,1914.16888,0.01241
33.0,25.5,1921.61768,0.00885
34.0,25.5,1927.55866,0.01806
35.0,25.5,1909.9601,0.02119
36.0,25.5,1915.57674,0.03808
37.0,25.5,1887.08455,0.03751
38.0,25.5,1897.984,0.0274
39.0,25.5,1904.89146,0.03243
40.0,25.5,1900.97215,0.03107
41.0,25.5,1910.26899,0.02199
42.0,25.5,1914.8857,0.01944
43.0,25.5,1911.14736,0.01352
44.0,25.5,1914.42674,0.03126
45.0,25.5,1906.56963,0.03287
46.0,25.5,1897.77854,0.02621
47.0,25.5,1885.87927,0.07364
48.0,25.5,1894.6371,0.01254
49.0,25.5,1902.32911,0.01431
50.0,25.5,1900.48125,0.0091
51.0,25.5,1892.76771,0.00696
52.0,25.5,1890.74209,0.00435
53.0,25.5,1886.92017,0.00923
54.0,25.5,1886.83601,0.00735
55.0,25.5,1884.43926,0.03427
56.0,25.5,1886.10155,0.0238
57.0,25.5,1884.51457,0.04805
58.0,25.5,1887.93695,0.0408
59.0,25.5,1887.34449,0.01511
60.0,25.5,1862.34635,0.2352
61.0,25.5,1873.03844,0.03287
62.0,25.5,1866.77783,0.03999
63.0,25.5,1862.28739,0.01789
64.0,25.5,1873.53954,0.02239
65.0,25.5,1866.66335,0.00997
66.0,25.5,1868.37748,0.02479
67.0,25.5,1867.45442,0.05293
68.0,25.5,1861.55163,0.03764
69.0,25.5,1865.7202,0.03312
70.0,25.5,1863.16398,-0.00697
71.0,25.5,1843.22755,4.93384
76.0,25.5,1876.94096,0.05848
77.0,25.5,1877.56382,-0.25296
78.0,25.5,1857.06745,-0.11034
-11.0,26.5,1882.66361,0.01473
-10.0,26.5,1884.00958,0.01315
-9.0,26.5,1879.44886,0.00847
-8.0,26.5,1883.85187,0.01679
-7.0,26.5,1881.43707,0.01961
-6.0,26.5,1883.26546,0.0263
-5.0,26.5,1879.21318,0.0267
-4.0,26.5,1872.4778,0.04941
-3.0,26.5,1870.97258,0.07847
-2.0,26.5,1872.0422,0.12497
-1.0,26.5,1877.84327,0.08629
0.0,26.5,1882.60384,0.06719
1.0,26.5,1887.77821,0.06026
2.0,26.5,1898.15344,0.05246
3.0,26.5,1912.36871,-0.00297
4.0,26.5,1904.65402,0.03136
5.0,26.5,1913.19848,0.05433
6.0,26.5,1916.33529,0.02521
7.0,26.5,1920.80829,0.06221
8.0,26.5,1922.67079,0.08435
9.0,26.5,1929.75155,0.02265
10.0,26.5,1933.26609,0.00091
11.0,26.5,1940.58577,-0.00283
12.0,26.5,1941.8781,0.00073
13.0,26.5,1938.39634,0.01367
14.0,26.5,1936.97097,0.02309
15.0,26.5,1930.40879,0.02186
16.0,26.5,1937.56868,0.01713
17.0,26.5,1937.13719,0.01363
18.0,26.5,1934.67653,0.01856
19.0,26.5,1933.38909,0.01354
20.0,26.5,1933.32319,0.01336
21.0,26.5,1935.10723,0.01498
22.0,26.5,1937.5184,0.01557
23.0,26.5,1935.43713,0.01878
24.0,26.5,1937.8773,0.01967
25.0,26.5,1940.54581,0.01802
26.0,26.5,1940.5979,0.01401
27.0,26.5,1940.32939,0.01459
28.0,26.5,1938.5731,0.00783
29.0,26.5,1937.19262,0.00703
30.0,26.5,1945.66612,-0.00343
31.0,26.5,1946.53687,0.00409
32.0,26.5,1918.16351,0.01572
33.0,26.5,1924.02757,0.0137
34.0,26.5,1926.08161,0.01567
35.0,26.5,1911.86433,0.02494
36.0,26.5,1911.26259,0.03018
37.0,26.5,1893.58883,0.02598
38.0,26.5,1888.08353,0.0321
39.0,26.5,1887.61495,0.02461
40.0,26.5,1908.40889,0.02212
41.0,26.5,1919.23989,0.02446
42.0,26.5,1917.47426,0.02525
43.0,26.5,1913.57092,0.01595
44.0,26.5,1912.94243,0.02644
45.0,26.5,1910.50612,0.02846
46.0,26.5,1895.80288,0.02819
47.0,26.5,1903.42114,0.03125
48.0,26.5,1902.13256,0.02714
49.0,26.5,1902.00527,0.01945
50.0,26.5,1899.9441,0.01025
51.0,26.5,1893.4681,0.01155
52.0,26.5,1889.17816,0.00687
53.0,26.5,1889.56365,-0.0066
54.0,26.5,1884.8865,-0.00394
55.0,26.5,1886.32287,0.00327
56.0,26.5,1885.68521,0.01995
57.0,26.5,1885.19198,0.0472
58.0,26.5,1886.36119,0.03389
59.0,26.5,1887.06566,0.01973
60.0,26.5,1843.4589,0.04798
61.0,26.5,1870.32112,0.02749
62.0,26.5,1860.10664,0.01808
63.0,26.5,1859.76488,0.02559
64.0,26.5,1871.10763,0.02152
65.0,26.5,1871.06991,0.00998
66.0,26.5,1870.51451,0.02594
67.0,26.5,1870.35848,0.04755
68.0,26.5,1867.4128,0.02984
69.0,26.5,1865.93189,0.02849
70.0,26.5,1872.79029,0.06846
71.0,26.5,1829.52419,-57.39896
-11.0,27.5,1881.99458,0.009
-10.0,27.5,1883.26536,0.01261
-9.0,27.5,1886.18305,0.0094
-8.0,27.5,1881.83258,0.0168
-7.0,27.5,1880.5101,0.02716
-6.0,27.5,1876.78554,0.0157
-5.0,27.5,1874.64003,0.00665
-4.0,27.5,1872.28175,0.01522
-3.0,27.5,1871.25549,0.13269
-2.0,27.5,1883.15079,0.13622
-1.0,27.5,1885.11089,0.03999
0.0,27.5,1887.53611,-0.01277
1.0,27.5,1878.32106,0.02797
2.0,27.5,1895.7565,-0.10197
3.0,27.5,1904.95907,-0.00565
4.0,27.5,1904.25621,0.01327
5.0,27.5,1910.74714,0.02564
6.0,27.5,1919.96711,0.05364
7.0,27.5,1924.12754,0.06286
8.0,27.5,1931.4647,0.02764
9.0,27.5,1936.77191,-0.03783
10.0,27.5,1933.05129,0.00212
11.0,27.5,1941.42718,-0.00449
12.0,27.5,1943.20689,0.00208
13.0,27.5,1941.30291,0.01602
14.0,27.5,1939.15622,0.02513
15.0,27.5,1937.75278,0.02609
16.0,27.5,1935.9152,0.02097
17.0,27.5,1936.37969,0.01948
18.0,27.5,1933.6163,0.0196
19.0,27.5,1935.5015,0.01584
20.0,27.5,1933.96229,0.01556
21.0,27.5,1936.75845,0.01648
22.0,27.5,1938.89752,0.01769
23.0,27.5,1939.45035,0.01852
24.0,27.5,1939.53992,0.0155
25.0,27.5,1938.7848,0.01318
26.0,27.5,1936.8125,0.01983
27.0,27.5,1936.02769,0.00592
28.0,27.5,1939.97448,-0.02002
29.0,27.5,1938.41347,-0.0654
30.0,27.5,1935.32708,0.01641
31.0,27.5,1933.81742,0.01564
32.0,27.5,1916.75064,0.01031
33.0,27.5,1921.86238,0.0133
34.0,27.5,1924.11413,0.01657
35.0,27.5,1922.11266,0.02237
36.0,27.5,1894.79768,0.02355
37.0,27.5,1884.12484,0.025
38.0,27.5,1913.02509,0.01786
39.0,27.5,1919.98539,0.01551
40.0,27.5,1914.84971,0.04906
41.0,27.5,1911.07711,0.02815
42.0,27.5,1907.43366,0.01562
43.0,27.5,1909.04191,0.0212
44.0,27.5,1913.61388,0.02962
45.0,27.5,1915.58413,0.0285
46.0,27.5,1910.35098,0.02767
47.0,27.5,1902.12195,0.03914
48.0,27.5,1903.89154,0.03345
49.0,27.5,1899.61717,0.01619
50.0,27.5,1898.0679,0.01133
51.0,27.5,1887.42708,0.00828
52.0,27.5,1887.80544,0.00512
53.0,27.5,1893.91429,-0.00764
54.0,27.5,1888.76161,-0.00847
55.0,27.5,1886.95133,0.00691
56.0,27.5,1883.16757,0.01448
57.0,27.5,1884.71557,0.03436
58.0,27.5,1876.19313,0.0446
59.0,27.5,1873.27613,0.02737
60.0,27.5,1836.0542,0.23158
61.0,27.5,1870.06353,0.0203
62.0,27.5,1864.14996,0.00729
63.0,27.5,1865.08994,0.01174
64.0,27.5,1866.09661,0.02368
65.0,27.5,1867.51246,0.01086
66.0,27.5,1870.55177,0.03139
67.0,27.5,1866.82852,0.05051
68.0,27.5,1865.56045,0.03828
69.0,27.5,1856.69087,-0.14803
70.0,27.5,1873.3277,0.03803
71.0,27.5,1864.00668,-3.53881
-11.0,28.5,1883.80973,0.01072
-10.0,28.5,1877.78458,0.02189
-9.0,28.5,1857.4582,0.03412
-8.0,28.5,1876.23346,0.01219
-7.0,28.5,1873.26684,0.01364
-6.0,28.5,1878.71967,0.03295
-5.0,28.5,1880.12164,0.01119
-4.0,28.5,1881.95207,-0.25471
-3.0,28.5,1883.25542,-0.04882
-2.0,28.5,1888.47005,0.01522
-1.0,28.5,1890.42054,0.19965
0.0,28.5,1885.10211,0.14774
1.0,28.5,1893.74832,0.05729
2.0,28.5,1907.12957,-0.55994
3.0,28.5,1909.01836,-0.02147
4.0,28.5,1905.7387,-0.03731
5.0,28.5,1910.46617,0.02044
6.0,28.5,1923.92295,0.05441
7.0,28.5,1942.10178,0.02188
8.0,28.5,1945.78595,-0.03562
9.0,28.5,1942.5923,0.00815
10.0,28.5,1935.22303,0.00147
11.0,28.5,1938.59812,-0.00158
12.0,28.5,1938.4076,0.01388
13.0,28.5,1937.58878,0.01255
14.0,28.5,1939.32653,0.02034
15.0,28.5,1939.16216,0.02575
16.0,28.5,1940.50274,0.02579
17.0,28.5,1935.92893,0.02782
18.0,28.5,1934.25827,0.02146
19.0,28.5,1934.2864,0.01577
20.0,28.5,1935.84036,0.01524
21.0,28.5,1937.60394,0.01678
22.0,28.5,1937.85444,0.01876
23.0,28.5,1939.63396,0.02074
24.0,28.5,1938.56474,0.01766
25.0,28.5,1935.8627,0.01633
26.0,28.5,1935.07494,0.00213
27.0,28.5,1939.97374,-0.00168
28.0,28.5,1939.81161,-0.05755
29.0,28.5,1940.43462,-0.03133
30.0,28.5,1938.57994,0.01792
31.0,28.5,1926.25638,0.01421
32.0,28.5,1918.2375,-0.00179
33.0,28.5,1919.7493,0.00621
34.0,28.5,1919.75984,0.01879
35.0,28.5,1923.99348,0.02831
36.0,28.5,1913.99783,0.0313
37.0,28.5,1889.86199,0.02536
38.0,28.5,1918.38572,0.01848
39.0,28.5,1915.81555,0.01165
40.0,28.5,1908.18548,0.02359
41.0,28.5,1904.37332,0.02724
42.0,28.5,1909.21059,0.01341
43.0,28.5,1903.06198,0.01964
44.0,28.5,1901.65024,0.01995
45.0,28.5,1909.83756,0.02309
46.0,28.5,1913.35871,0.02424
47.0,28.5,1904.12438,0.0298
48.0,28.5,1904.56941,0.02853
49.0,28.5,1903.00546,0.01415
50.0,28.5,1899.2381,0.00884
51.0,28.5,1891.88087,0.00537
52.0,28.5,1887.72499,0.00647
53.0,28.5,1890.47598,-0.00476
54.0,28.5,1888.50417,0.00217
55.0,28.5,1879.42609,0.02742
56.0,28.5,1878.35416,0.03075
57.0,28.5,1883.70649,0.02383
58.0,28.5,1883.69664,0.04267
59.0,28.5,1882.34025,0.03302
60.0,28.5,1862.82929,0.10662
61.0,28.5,1869.14304,0.02397
62.0,28.5,1856.07085,0.02437
63.0,28.5,1860.74632,0.02545
64.0,28.5,1868.80907,0.02711
65.0,28.5,1867.91185,0.01648
66.0,28.5,1867.86191,0.03782
67.0,28.5,1868.38464,0.04581
68.0,28.5,1865.75549,0.03599
69.0,28.5,1855.52144,0.00437
70.0,28.5,1872.36296,-0.00759
71.0,28.5,1840.21992,-1.38914
-11.0,29.5,1877.04763,0.01608
-10.0,29.5,1881.8411,0.02048
-9.0,29.5,1875.95606,0.02124
-8.0,29.5,1883.20508,0.021
-7.0,29.5,1862.15239,0.01607
-6.0,29.5,1829.54252,-0.00132
-5.0,29.5,1845.89333,-0.22397
-4.0,29.5,1854.37512,-0.00734
-3.0,29.5,1902.16863,0.03089
-2.0,29.5,1891.13885,0.01966
-1.0,29.5,1896.12018,-0.0206
0.0,29.5,1887.62316,-1.76707
1.0,29.5,1909.91787,-1.22021
2.0,29.5,1919.21523,-0.18087
3.0,29.5,1917.87799,0.05869
4.0,29.5,1918.38315,0.04264
5.0,29.5,1919.8878,0.06161
6.0,29.5,1938.99317,0.04964
7.0,29.5,1948.89451,0.00102
8.0,29.5,1951.67799,-0.01564
9.0,29.5,1948.69806,0.01001
10.0,29.5,1936.33298,0.00419
11.0,29.5,1934.48999,0.00844
12.0,29.5,1934.55447,0.01295
13.0,29.5,1937.97831,0.01702
14.0,29.5,1938.33075,0.02079
15.0,29.5,1938.0977,0.02436
16.0,29.5,1937.24064,0.0292
17.0,29.5,1938.2972,0.02855
18.0,29.5,1937.52845,0.02555
19.0,29.5,1935.72097,0.01929
20.0,29.5,1935.89863,0.01654
21.0,29.5,1937.35525,0.02027
22.0,29.5,1937.76703,0.01896
23.0,29.5,1940.4849,0.02002
24.0,29.5,1939.03602,0.01695
25.0,29.5,1936.14599,0.0157
26.0,29.5,1939.05289,-0.08491
27.0,29.5,1945.12756,-0.08686
28.0,29.5,1940.52774,0.00097
29.0,29.5,1937.4693,0.01098
30.0,29.5,1938.55042,0.01845
31.0,29.5,1919.35599,0.0157
32.0,29.5,1915.12882,0.01791
33.0,29.5,1919.45759,0.02316
34.0,29.5,1921.3,0.02123
35.0,29.5,1923.79397,0.02226
36.0,29.5,1910.36297,0.02733
37.0,29.5,1909.9391,0.00199
38.0,29.5,1919.46448,0.0187
39.0,29.5,1913.99819,0.01688
40.0,29.5,1907.7402,0.02299
41.0,29.5,1909.93728,0.02715
42.0,29.5,1920.31619,0.01791
43.0,29.5,1916.74346,0.01744
44.0,29.5,1908.981,0.03207
45.0,29.5,1889.55623,0.00983
46.0,29.5,1911.51431,0.01936
47.0,29.5,1908.21044,0.01551
48.0,29.5,1904.38478,0.01576
49.0,29.5,1904.97945,0.00972
50.0,29.5,1902.99871,0.01031
51.0,29.5,1892.97121,0.01175
52.0,29.5,1891.76329,0.00793
53.0,29.5,1891.83365,-0.01235
54.0,29.5,1887.21328,0.00816
55.0,29.5,1885.02004,0.02492
56.0,29.5,1877.62016,0.02036
57.0,29.5,1880.66962,-0.00419
58.0,29.5,1883.58186,0.04271
59.0,29.5,1884.86961,0.04395
60.0,29.5,1879.74571,0.00836
61.0,29.5,1875.96475,0.00662
62.0,29.5,1853.64322,0.0211
63.0,29.5,1858.72387,0.02292
64.0,29.5,1867.85624,0.03405
65.0,29.5,1868.64924,0.00634
66.0,29.5,1869.84126,0.03648
67.0,29.5,1869.43203,0.05173
68.0,29.5,1865.3806,0.05348
69.0,29.5,1861.86718,0.0119
70.0,29.5,1871.39212,-0.01487
71.0,29.5,1864.05186,0.09292
-11.0,30.5,1883.74557,0.0165
-10.0,30.5,1886.48319,0.01654
-9.0,30.5,1878.84818,0.01217
-8.0,30.5,1833.58648,0.0011
-7.0,30.5,1859.16733,0.08188
-6.0,30.5,1898.54518,-0.01823
-5.0,30.5,1895.27242,0.01757
-4.0,30.5,1894.55214,0.0055
-3.0,30.5,1902.52895,0.00434
-2.0,30.5,1906.8063,-0.0113
-1.0,30.5,1914.84477,0.03625
0.0,30.5,1902.80992,-0.08679
1.0,30.5,1900.36794,-0.28852
2.0,30.5,1908.42108,0.36859
3.0,30.5,1918.24414,0.34217
4.0,30.5,1915.21223,0.05972
5.0,30.5,1924.525,0.08985
6.0,30.5,1935.66454,0.08668
7.0,30.5,1942.49752,-0.0049
8.0,30.5,1945.69236,-0.0402
9.0,30.5,1943.9844,-0.02935
10.0,30.5,1935.63998,0.02413
11.0,30.5,1933.16404,0.00709
12.0,30.5,1929.75771,0.01276
13.0,30.5,1940.2191,0.01911
14.0,30.5,1941.78968,0.02264
15.0,30.5,1939.03483,0.02554
16.0,30.5,1936.62194,0.0317
17.0,30.5,1935.06811,0.02503
18.0,30.5,1934.70089,0.02048
19.0,30.5,1928.128,0.022
20.0,30.5,1929.00794,0.02145
21.0,30.5,1931.17865,0.01354
22.0,30.5,1936.39537,0.0179
23.0,30.5,1924.48606,0.01769
24.0,30.5,1936.03645,-0.02042
25.0,30.5,1936.96024,-0.00419
26.0,30.5,1941.97375,-0.08396
27.0,30.5,1942.17254,-0.01278
28.0,30.5,1930.70977,0.01222
29.0,30.5,1928.44844,-0.02856
30.0,30.5,1933.77581,0.01984
31.0,30.5,1906.12244,0.01683
32.0,30.5,1911.25919,0.0122
33.0,30.5,1915.13332,0.01621
34.0,30.5,1920.34678,0.0281
35.0,30.5,1921.76882,0.02796
36.0,30.5,1912.63341,0.02123
37.0,30.5,1907.44861,-0.05434
38.0,30.5,1904.19581,0.08316
39.0,30.5,1915.67769,0.0197
40.0,30.5,1915.71825,0.03217
41.0,30.5,1912.83926,0.02459
42.0,30.5,1918.73668,0.02896
43.0,30.5,1919.67748,0.01924
44.0,30.5,1910.10811,0.01715
45.0,30.5,1903.68596,0.02763
46.0,30.5,1885.30465,-0.07038
47.0,30.5,1909.44821,0.00875
48.0,30.5,1908.3154,0.01084
49.0,30.5,1905.71557,0.01461
50.0,30.5,1903.56592,0.01345
51.0,30.5,1888.40324,0.01303
52.0,30.5,1894.13097,0.00758
53.0,30.5,1894.41457,-0.00708
54.0,30.5,1893.67563,0.00271
55.0,30.5,1885.71951,0.02192
56.0,30.5,1882.11696,0.01058
57.0,30.5,1884.45695,0.02256
58.0,30.5,1885.42514,0.03476
59.0,30.5,1883.49006,0.05117
60.0,30.5,1890.0305,0.00978
61.0,30.5,1864.94449,-0.03966
62.0,30.5,1864.41062,0.0103
63.0,30.5,1866.72685,-0.00275
64.0,30.5,1870.132,0.01294
65.0,30.5,1869.63171,0.00958
66.0,30.5,1864.84416,0.05477
67.0,30.5,1866.78799,0.05005
68.0,30.5,1865.81648,0.03741
69.0,30.5,1867.81273,0.00954
70.0,30.5,1857.82876,0.02375
71.0,30.5,1833.30329,0.43019
-11.0,31.5,1886.73136,0.0099
-10.0,31.5,1886.26594,0.0103
-9.0,31.5,1888.98165,0.01228
-8.0,31.5,1883.32492,0.00334
-7.0,31.5,1890.45507,0.01254
-6.0,31.5,1886.99862,0.01378
-5.0,31.5,1895.88355,0.02115
-4.0,31.5,1886.90638,0.01442
-3.0,31.5,1899.49193,0.0129
-2.0,31.5,1881.85801,0.01158
-1.0,31.5,1885.88484,0.10368
0.0,31.5,1901.7511,-0.88186
1.0,31.5,1933.01024,0.09268
2.0,31.5,1913.18926,0.14482
3.0,31.5,1913.23141,0.0562
4.0,31.5,1917.70374,0.04844
5.0,31.5,1921.77563,0.04608
6.0,31.5,1925.01997,0.03356
7.0,31.5,1930.83219,-0.0043
8.0,31.5,1932.3873,0.00707
9.0,31.5,1937.57532,-0.01616
10.0,31.5,1933.59791,0.00595
11.0,31.5,1932.69695,-0.00827
12.0,31.5,1935.18679,0.00265
13.0,31.5,1940.02878,0.02148
14.0,31.5,1940.68114,0.02244
15.0,31.5,1938.58123,0.01976
16.0,31.5,1937.74459,0.02634
17.0,31.5,1935.13459,0.02516
18.0,31.5,1934.42646,0.02309
19.0,31.5,1933.56833,0.02472
20.0,31.5,1933.21387,0.02179
21.0,31.5,1930.70023,0.02005
22.0,31.5,1928.31528,0.02219
23.0,31.5,1928.21592,0.05277
24.0,31.5,1949.23391,-0.0136
25.0,31.5,1943.58424,-0.0208
26.0,31.5,1941.87294,-0.06806
27.0,31.5,1930.68863,-0.15151
28.0,31.5,1945.82209,-0.11236
29.0,31.5,1944.04308,-0.05714
30.0,31.5,1935.01014,0.00856
31.0,31.5,1907.91079,0.02389
32.0,31.5,1910.62708,0.01054
33.0,31.5,1915.20392,0.00318
34.0,31.5,1918.41617,0.02902
35.0,31.5,1921.47702,0.02891
36.0,31.5,1919.90451,0.00672
37.0,31.5,1908.01682,0.02223
38.0,31.5,1910.08358,0.01175
39.0,31.5,1922.31227,0.01103
40.0,31.5,1923.01141,-0.02283
41.0,31.5,1901.48549,0.0088
42.0,31.5,1916.62981,0.02614
43.0,31.5,1914.46605,0.01481
44.0,31.5,1905.15072,0.01077
45.0,31.5,1902.23462,0.02279
46.0,31.5,1879.2923,-0.05508
47.0,31.5,1907.37599,0.01956
48.0,31.5,1909.7393,0.01088
49.0,31.5,1907.63339,0.01566
50.0,31.5,1903.08092,0.01471
51.0,31.5,1904.08267,-0.00215
52.0,31.5,1895.62997,0.0035
53.0,31.5,1889.21983,0.00465
54.0,31.5,1888.96902,0.00785
55.0,31.5,1880.25485,0.02397
56.0,31.5,1877.674,0.03685
57.0,31.5,1876.81811,0.04608
58.0,31.5,1877.29049,0.04681
59.0,31.5,1883.58684,0.04351
60.0,31.5,1875.47195,0.10111
61.0,31.5,1853.49293,0.07093
62.0,31.5,1866.3584,0.02987
63.0,31.5,1872.45304,0.00607
64.0,31.5,1872.00154,-0.00339
65.0,31.5,1869.8299,0.00753
66.0,31.5,1863.4125,0.00261
67.0,31.5,1860.57415,-0.0131
68.0,31.5,1861.19663,0.01029
69.0,31.5,1867.0211,-2.949
70.0,31.5,1848.45821,0.33193
-11.0,32.5,1885.74077,0.00153
-10.0,32.5,1890.18345,-0.0071
-9.0,32.5,1902.51593,0.00403
-8.0,32.5,1865.62532,-0.00356
-7.0,32.5,1888.69747,0.00879
-6.0,32.5,1889.92857,0.01225
-5.0,32.5,1903.11487,0.01133
-4.0,32.5,1907.84225,0.02081
-3.0,32.5,1905.75762,0.02397
-2.0,32.5,1865.86947,-0.0256
-1.0,32.5,1895.52421,-1.15409
0.0,32.5,1886.44116,-0.27944
1.0,32.5,1915.00676,-0.00756
2.0,32.5,1908.66411,0.05349
3.0,32.5,1912.2527,-0.01681
4.0,32.5,1910.88942,0.07592
5.0,32.5,1911.74381,-0.00196
6.0,32.5,1913.58941,-0.01304
7.0,32.5,1928.05048,-0.02022
8.0,32.5,1932.88638,-0.00255
9.0,32.5,1936.02976,-0.01549
10.0,32.5,1937.51264,0.00191
11.0,32.5,1936.95826,-0.0122
12.0,32.5,1938.83732,0.01037
13.0,32.5,1939.64179,0.0211
14.0,32.5,1930.30301,0.01222
15.0,32.5,1929.18967,0.01296
16.0,32.5,1935.06456,0.02239
17.0,32.5,1936.98676,0.02549
18.0,32.5,1929.3598,0.02331
19.0,32.5,1930.17335,0.02295
20.0,32.5,1934.03762,0.0257
21.0,32.5,1936.7282,0.02194
22.0,32.5,1935.42605,0.01787
23.0,32.5,1924.52262,0.02572
24.0,32.5,1930.0492,0.02058
25.0,32.5,1938.45414,0.00489
26.0,32.5,1935.77313,-0.00279
27.0,32.5,1939.65248,-0.02706
28.0,32.5,1933.31354,-0.00196
29.0,32.5,1903.37046,-0.02832
30.0,32.5,1926.40895,0.00952
31.0,32.5,1916.9132,0.0191
32.0,32.5,1912.19379,0.00799
33.0,32.5,1913.15375,0.00071
34.0,32.5,1919.23882,0.01316
35.0,32.5,1908.28566,0.02163
36.0,32.5,1907.70502,0.01485
37.0,32.5,1924.79939,0.03697
38.0,32.5,1924.63041,0.01009
39.0,32.5,1925.29347,0.00988
40.0,32.5,1918.85424,-0.00565
41.0,32.5,1911.00519,0.022
42.0,32.5,1909.88532,0.02368
43.0,32.5,1914.67271,0.02341
44.0,32.5,1907.19173,0.01843
45.0,32.5,1898.57818,0.01308
46.0,32.5,1903.92233,0.0166
47.0,32.5,1915.03521,0.01049
48.0,32.5,1911.45843,0.01641
49.0,32.5,1898.32365,0.01975
50.0,32.5,1908.09331,0.01337
51.0,32.5,1902.64547,0.00781
52.0,32.5,1895.66609,0.0049
53.0,32.5,1891.80349,0.00435
54.0,32.5,1884.77808,0.0018
55.0,32.5,1881.8736,0.02334
56.0,32.5,1876.42038,0.04814
57.0,32.5,1874.04485,0.04102
58.0,32.5,1878.75125,0.03511
59.0,32.5,1881.52389,0.01839
60.0,32.5,1877.29852,-0.01531
61.0,32.5,1865.19718,0.07221
62.0,32.5,1871.89429,0.02525
63.0,32.5,1872.05707,0.00901
64.0,32.5,1875.38941,-0.0078
65.0,32.5,1874.90166,-0.00391
66.0,32.5,1865.13545,-0.04441
67.0,32.5,1845.96024,-0.00482
68.0,32.5,1857.90989,-0.02813
69.0,32.5,1866.85257,0.03324
70.0,32.5,1870.71977,0.0046
-11.0,33.5,1893.73825,-0.00471
-10.0,33.5,1888.38661,0.03891
-9.0,33.5,1900.90219,0.0491
-8.0,33.5,1899.88073,0.01315
-7.0,33.5,1896.72082,0.01268
-6.0,33.5,1899.91069,0.01257
-5.0,33.5,1905.4254,0.00853
-4.0,33.5,1907.54265,0.01151
-3.0,33.5,1903.84831,0.01364
-2.0,33.5,1889.89236,-0.00442
-1.0,33.5,1898.34078,-0.04093
0.0,33.5,1890.38942,0.00568
1.0,33.5,1920.89993,-0.13428
2.0,33.5,1908.84865,-0.04273
3.0,33.5,1908.26446,0.11801
4.0,33.5,1910.57234,0.18718
5.0,33.5,1901.52823,-0.01817
6.0,33.5,1906.5981,-0.0149
7.0,33.5,1920.51426,-0.04611
8.0,33.5,1941.92689,-0.02609
9.0,33.5,1934.37457,0.02567
10.0,33.5,1929.31562,0.03297
11.0,33.5,1931.5511,0.00277
12.0,33.5,1931.37176,-0.00589
13.0,33.5,1929.77301,0.0219
14.0,33.5,1926.60002,0.01832
15.0,33.5,1927.24395,0.01104
16.0,33.5,1932.01053,0.02524
17.0,33.5,1930.44616,0.02026
18.0,33.5,1931.66637,0.01487
19.0,33.5,1932.88602,0.02232
20.0,33.5,1930.29261,0.02489
21.0,33.5,1929.72748,0.02367
22.0,33.5,1930.33736,0.02353
23.0,33.5,1935.64288,0.02314
24.0,33.5,1936.26343,0.02225
25.0,33.5,1933.49759,0.01907
26.0,33.5,1929.94963,0.0202
27.0,33.5,1916.78566,0.02026
28.0,33.5,1889.91173,0.02017
29.0,33.5,1921.73103,-0.02356
30.0,33.5,1944.65932,0.02421
31.0,33.5,1930.56629,0.01024
32.0,33.5,1914.62276,-0.00536
33.0,33.5,1911.37618,0.00129
34.0,33.5,1914.40953,0.01414
35.0,33.5,1919.56947,0.02116
36.0,33.5,1913.1249,0.01701
37.0,33.5,1927.0971,0.02071
38.0,33.5,1927.30776,0.01616
39.0,33.5,1919.70508,0.00637
40.0,33.5,1919.72619,0.0011
41.0,33.5,1913.13143,0.02421
42.0,33.5,1907.55802,0.04015
43.0,33.5,1913.12402,0.00932
44.0,33.5,1900.16316,0.02389
45.0,33.5,1909.3509,0.01684
46.0,33.5,1914.17056,0.02151
47.0,33.5,1918.473,0.0078
48.0,33.5,1913.12132,0.00757
49.0,33.5,1908.18372,0.01552
50.0,33.5,1907.95585,0.0045
51.0,33.5,1902.45133,0.00232
52.0,33.5,1895.4676,0.00185
53.0,33.5,1891.62326,0.00454
54.0,33.5,1882.7137,0.01407
55.0,33.5,1880.6774,0.0287
56.0,33.5,1879.63699,0.03649
57.0,33.5,1871.4002,0.0493
58.0,33.5,1876.93595,0.02614
59.0,33.5,1877.38145,0.01507
60.0,33.5,1879.67931,0.01458
61.0,33.5,1874.46411,0.00438
62.0,33.5,1869.61594,0.00521
63.0,33.5,1865.76364,-0.0194
64.0,33.5,1875.1574,-0.02373
65.0,33.5,1875.41175,-0.01991
66.0,33.5,1861.93699,-0.03547
67.0,33.5,1858.24745,-0.04005
68.0,33.5,1858.08845,0.04734
69.0,33.5,1862.46849,0.02061
70.0,33.5,1830.49716,0.24718
-11.0,34.5,1830.39264,-0.00891
-10.0,34.5,1839.15713,0.1404
-9.0,34.5,1897.27577,0.01929
-8.0,34.5,1896.4816,0.02793
-7.0,34.5,1893.69659,-0.00371
-6.0,34.5,1901.32291,-0.00174
-5.0,34.5,1906.63765,0.00899
-4.0,34.5,1909.34342,0.00753
-3.0,34.5,1902.21338,0.03052
-2.0,34.5,1906.76576,0.05311
-1.0,34.5,1904.63734,0.00872
0.0,34.5,1898.07434,0.02559
1.0,34.5,1916.68992,-0.01147
2.0,34.5,1908.1994,-0.04171
3.0,34.5,1913.81455,-0.0006
4.0,34.5,1909.04437,-0.06625
5.0,34.5,1902.71645,-0.07341
6.0,34.5,1901.34658,-0.00069
7.0,34.5,1900.71414,-0.024
8.0,34.5,1916.99001,-0.01467
9.0,34.5,1925.67103,0.03385
10.0,34.5,1924.56957,0.0437
11.0,34.5,1926.90656,0.02252
12.0,34.5,1927.19892,0.02501
13.0,34.5,1923.14716,0.02665
14.0,34.5,1921.76063,0.02404
15.0,34.5,1925.01923,0.01001
16.0,34.5,1926.34762,0.01673
17.0,34.5,1926.73318,0.0164
18.0,34.5,1931.25359,0.01646
19.0,34.5,1930.02297,0.02212
20.0,34.5,1928.94956,0.02145
21.0,34.5,1925.25524,0.02175
22.0,34.5,1929.55317,0.02218
23.0,34.5,1934.63077,0.01878
24.0,34.5,1932.6866,0.02059
25.0,34.5,1923.74238,0.02257
26.0,34.5,1902.98673,0.02371
27.0,34.5,1880.50519,0.01812
28.0,34.5,1877.15431,0.01423
29.0,34.5,1891.12487,-0.00291
30.0,34.5,1938.40226,-0.0022
31.0,34.5,1933.65809,0.00869
32.0,34.5,1909.58879,0.00853
33.0,34.5,1909.32301,0.00289
34.0,34.5,1913.63725,0.02477
35.0,34.5,1910.31714,0.0201
36.0,34.5,1909.66319,0.02238
37.0,34.5,1915.18996,0.01976
38.0,34.5,1921.10276,0.0156
39.0,34.5,1921.70509,0.01084
40.0,34.5,1915.99378,0.01184
41.0,34.5,1912.09584,0.00654
42.0,34.5,1908.22167,0.0109
43.0,34.5,1913.76541,0.01409
44.0,34.5,1904.97014,0.03558
45.0,34.5,1905.85882,0.02509
46.0,34.5,1915.22993,0.01974
47.0,34.5,1920.2092,0.00717
48.0,34.5,1913.83755,0.00642
49.0,34.5,1908.26493,0.01278
50.0,34.5,1905.08107,0.00366
51.0,34.5,1898.23929,-0.00463
52.0,34.5,1897.24131,-0.00969
53.0,34.5,1888.57204,0.00079
54.0,34.5,1882.70235,0.00671
55.0,34.5,1880.19163,0.0157
56.0,34.5,1883.24684,0.02141
57.0,34.5,1879.49525,0.03763
58.0,34.5,1879.2359,0.01796
59.0,34.5,1880.29236,0.00081
60.0,34.5,1875.99804,0.01689
61.0,34.5,1871.76572,0.01039
62.0,34.5,1854.70335,0.04483
63.0,34.5,1865.67919,-0.02001
64.0,34.5,1869.36564,-0.01685
65.0,34.5,1871.07154,-0.00277
66.0,34.5,1861.15582,-0.01175
67.0,34.5,1866.84201,0.05432
68.0,34.5,1862.06432,0.07559
69.0,34.5,1867.60263,-0.01812
-11.0,35.5,1889.43323,0.00741
-10.0,35.5,1890.3124,-0.03297
-9.0,35.5,1886.21724,0.02011
-8.0,35.5,1897.08609,0.035
-7.0,35.5,1904.32276,-0.00094
-6.0,35.5,1903.45146,0.00082
-5.0,35.5,1902.66766,0.00948
-4.0,35.5,1895.79189,0.01972
-3.0,35.5,1900.22266,0.01047
-2.0,35.5,1903.64093,0.05456
-1.0,35.5,1905.99542,-0.02776
0.0,35.5,1908.54094,-0.06915
1.0,35.5,1903.55544,-0.08971
2.0,35.5,1912.10672,-0.05533
3.0,35.5,1918.95732,-0.03384
4.0,35.5,1903.20071,-0.03167
5.0,35.5,1908.79511,-0.03948
6.0,35.5,1895.39108,0.63306
7.0,35.5,1908.32164,0.15408
8.0,35.5,1911.35807,0.50003
9.0,35.5,1921.04,0.0848
10.0,35.5,1917.86472,0.03639
11.0,35.5,1914.95479,0.02447
12.0,35.5,1919.23595,0.03087
13.0,35.5,1921.09273,0.02788
14.0,35.5,1921.4736,0.02082
15.0,35.5,1921.60223,0.006
16.0,35.5,1925.36949,0.01334
17.0,35.5,1929.93697,0.01767
18.0,35.5,1928.2613,0.01853
19.0,35.5,1926.30078,0.01579
20.0,35.5,1929.07657,0.01561
21.0,35.5,1929.72403,0.01919
22.0,35.5,1927.58776,0.02219
23.0,35.5,1922.10544,0.02532
24.0,35.5,1904.74423,0.02561
25.0,35.5,1905.9795,0.0352
26.0,35.5,1895.24431,0.03198
27.0,35.5,1885.06973,0.03469
28.0,35.5,1909.62587,0.02256
29.0,35.5,1928.75913,0.02489
30.0,35.5,1928.83482,0.01582
31.0,35.5,1926.3394,0.01319
32.0,35.5,1921.56362,0.01198
33.0,35.5,1911.62119,0.00857
34.0,35.5,1893.69069,0.02614
35.0,35.5,1906.88395,0.01945
36.0,35.5,1899.76111,0.01331
37.0,35.5,1916.70258,0.00865
38.0,35.5,1914.41417,-0.00736
39.0,35.5,1915.60337,0.00799
40.0,35.5,1912.76969,-0.02199
41.0,35.5,1913.90745,0.13212
42.0,35.5,1902.86821,-0.00476
43.0,35.5,1911.21047,0.00431
44.0,35.5,1909.01482,0.00743
45.0,35.5,1902.52279,0.0177
46.0,35.5,1891.03047,0.01927
47.0,35.5,1914.21977,0.0155
48.0,35.5,1910.94085,0.00874
49.0,35.5,1910.00176,0.01243
50.0,35.5,1905.76116,0.00697
51.0,35.5,1900.1024,0.00069
52.0,35.5,1902.79214,0.00086
53.0,35.5,1895.77897,0.00243
54.0,35.5,1885.02023,0.00118
55.0,35.5,1882.21908,0.00909
56.0,35.5,1883.27853,0.01757
57.0,35.5,1881.65938,0.03474
58.0,35.5,1877.42114,0.02984
59.0,35.5,1879.25145,0.00812
60.0,35.5,1876.73727,0.01173
61.0,35.5,1861.68901,-0.04171
62.0,35.5,1852.27411,0.06074
63.0,35.5,1866.8122,-0.00484
64.0,35.5,1870.39254,0.00459
65.0,35.5,1840.86953,0.11938
66.0,35.5,1852.26905,0.06511
67.0,35.5,1872.54345,0.01025
68.0,35.5,1870.90797,0.01488
69.0,35.5,1867.78965,0.02031
-11.0,36.5,1887.19332,0.02063
-10.0,36.5,1885.89594,0.0461
-9.0,36.5,1886.9815,-0.10103
-8.0,36.5,1885.86686,-0.05855
-7.0,36.5,1902.0097,-0.13381
-6.0,36.5,1909.99918,-0.00257
-5.0,36.5,1900.56222,0.02742
-4.0,36.5,1896.117,0.0115
-3.0,36.5,1902.0749,-0.00642
-2.0,36.5,1899.21024,0.01333
-1.0,36.5,1908.33382,-0.02239
0.0,36.5,1907.77502,0.05335
1.0,36.5,1908.96626,-0.0565
2.0,36.5,1909.91847,-0.06251
3.0,36.5,1890.02928,-0.01316
4.0,36.5,1901.95049,-0.06869
5.0,36.5,1911.157,-0.0673
6.0,36.5,1899.69043,-0.29385
7.0,36.5,1899.1533,-0.21319
8.0,36.5,1917.54916,0.26414
9.0,36.5,1922.33892,0.03697
10.0,36.5,1922.64786,0.09761
11.0,36.5,1924.55901,0.10243
12.0,36.5,1923.33829,0.02836
13.0,36.5,1920.53533,0.04227
14.0,36.5,1919.95548,0.02302
15.0,36.5,1927.5032,0.02469
16.0,36.5,1930.46791,0.02654
17.0,36.5,1927.43069,0.01818
18.0,36.5,1926.37526,0.01239
19.0,36.5,1924.00087,0.01291
20.0,36.5,1923.15637,0.01752
21.0,36.5,1924.91724,0.02536
22.0,36.5,1917.93789,0.03938
23.0,36.5,1907.64142,0.04989
24.0,36.5,1909.45327,0.05624
25.0,36.5,1907.1626,0.06207
26.0,36.5,1900.60008,0.05089
27.0,36.5,1921.6235,0.02601
28.0,36.5,1926.94665,0.03005
29.0,36.5,1933.71217,0.02152
30.0,36.5,1936.25868,0.01997
31.0,36.5,1933.27194,0.01706
32.0,36.5,1936.0314,0.01549
33.0,36.5,1926.63482,0.01384
34.0,36.5,1932.96993,0.01603
35.0,36.5,1925.51376,0.01449
36.0,36.5,1929.1647,0.01034
37.0,36.5,1913.76764,0.00885
38.0,36.5,1909.7483,0.01085
39.0,36.5,1910.92228,0.00684
40.0,36.5,1906.17461,-0.01687
41.0,36.5,1896.79763,0.00697
42.0,36.5,1905.12333,0.0103
43.0,36.5,1906.00891,0.02364
44.0,36.5,1909.318,0.01526
45.0,36.5,1900.37099,0.02283
46.0,36.5,1895.22906,-0.01157
47.0,36.5,1907.01688,0.01476
48.0,36.5,1908.40516,0.0078
49.0,36.5,1909.79216,0.01276
50.0,36.5,1902.77131,0.01126
51.0,36.5,1904.12919,0.0069
52.0,36.5,1903.28069,0.00417
53.0,36.5,1899.65335,0.0036
54.0,36.5,1891.02398,-0.00999
55.0,36.5,1888.86965,-0.00562
56.0,36.5,1884.84904,0.00995
57.0,36.5,1877.52807,0.02618
58.0,36.5,1881.40853,0.02368
59.0,36.5,1880.88322,-8e-05
60.0,36.5,1874.96058,0.02338
61.0,36.5,1871.64197,0.01287
62.0,36.5,1866.43671,0.02441
63.0,36.5,1879.72076,-0.00988
64.0,36.5,1870.5013,0.45458
65.0,36.5,1848.35045,0.02838
66.0,36.5,1865.98047,0.03156
67.0,36.5,1877.83683,0.00077
68.0,36.5,1876.50391,0.02244
69.0,36.5,1871.07645,0.0019
-11.0,37.5,1889.03447,-0.00166
-10.0,37.5,1884.90694,0.12299
-9.0,37.5,1885.57018,0.18553
-8.0,37.5,1873.06627,-0.0048
-7.0,37.5,1893.52508,0.08247
-6.0,37.5,1899.4116,-0.04646
-5.0,37.5,1900.01061,-0.01452
-4.0,37.5,1902.67677,0.07692
-3.0,37.5,1904.24774,0.05324
-2.0,37.5,1905.18929,0.00898
-1.0,37.5,1904.8025,0.01126
0.0,37.5,1899.77848,-0.01494
1.0,37.5,1913.65357,-0.10848
2.0,37.5,1912.58564,-0.0108
3.0,37.5,1911.99633,-0.01222
4.0,37.5,1907.50822,-0.04325
5.0,37.5,1912.41666,-0.04051
6.0,37.5,1892.86447,-0.187
7.0,37.5,1915.7113,0.14091
8.0,37.5,1917.4247,0.09789
9.0,37.5,1923.79006,0.0669
10.0,37.5,1929.15208,0.01195
11.0,37.5,1927.95353,0.1186
12.0,37.5,1911.28292,0.09179
13.0,37.5,1918.31002,0.10297
14.0,37.5,1919.43919,0.04047
15.0,37.5,1925.15754,0.01275
16.0,37.5,1929.78838,0.02425
17.0,37.5,1926.68673,0.01781
18.0,37.5,1926.25943,0.01803
19.0,37.5,1905.5225,0.02311
20.0,37.5,1916.52318,0.0396
21.0,37.5,1903.48996,0.0297
22.0,37.5,1912.73015,0.0294
23.0,37.5,1917.32328,0.03658
24.0,37.5,1911.45924,0.04236
25.0,37.5,1917.79598,0.03298
26.0,37.5,1927.21723,0.02316
27.0,37.5,1922.29209,0.02017
28.0,37.5,1927.09719,0.02203
29.0,37.5,1932.19681,0.02211
30.0,37.5,1933.70418,0.0202
31.0,37.5,1935.79131,0.01691
32.0,37.5,1932.19684,0.01934
33.0,37.5,1935.09788,0.00741
34.0,37.5,1944.53406,-0.00066
35.0,37.5,1939.35753,0.00757
36.0,37.5,1938.57786,-0.00155
37.0,37.5,1932.64661,0.00551
38.0,37.5,1921.59563,0.01124
39.0,37.5,1917.46659,0.0327
40.0,37.5,1905.16433,0.01822
41.0,37.5,1894.35868,0.06982
42.0,37.5,1909.98343,0.01333
43.0,37.5,1907.72544,0.01823
44.0,37.5,1906.69439,0.02565
45.0,37.5,1896.94818,0.01037
46.0,37.5,1890.0675,-0.0024
47.0,37.5,1896.83897,0.01429
48.0,37.5,1906.5595,0.011
49.0,37.5,1902.37605,0.00593
50.0,37.5,1902.04262,0.00773
51.0,37.5,1905.08022,0.0077
52.0,37.5,1905.24465,-0.00177
53.0,37.5,1899.06465,-0.0045
54.0,37.5,1896.86313,-0.00651
55.0,37.5,1892.45115,0.00057
56.0,37.5,1891.98792,0.01376
57.0,37.5,1879.8211,0.01725
58.0,37.5,1877.34059,0.02548
59.0,37.5,1873.63257,0.00887
60.0,37.5,1866.54579,0.00824
61.0,37.5,1877.00391,0.0153
62.0,37.5,1872.96676,0.0224
63.0,37.5,1878.15358,0.00412
64.0,37.5,1867.89077,-0.00831
65.0,37.5,1868.90896,-0.00581
66.0,37.5,1869.60432,0.00974
67.0,37.5,1879.05606,0.00217
68.0,37.5,1875.80464,0.01496
69.0,37.5,1856.25263,-0.00807
-11.0,38.5,1885.40823,-0.01566
-10.0,38.5,1882.47417,0.01904
-9.0,38.5,1885.28379,0.05403
-8.0,38.5,1875.46551,0.03307
-7.0,38.5,1875.07876,0.90185
-6.0,38.5,1878.04071,0.24659
-5.0,38.5,1887.57255,0.0309
-4.0,38.5,1898.48921,0.03429
-3.0,38.5,1904.14344,0.03234
-2.0,38.5,1900.74529,0.01475
-1.0,38.5,1902.33654,0.01514
0.0,38.5,1903.83983,0.00671
1.0,38.5,1904.16562,0.01282
2.0,38.5,1908.31568,-0.01978
3.0,38.5,1905.93553,-0.02272
4.0,38.5,1917.72137,-0.05311
5.0,38.5,1924.0649,-0.05001
6.0,38.5,1915.29791,-0.18233
7.0,38.5,1923.85129,0.08329
8.0,38.5,1924.74141,-0.19684
9.0,38.5,1926.81796,0.07128
10.0,38.5,1930.17529,0.02894
11.0,38.5,1929.33759,0.01998
12.0,38.5,1921.89686,0.01429
13.0,38.5,1928.81875,0.01294
14.0,38.5,1928.45529,0.02074
15.0,38.5,1922.83502,0.00893
16.0,38.5,1927.49291,0.00115
17.0,38.5,1929.11434,0.01963
18.0,38.5,1905.33986,0.00577
19.0,38.5,1898.96969,0.02176
20.0,38.5,1919.00629,0.03713
21.0,38.5,1904.39309,0.04657
22.0,38.5,1904.03591,0.04144
23.0,38.5,1914.52025,0.04491
24.0,38.5,1926.04746,0.02793
25.0,38.5,1918.77827,0.03589
26.0,38.5,1926.52969,0.01975
27.0,38.5,1938.14284,0.01986
28.0,38.5,1934.6442,0.02193
29.0,38.5,1937.05417,0.02096
30.0,38.5,1934.25659,0.0205
31.0,38.5,1931.2037,0.01741
32.0,38.5,1936.10033,0.01707
33.0,38.5,1942.76321,0.00836
34.0,38.5,1945.03346,0.00642
35.0,38.5,1942.65853,0.0113
36.0,38.5,1938.38228,-0.00261
37.0,38.5,1931.85192,0.00247
38.0,38.5,1917.80548,0.00613
39.0,38.5,1911.80574,-0.08496
40.0,38.5,1901.78847,0.10092
41.0,38.5,1895.74276,0.00048
42.0,38.5,1912.95349,0.01163
43.0,38.5,1910.12447,0.00706
44.0,38.5,1894.4116,0.02358
45.0,38.5,1912.78745,0.02428
46.0,38.5,1909.07856,0.01891
47.0,38.5,1904.14983,0.01631
48.0,38.5,1909.73802,0.011
49.0,38.5,1905.6619,0.00904
50.0,38.5,1906.52434,0.00831
51.0,38.5,1904.67852,0.00616
52.0,38.5,1906.53253,0.00273
53.0,38.5,1901.98744,0.00042
54.0,38.5,1896.709,-9e-05
55.0,38.5,1892.27967,0.00917
56.0,38.5,1883.90615,0.00807
57.0,38.5,1876.0199,0.03094
58.0,38.5,1870.56574,0.072
59.0,38.5,1873.74781,0.03676
60.0,38.5,1872.07007,0.02055
61.0,38.5,1874.60508,0.01567
62.0,38.5,1875.26828,0.01612
63.0,38.5,1873.92962,0.00124
64.0,38.5,1874.61607,-0.0182
65.0,38.5,1868.87821,-0.01876
66.0,38.5,1878.37206,0.00961
67.0,38.5,1878.99148,0.0133
68.0,38.5,1873.84579,0.00085
69.0,38.5,1837.95554,-0.05933
-11.0,39.5,1884.5069,0.01261
-10.0,39.5,1871.79452,0.02048
-9.0,39.5,1866.58908,0.06924
-8.0,39.5,1853.99999,-0.00828
-7.0,39.5,1875.79179,0.09751
-6.0,39.5,1872.6862,0.00786
-5.0,39.5,1861.65102,0.03825
-4.0,39.5,1888.86457,0.03826
-3.0,39.5,1903.41917,0.11141
-2.0,39.5,1909.91375,0.1482
-1.0,39.5,1914.1354,0.09445
0.0,39.5,1915.19974,0.02302
1.0,39.5,1917.32142,0.00576
2.0,39.5,1917.61012,-0.0236
3.0,39.5,1912.41303,0.00158
4.0,39.5,1914.32202,-0.07413
5.0,39.5,1917.44002,-0.05513
6.0,39.5,1918.82381,-0.02814
7.0,39.5,1918.6861,-0.12605
8.0,39.5,1922.59343,-0.88872
9.0,39.5,1926.70563,0.0146
10.0,39.5,1927.94483,0.01508
11.0,39.5,1920.61486,0.07758
12.0,39.5,1924.68211,0.01268
13.0,39.5,1929.12819,0.05921
14.0,39.5,1926.91857,-0.02966
15.0,39.5,1920.93001,0.02171
16.0,39.5,1887.08596,-0.0105
17.0,39.5,1906.23181,-0.03172
18.0,39.5,1917.70896,-0.02594
19.0,39.5,1916.42012,-0.03656
20.0,39.5,1910.92556,-0.01622
21.0,39.5,1925.73538,0.03514
22.0,39.5,1926.70154,0.0304
23.0,39.5,1923.95315,0.02762
24.0,39.5,1918.21353,0.01669
25.0,39.5,1920.3237,0.01382
26.0,39.5,1920.47755,0.01738
27.0,39.5,1937.78954,0.01207
28.0,39.5,1939.14016,0.015
29.0,39.5,1939.23012,0.01866
30.0,39.5,1937.74863,0.0211
31.0,39.5,1936.06855,0.01542
32.0,39.5,1938.32475,0.01446
33.0,39.5,1940.40501,0.01221
34.0,39.5,1945.62196,0.00772
35.0,39.5,1943.05409,0.0079
36.0,39.5,1938.98762,0.00176
37.0,39.5,1932.93923,-0.00181
38.0,39.5,1920.05973,-0.04548
39.0,39.5,1907.27127,0.0097
40.0,39.5,1904.70457,0.04039
41.0,39.5,1889.39361,0.00299
42.0,39.5,1908.26141,0.06115
43.0,39.5,1903.73517,0.00976
44.0,39.5,1880.58662,0.03856
45.0,39.5,1911.15868,0.0138
46.0,39.5,1918.83877,0.0183
47.0,39.5,1913.23703,0.00832
48.0,39.5,1910.7569,0.01144
49.0,39.5,1909.56799,0.00869
50.0,39.5,1907.29791,0.01771
51.0,39.5,1904.49949,0.01447
52.0,39.5,1901.45866,0.01002
53.0,39.5,1899.98909,0.01103
54.0,39.5,1898.45783,0.0018
55.0,39.5,1888.79737,-0.00329
56.0,39.5,1878.801,0.01652
57.0,39.5,1882.26421,0.03061
58.0,39.5,1879.10609,0.03962
59.0,39.5,1879.27415,0.02367
60.0,39.5,1870.65268,0.02807
61.0,39.5,1871.52871,0.01522
62.0,39.5,1875.11161,0.0182
63.0,39.5,1872.67891,0.0056
64.0,39.5,1872.31452,-0.0127
65.0,39.5,1856.97143,0.16737
66.0,39.5,1875.96666,-0.00902
67.0,39.5,1884.46514,0.00772
68.0,39.5,1878.55431,0.01303
-11.0,40.5,1859.47492,0.09627
-10.0,40.5,1873.46793,0.22248
-9.0,40.5,1891.10214,0.16411
-8.0,40.5,1891.76429,0.06666
-7.0,40.5,1896.60503,0.11782
-6.0,40.5,1898.26552,0.13123
-5.0,40.5,1894.51153,-0.19282
-4.0,40.5,1892.45022,0.06332
-3.0,40.5,1891.11619,0.05582
-2.0,40.5,1891.03984,0.05267
-1.0,40.5,1912.24563,0.15721
0.0,40.5,1916.17234,0.10084
1.0,40.5,1919.67254,0.11563
2.0,40.5,1915.78323,0.02195
3.0,40.5,1916.47052,0.0025
4.0,40.5,1919.05658,-0.02813
5.0,40.5,1920.44729,-0.07757
6.0,40.5,1917.73163,-0.05545
7.0,40.5,1916.25334,-0.04206
8.0,40.5,1919.49817,0.03252
9.0,40.5,1920.23965,0.01948
10.0,40.5,1927.02861,0.0207
11.0,40.5,1930.59879,0.02446
12.0,40.5,1930.53423,0.02273
13.0,40.5,1922.99542,0.00767
14.0,40.5,1928.26283,0.00679
15.0,40.5,1905.93622,0.1087
16.0,40.5,1895.67317,0.06082
17.0,40.5,1908.03163,-0.07146
18.0,40.5,1894.72822,-0.06937
19.0,40.5,1878.0999,-0.06899
20.0,40.5,1915.6228,-0.01138
21.0,40.5,1924.96647,0.00048
22.0,40.5,1926.51562,0.00639
23.0,40.5,1925.19604,0.00768
24.0,40.5,1924.47661,0.0104
25.0,40.5,1926.44153,0.01062
26.0,40.5,1925.58384,0.0092
27.0,40.5,1934.75101,0.01131
28.0,40.5,1938.80165,0.01338
29.0,40.5,1939.5534,0.01839
30.0,40.5,1938.99282,0.02104
31.0,40.5,1941.21382,0.01439
32.0,40.5,1940.46249,0.00861
33.0,40.5,1941.72669,0.01174
34.0,40.5,1947.69784,0.00333
35.0,40.5,1942.61523,0.00106
36.0,40.5,1940.17134,-0.0062
37.0,40.5,1931.10107,-0.00637
38.0,40.5,1923.07267,0.01237
39.0,40.5,1913.15531,-0.0255
40.0,40.5,1906.312,0.05207
41.0,40.5,1883.58722,-0.11415
42.0,40.5,1906.68889,0.01256
43.0,40.5,1892.68847,0.01233
44.0,40.5,1895.52171,0.00127
45.0,40.5,1914.41861,0.01905
46.0,40.5,1918.0579,0.01874
47.0,40.5,1918.24501,0.01215
48.0,40.5,1914.51583,0.01275
49.0,40.5,1911.81755,0.01858
50.0,40.5,1907.96843,0.01885
51.0,40.5,1903.94349,0.01259
52.0,40.5,1903.33975,0.01995
53.0,40.5,1898.99235,0.0118
54.0,40.5,1895.36764,0.01272
55.0,40.5,1879.82631,0.00813
56.0,40.5,1881.11861,0.01646
57.0,40.5,1878.16189,0.032
58.0,40.5,1880.6286,0.04326
59.0,40.5,1878.70312,0.03224
60.0,40.5,1875.243,0.03236
61.0,40.5,1868.99373,0.00828
62.0,40.5,1868.67586,0.01411
63.0,40.5,1871.77676,0.01308
64.0,40.5,1873.03916,-0.01358
65.0,40.5,1870.81003,-0.00965
66.0,40.5,1869.36059,0.01218
67.0,40.5,1883.80127,-0.00221
68.0,40.5,1870.43554,-0.03089
-11.0,41.5,1888.82973,0.07511
-10.0,41.5,1889.14608,0.00809
-9.0,41.5,1896.47905,0.20041
-8.0,41.5,1909.84139,0.32175
-7.0,41.5,1905.77861,0.20485
-6.0,41.5,1903.66683,0.18812
-5.0,41.5,1890.55876,-0.22656
-4.0,41.5,1886.50313,111.24072
-3.0,41.5,1892.65993,-0.05138
-2.0,41.5,1879.27803,0.02657
-1.0,41.5,1902.11928,0.12749
0.0,41.5,1920.64332,0.12669
1.0,41.5,1923.17925,0.16512
2.0,41.5,1916.44756,0.10616
3.0,41.5,1918.92311,0.00582
4.0,41.5,1927.07554,-0.0236
5.0,41.5,1923.10054,-0.03922
6.0,41.5,1921.19344,-0.04716
7.0,41.5,1927.09939,-0.05416
8.0,41.5,1921.53934,-0.00395
9.0,41.5,1921.80781,-0.01643
10.0,41.5,1931.12675,0.0023
11.0,41.5,1929.53477,0.00914
12.0,41.5,1931.21476,0.01064
13.0,41.5,1926.13411,0.00807
14.0,41.5,1916.8016,0.00745
15.0,41.5,1911.06933,-0.02697
16.0,41.5,1903.88557,-0.01364
17.0,41.5,1886.11036,-0.03252
18.0,41.5,1883.39908,-0.05841
19.0,41.5,1919.2223,0.01044
20.0,41.5,1921.48914,-0.02629
21.0,41.5,1924.80217,-0.01411
22.0,41.5,1931.25065,-0.00393
23.0,41.5,1927.34876,-0.0034
24.0,41.5,1930.63633,-0.00405
25.0,41.5,1932.04264,0.00235
26.0,41.5,1933.67375,0.01242
27.0,41.5,1934.02174,0.01265
28.0,41.5,1936.01903,0.0178
29.0,41.5,1939.80077,0.02049
30.0,41.5,1940.19848,0.01879
31.0,41.5,1944.39816,-0.01022
32.0,41.5,1941.32052,0.01044
33.0,41.5,1944.28585,0.00987
34.0,41.5,1947.75633,-0.00543
35.0,41.5,1945.56717,-0.00746
36.0,41.5,1943.55713,-0.01053
37.0,41.5,1933.44378,-0.00386
38.0,41.5,1922.95888,0.01047
39.0,41.5,1912.1005,0.04592
40.0,41.5,1905.44064,0.01758
41.0,41.5,1847.59039,-0.76274
42.0,41.5,1890.36221,0.03176
43.0,41.5,1891.35038,-0.00133
44.0,41.5,1901.70115,0.01443
45.0,41.5,1913.01939,0.02308
46.0,41.5,1920.58795,0.01771
47.0,41.5,1920.26436,0.01888
48.0,41.5,1918.16143,0.01687
49.0,41.5,1913.24989,0.01893
50.0,41.5,1908.36039,0.01462
51.0,41.5,1904.03347,0.01427
52.0,41.5,1902.87772,0.01919
53.0,41.5,1893.76743,0.01098
54.0,41.5,1894.70398,0.01086
55.0,41.5,1883.24542,0.00321
56.0,41.5,1875.28899,0.01489
57.0,41.5,1879.22517,0.02453
58.0,41.5,1878.05667,0.0407
59.0,41.5,1872.76962,0.0448
60.0,41.5,1873.22228,0.02038
61.0,41.5,1868.3448,-0.00017
62.0,41.5,1865.71108,0.00879
63.0,41.5,1872.04752,0.00618
64.0,41.5,1873.198,-0.00855
65.0,41.5,1869.4139,-0.0125
66.0,41.5,1875.3346,-0.06826
67.0,41.5,1851.53382,-0.08164
68.0,41.5,1841.66645,0.28241
-11.0,42.5,1898.35129,0.27539
-10.0,42.5,1902.13776,0.11563
-9.0,42.5,1883.92951,0.10508
-8.0,42.5,1882.86474,0.23858
-7.0,42.5,1886.07668,-0.59161
-6.0,42.5,1891.27849,0.53671
-5.0,42.5,1895.56428,-0.23287
-4.0,42.5,1907.81289,-0.12455
-3.0,42.5,1910.97151,1.80059
-2.0,42.5,1913.02234,-1.89695
-1.0,42.5,1898.20778,0.13421
0.0,42.5,1914.02934,-0.00281
1.0,42.5,1922.54356,0.07999
2.0,42.5,1924.26795,0.09627
3.0,42.5,1925.40337,0.06315
4.0,42.5,1927.64527,-0.02138
5.0,42.5,1923.89642,0.00064
6.0,42.5,1924.45544,-0.03631
7.0,42.5,1931.34814,-0.04625
8.0,42.5,1929.14615,-0.03057
9.0,42.5,1929.65051,-0.01445
10.0,42.5,1935.98263,-0.00028
11.0,42.5,1934.05771,0.00889
12.0,42.5,1923.49543,0.01151
13.0,42.5,1915.9778,0.00793
14.0,42.5,1897.80033,0.0065
15.0,42.5,1910.31332,-0.00493
16.0,42.5,1885.0514,0.01132
17.0,42.5,1896.03038,-0.00186
18.0,42.5,1922.53491,-0.03827
19.0,42.5,1923.18114,-0.05541
20.0,42.5,1930.52281,-0.02113
21.0,42.5,1929.60919,-0.02221
22.0,42.5,1933.34841,-0.00848
23.0,42.5,1936.1324,-0.00552
24.0,42.5,1936.15214,-0.0042
25.0,42.5,1935.2579,-0.00212
26.0,42.5,1936.06732,0.01055
27.0,42.5,1935.88609,0.01445
28.0,42.5,1937.6492,0.01807
29.0,42.5,1938.1911,0.01941
30.0,42.5,1945.68269,-0.00378
31.0,42.5,1945.32056,0.01625
32.0,42.5,1949.71295,0.00876
33.0,42.5,1953.51742,-0.00264
34.0,42.5,1944.68879,-0.0113
35.0,42.5,1944.02569,-0.01001
36.0,42.5,1942.65979,-0.0127
37.0,42.5,1933.33687,-0.01027
38.0,42.5,1870.9324,0.56793
39.0,42.5,1897.20296,0.02363
40.0,42.5,1907.75617,0.1178
41.0,42.5,1890.40598,-0.01324
42.0,42.5,1904.44965,0.01423
43.0,42.5,1903.08837,0.01145
44.0,42.5,1908.15471,0.0047
45.0,42.5,1914.76392,0.01467
46.0,42.5,1918.71779,0.02141
47.0,42.5,1923.11373,0.01544
48.0,42.5,1911.23575,0.01711
49.0,42.5,1915.40792,0.01496
50.0,42.5,1910.26318,0.01713
51.0,42.5,1906.78652,0.01783
52.0,42.5,1900.92125,0.02029
53.0,42.5,1898.20533,0.01118
54.0,42.5,1881.7409,0.01706
55.0,42.5,1879.16257,0.01452
56.0,42.5,1878.66796,0.01777
57.0,42.5,1873.72834,0.02434
58.0,42.5,1872.08603,0.0466
59.0,42.5,1872.10011,0.04566
60.0,42.5,1872.67791,0.01449
61.0,42.5,1872.42492,0.00189
62.0,42.5,1874.5411,0.00375
63.0,42.5,1874.00192,0.00373
64.0,42.5,1871.96356,0.009
65.0,42.5,1869.36691,-0.03091
66.0,42.5,1876.75803,-9e-05
67.0,42.5,1865.70682,-0.11234
-11.0,43.5,1884.08834,-0.99901
-10.0,43.5,1910.14174,-0.188
-9.0,43.5,1867.49718,0.11167
-8.0,43.5,1887.21157,-0.01955
-7.0,43.5,1898.85111,0.05252
-6.0,43.5,1883.5752,0.2817
-5.0,43.5,1904.51168,-0.36239
-4.0,43.5,1913.12944,0.81581
-3.0,43.5,1900.14333,-0.17022
-2.0,43.5,1913.61272,0.23287
-1.0,43.5,1894.46084,0.00697
0.0,43.5,1904.13746,-0.05077
1.0,43.5,1914.09697,0.03374
2.0,43.5,1922.20799,0.06264
3.0,43.5,1923.17697,0.06838
4.0,43.5,1925.76582,0.01781
5.0,43.5,1930.07523,-0.01214
6.0,43.5,1933.10513,-0.02056
7.0,43.5,1927.72357,-0.03178
8.0,43.5,1932.01732,-0.05942
9.0,43.5,1932.96723,-0.02675
10.0,43.5,1935.27867,-0.00555
11.0,43.5,1932.40433,-0.00589
12.0,43.5,1928.51877,0.01052
13.0,43.5,1922.99663,0.00091
14.0,43.5,1925.17149,0.00463
15.0,43.5,1922.6127,0.03376
16.0,43.5,1922.58341,0.07433
17.0,43.5,1923.38999,-0.02213
18.0,43.5,1922.43657,-0.03617
19.0,43.5,1928.68389,-0.02675
20.0,43.5,1937.65671,-0.00838
21.0,43.5,1937.23656,-0.01546
22.0,43.5,1938.38568,-0.0113
23.0,43.5,1938.57088,-0.00864
24.0,43.5,1938.22329,-0.00701
25.0,43.5,1938.58121,0.00044
26.0,43.5,1939.43613,0.01181
27.0,43.5,1940.39675,0.01424
28.0,43.5,1940.36236,0.01629
29.0,43.5,1937.23624,0.02052
30.0,43.5,1941.05482,0.0139
31.0,43.5,1944.74319,0.04484
32.0,43.5,1949.19425,0.01508
33.0,43.5,1940.58598,0.00819
34.0,43.5,1932.96894,-0.00798
35.0,43.5,1940.16216,-0.00834
36.0,43.5,1937.03214,-0.01113
37.0,43.5,1930.25595,0.32925
38.0,43.5,1894.22738,-0.05281
39.0,43.5,1899.74672,-0.03146
40.0,43.5,1912.53751,0.02973
41.0,43.5,1894.0684,-0.07285
42.0,43.5,1903.02071,-0.04593
43.0,43.5,1911.25888,-0.00349
44.0,43.5,1919.17057,0.01762
45.0,43.5,1923.85173,0.01645
46.0,43.5,1924.34849,0.01876
47.0,43.5,1924.07266,0.01419
48.0,43.5,1920.02546,0.01618
49.0,43.5,1915.48679,0.01788
50.0,43.5,1910.72607,0.01749
51.0,43.5,1907.37557,0.01105
52.0,43.5,1900.88248,0.0201
53.0,43.5,1896.58672,0.01146
54.0,43.5,1893.35796,0.01329
55.0,43.5,1885.61593,0.00999
56.0,43.5,1881.71199,0.02358
57.0,43.5,1869.65577,0.0288
58.0,43.5,1869.53978,0.03694
59.0,43.5,1868.60561,0.03733
60.0,43.5,1870.55631,0.01665
61.0,43.5,1873.01154,0.01155
62.0,43.5,1876.4437,0.00434
63.0,43.5,1870.85555,0.02239
64.0,43.5,1871.63515,0.00951
65.0,43.5,1871.20546,-0.021
66.0,43.5,1874.11125,-0.02147
67.0,43.5,1866.91034,-0.08457
68.0,43.5,1837.8041,0.10695
69.0,43.5,1859.97479,-0.04205
-11.0,44.5,1891.70538,0.19802
-10.0,44.5,1891.66667,-0.06278
-9.0,44.5,1885.02895,0.2125
-8.0,44.5,1885.46419,0.10067
-7.0,44.5,1891.1827,-0.12529
-6.0,44.5,1891.96279,-0.38664
-5.0,44.5,1901.33476,0.04485
-4.0,44.5,1904.07318,0.12337
-3.0,44.5,1902.0362,0.15294
-2.0,44.5,1903.94179,-0.33733
-1.0,44.5,1895.55862,0.86693
0.0,44.5,1895.60958,0.23258
1.0,44.5,1909.32889,-0.03462
2.0,44.5,1923.63164,0.03838
3.0,44.5,1925.34027,0.0997
4.0,44.5,1921.61358,-0.0302
5.0,44.5,1929.86846,-0.07051
6.0,44.5,1930.186,-0.02511
7.0,44.5,1930.10638,-0.04395
8.0,44.5,1936.04193,-0.09864
9.0,44.5,1936.78226,-0.06598
10.0,44.5,1933.09309,-0.04237
11.0,44.5,1923.38507,0.01756
12.0,44.5,1935.88347,0.03369
13.0,44.5,1935.21202,-0.00595
14.0,44.5,1926.04333,-0.01481
15.0,44.5,1927.01851,-0.00832
16.0,44.5,1933.65964,-0.03735
17.0,44.5,1932.1423,-0.03867
18.0,44.5,1936.85042,-0.00661
19.0,44.5,1940.20844,3e-05
20.0,44.5,1941.24393,-0.00074
21.0,44.5,1941.13201,0.0001
22.0,44.5,1938.37803,-0.00434
23.0,44.5,1938.78488,-0.00165
24.0,44.5,1937.87935,0.0005
25.0,44.5,1941.12642,0.00628
26.0,44.5,1941.5286,0.01039
27.0,44.5,1944.31921,0.00872
28.0,44.5,1941.66795,0.01226
29.0,44.5,1940.93086,0.0182
30.0,44.5,1942.14524,0.01623
31.0,44.5,1947.19769,-0.01066
32.0,44.5,1933.25498,0.00161
33.0,44.5,1930.91706,0.00215
34.0,44.5,1934.81889,-0.00675
35.0,44.5,1937.41681,-0.01031
36.0,44.5,1932.82942,-0.02364
37.0,44.5,1923.4168,0.01553
38.0,44.5,1921.67601,-0.02351
39.0,44.5,1921.21171,0.07458
40.0,44.5,1920.03968,-0.03802
41.0,44.5,1900.93012,-0.06626
42.0,44.5,1913.12234,-0.01867
43.0,44.5,1917.61976,-0.00061
44.0,44.5,1925.26307,0.02253
45.0,44.5,1929.41143,0.01201
46.0,44.5,1924.69556,0.02345
47.0,44.5,1923.29149,0.01719
48.0,44.5,1920.95207,0.02183
49.0,44.5,1911.94006,0.01472
50.0,44.5,1910.36094,0.01893
51.0,44.5,1904.64928,0.0133
52.0,44.5,1901.5009,0.01749
53.0,44.5,1899.53902,0.01576
54.0,44.5,1891.25124,0.01704
55.0,44.5,1886.91483,0.02089
56.0,44.5,1884.09647,0.02336
57.0,44.5,1868.94287,0.03255
58.0,44.5,1865.88484,0.0246
59.0,44.5,1868.03939,0.02179
60.0,44.5,1871.82774,0.01934
61.0,44.5,1871.33515,0.01469
62.0,44.5,1876.86914,0.00539
63.0,44.5,1868.49448,0.03119
64.0,44.5,1872.58062,0.00723
65.0,44.5,1875.01783,-0.00623
66.0,44.5,1878.27765,-0.00263
67.0,44.5,1881.213,-0.04987
68.0,44.5,1886.57984,-0.00745
69.0,44.5,1867.48674,0.02705
-11.0,45.5,1887.26136,-0.47936
-10.0,45.5,1863.5857,0.24256
-9.0,45.5,1876.0699,0.03775
-8.0,45.5,1890.1147,0.10015
-7.0,45.5,1890.15349,0.54208
-6.0,45.5,1901.28616,-15.19125
-5.0,45.5,1893.20628,-0.04023
-4.0,45.5,1906.45652,-0.95726
-3.0,45.5,1913.25586,-0.34092
-2.0,45.5,1907.02474,-0.44598
-1.0,45.5,1897.52211,-0.1594
0.0,45.5,1914.04854,-0.50289
1.0,45.5,1909.92483,-0.01908
2.0,45.5,1918.20725,-0.01204
3.0,45.5,1934.29651,0.07779
4.0,45.5,1929.97021,0.01256
5.0,45.5,1929.22351,-0.05452
6.0,45.5,1927.57181,-0.04972
7.0,45.5,1927.42777,-0.06024
8.0,45.5,1934.6456,-0.08183
9.0,45.5,1937.69213,-0.05907
10.0,45.5,1935.0101,-0.04194
11.0,45.5,1930.69343,-0.01859
12.0,45.5,1933.98393,-0.00781
13.0,45.5,1933.24931,-0.01118
14.0,45.5,1933.95463,-0.00584
15.0,45.5,1939.24545,-0.01857
16.0,45.5,1942.75567,-0.0006
17.0,45.5,1943.4731,0.00555
18.0,45.5,1943.47255,0.00345
19.0,45.5,1942.96628,0.00455
20.0,45.5,1943.489,-0.00682
21.0,45.5,1942.41411,-0.04369
22.0,45.5,1939.87233,-0.01174
23.0,45.5,1939.26822,-0.00308
24.0,45.5,1941.45255,0.00144
25.0,45.5,1944.07805,-0.01164
26.0,45.5,1942.31221,0.00096
27.0,45.5,1941.93312,0.00872
28.0,45.5,1942.35885,0.01344
29.0,45.5,1944.61434,0.01267
30.0,45.5,1946.10285,0.01465
31.0,45.5,1940.91821,0.00638
32.0,45.5,1937.48198,0.0109
33.0,45.5,1941.62913,0.00428
34.0,45.5,1936.08777,0.0004
35.0,45.5,1929.51005,0.00025
36.0,45.5,1921.6476,-0.02015
37.0,45.5,1929.36438,0.01719
38.0,45.5,1925.34835,0.00563
39.0,45.5,1934.02197,-0.01023
40.0,45.5,1874.71801,-0.04385
41.0,45.5,1916.67146,0.00844
42.0,45.5,1910.77968,0.0059
43.0,45.5,1927.83015,0.01944
44.0,45.5,1925.07716,0.01541
45.0,45.5,1927.87889,0.01968
46.0,45.5,1925.99957,0.0275
47.0,45.5,1924.12685,0.02451
48.0,45.5,1920.10913,0.01848
49.0,45.5,1914.82442,0.01811
50.0,45.5,1908.62054,0.01532
51.0,45.5,1901.54812,0.01395
52.0,45.5,1900.54835,0.01138
53.0,45.5,1885.52813,0.02167
54.0,45.5,1887.28472,0.01798
55.0,45.5,1892.38375,0.00935
56.0,45.5,1886.13251,0.01481
57.0,45.5,1870.3057,0.02331
58.0,45.5,1869.96858,0.02507
59.0,45.5,1867.166,0.01931
60.0,45.5,1872.06811,0.00848
61.0,45.5,1871.56332,0.01386
62.0,45.5,1874.27067,0.01557
63.0,45.5,1865.0099,0.02691
64.0,45.5,1868.28691,0.0205
65.0,45.5,1874.28932,0.00331
66.0,45.5,1880.46882,0.00411
67.0,45.5,1877.54776,-0.00693
68.0,45.5,1883.19935,0.01405
69.0,45.5,1864.0335,0.03251
-11.0,46.5,1893.72495,-0.19229
-10.0,46.5,1875.43557,-0.75097
-9.0,46.5,1877.81957,0.00895
-8.0,46.5,1900.84115,-0.0603
-7.0,46.5,1892.66959,1.06831
-6.0,46.5,1899.144,0.12818
-5.0,46.5,1893.22275,4.38108
-4.0,46.5,1903.77369,-6.49481
-3.0,46.5,1911.94654,0.98504
-2.0,46.5,1908.45666,5.43273
-1.0,46.5,1916.80086,0.04006
0.0,46.5,1915.71251,-0.00927
1.0,46.5,1908.40853,0.06804
2.0,46.5,1903.26283,0.03017
3.0,46.5,1919.60969,0.04702
4.0,46.5,1934.1429,0.04097
5.0,46.5,1933.6737,-0.03942
6.0,46.5,1934.7723,-0.06201
7.0,46.5,1932.73507,-0.06592
8.0,46.5,1933.30067,-0.07301
9.0,46.5,1935.60904,-0.04864
10.0,46.5,1936.84527,-0.02697
11.0,46.5,1929.88262,-0.00445
12.0,46.5,1935.76838,-0.00628
13.0,46.5,1938.09134,0.0005
14.0,46.5,1936.84796,0.00074
15.0,46.5,1944.84262,0.02053
16.0,46.5,1941.45876,0.0061
17.0,46.5,1942.22355,0.00711
18.0,46.5,1943.36867,0.00854
19.0,46.5,1944.0323,0.00712
20.0,46.5,1944.99773,0.00275
21.0,46.5,1945.26598,-0.00088
22.0,46.5,1946.01741,0.01936
23.0,46.5,1946.14462,0.06369
24.0,46.5,1949.79599,0.08534
25.0,46.5,1947.0961,0.03736
26.0,46.5,1945.25212,0.00058
27.0,46.5,1943.61136,0.01166
28.0,46.5,1945.98027,0.01404
29.0,46.5,1946.31806,0.00837
30.0,46.5,1946.28823,0.00191
31.0,46.5,1939.58934,-0.00827
32.0,46.5,1938.08422,-0.00067
33.0,46.5,1938.75948,6e-05
34.0,46.5,1924.11325,-0.01889
35.0,46.5,1915.7699,-0.02464
36.0,46.5,1919.10336,-0.00246
37.0,46.5,1930.24603,-0.01338
38.0,46.5,1935.78738,-0.02573
39.0,46.5,1932.51235,0.0384
40.0,46.5,1928.6655,-0.03368
41.0,46.5,1924.54301,0.00997
42.0,46.5,1908.11598,0.01206
43.0,46.5,1923.37195,0.001
44.0,46.5,1922.70026,0.01083
45.0,46.5,1928.21995,-0.98386
46.0,46.5,1927.06642,0.031
47.0,46.5,1924.39533,0.02685
48.0,46.5,1918.65453,0.02099
49.0,46.5,1917.48903,0.02724
50.0,46.5,1915.96006,0.01787
51.0,46.5,1914.11749,0.01888
52.0,46.5,1901.65686,0.01637
53.0,46.5,1884.52674,0.01273
54.0,46.5,1880.73849,0.00615
55.0,46.5,1882.30289,0.0108
56.0,46.5,1882.03346,0.02652
57.0,46.5,1874.0037,0.01763
58.0,46.5,1871.62028,0.02961
59.0,46.5,1870.28317,0.02546
60.0,46.5,1873.02514,0.01432
61.0,46.5,1876.26429,0.00188
62.0,46.5,1873.96348,0.01653
63.0,46.5,1865.94796,0.0232
64.0,46.5,1868.66581,0.01836
65.0,46.5,1870.94854,0.00577
66.0,46.5,1879.42964,0.00625
67.0,46.5,1886.24397,0.0215
68.0,46.5,1859.55772,1.53187
69.0,46.5,1846.99716,-8.65173
-11.0,47.5,1882.49516,-0.10108
-10.0,47.5,1877.98199,-0.50813
-9.0,47.5,1888.83049,-0.36429
-8.0,47.5,1889.48474,0.31311
-7.0,47.5,1894.40817,0.9986
-6.0,47.5,1885.77201,1.25234
-5.0,47.5,1893.8096,0.24491
-4.0,47.5,1879.53491,0.35867
-3.0,47.5,1894.45255,1.01274
-2.0,47.5,1908.76632,0.10985
-1.0,47.5,1909.96931,0.09642
0.0,47.5,1916.25353,0.07318
1.0,47.5,1916.7124,0.01146
2.0,47.5,1911.07199,0.08547
3.0,47.5,1905.25472,0.02928
4.0,47.5,1917.18811,-0.01152
5.0,47.5,1933.45439,-0.08253
6.0,47.5,1934.39778,-0.04971
7.0,47.5,1935.77769,-0.05675
8.0,47.5,1937.33095,-0.05029
9.0,47.5,1941.62837,-0.04555
10.0,47.5,1939.37458,-0.01815
11.0,47.5,1930.56353,-0.01465
12.0,47.5,1929.4284,-0.00328
13.0,47.5,1938.14746,0.00477
14.0,47.5,1941.87192,-0.00637
15.0,47.5,1946.81763,-0.00161
16.0,47.5,1944.3155,-0.01397
17.0,47.5,1941.47088,0.00383
18.0,47.5,1942.25868,0.00771
19.0,47.5,1941.40513,0.00738
20.0,47.5,1941.3274,7e-05
21.0,47.5,1943.29805,-0.00035
22.0,47.5,1946.85548,0.00225
23.0,47.5,1948.62914,-0.00808
24.0,47.5,1949.98674,-0.00714
25.0,47.5,1949.86593,-0.01141
26.0,47.5,1949.7379,-0.00882
27.0,47.5,1951.66782,-0.02369
28.0,47.5,1947.20763,0.00775
29.0,47.5,1946.85197,0.00591
30.0,47.5,1943.68409,0.00416
31.0,47.5,1936.12498,-0.00103
32.0,47.5,1937.1309,-0.00104
33.0,47.5,1931.8376,-0.00404
34.0,47.5,1920.96899,-0.10553
35.0,47.5,1920.85337,-0.06949
36.0,47.5,1926.59366,0.00798
37.0,47.5,1934.43767,0.00731
38.0,47.5,1929.57541,0.02835
39.0,47.5,1931.68504,-0.01026
40.0,47.5,1929.29762,0.01788
41.0,47.5,1927.61779,0.00715
42.0,47.5,1917.49015,-0.02587
43.0,47.5,1903.77713,0.0082
44.0,47.5,1901.9824,0.01752
45.0,47.5,1907.57793,-4.27044
46.0,47.5,1920.05867,0.0163
47.0,47.5,1920.59882,0.01825
48.0,47.5,1921.65305,0.01735
49.0,47.5,1919.65941,0.01479
50.0,47.5,1916.58225,0.01279
51.0,47.5,1915.15553,0.01793
52.0,47.5,1904.4165,0.02192
53.0,47.5,1893.75372,0.01104
54.0,47.5,1889.37863,0.00802
55.0,47.5,1889.1261,0.01953
56.0,47.5,1885.54575,0.0193
57.0,47.5,1879.86371,0.01701
58.0,47.5,1874.29556,0.01264
59.0,47.5,1869.14766,0.02921
60.0,47.5,1870.08612,0.02453
61.0,47.5,1875.5333,-0.00081
62.0,47.5,1871.43767,0.0142
63.0,47.5,1863.32427,0.01432
64.0,47.5,1867.2627,0.02214
65.0,47.5,1869.43703,0.01719
66.0,47.5,1878.27096,0.01571
67.0,47.5,1879.19522,0.03457
68.0,47.5,1873.54028,0.04681
69.0,47.5,1865.431,-0.32599
-11.0,48.5,1886.26206,-0.0888
-10.0,48.5,1897.60862,0.37454
-9.0,48.5,1890.59843,-0.30099
-8.0,48.5,1881.30221,-0.32204
-7.0,48.5,1885.49462,-0.86702
-6.0,48.5,1902.13745,-0.25757
-5.0,48.5,1909.08478,-0.92542
-4.0,48.5,1894.13714,-4.18125
-3.0,48.5,1903.78945,0.0487
-2.0,48.5,1906.43612,0.11375
-1.0,48.5,1910.08353,0.16772
0.0,48.5,1903.40015,-0.23038
1.0,48.5,1917.23987,-0.07086
2.0,48.5,1912.14004,-0.13639
3.0,48.5,1914.05618,-0.09574
4.0,48.5,1907.49615,0.27874
5.0,48.5,1909.61962,-0.03428
6.0,48.5,1928.13397,-0.03373
7.0,48.5,1932.47617,-0.04568
8.0,48.5,1935.22567,-0.03128
9.0,48.5,1943.98237,-0.0463
10.0,48.5,1944.40561,-0.02969
11.0,48.5,1936.29628,-0.01785
12.0,48.5,1926.00611,-0.01217
13.0,48.5,1933.74772,0.00683
14.0,48.5,1935.75286,0.00151
15.0,48.5,1943.68228,-0.05417
16.0,48.5,1940.40703,-0.00862
17.0,48.5,1937.99208,0.00759
18.0,48.5,1941.68515,0.0046
19.0,48.5,1941.41705,0.01422
20.0,48.5,1941.62426,0.00904
21.0,48.5,1942.26194,0.00419
22.0,48.5,1945.21175,-0.02827
23.0,48.5,1950.03983,-0.03095
24.0,48.5,1951.86611,-0.01817
25.0,48.5,1956.02256,-0.0295
26.0,48.5,1955.49267,-0.00919
27.0,48.5,1952.74437,0.00503
28.0,48.5,1937.63081,0.00289
29.0,48.5,1907.52479,-0.01073
30.0,48.5,1920.44151,-0.00235
31.0,48.5,1933.3683,0.00752
32.0,48.5,1937.90036,0.00373
33.0,48.5,1932.04927,0.01769
34.0,48.5,1917.61426,0.00961
35.0,48.5,1926.83829,-0.00149
36.0,48.5,1927.49104,0.00612
37.0,48.5,1927.61373,0.04045
38.0,48.5,1914.56602,0.02597
39.0,48.5,1926.3886,0.01855
40.0,48.5,1935.08734,0.00874
41.0,48.5,1928.905,0.01236
42.0,48.5,1904.40598,0.02891
43.0,48.5,1903.32442,-0.05438
44.0,48.5,1894.16748,0.13249
45.0,48.5,1900.52427,0.02427
46.0,48.5,1904.72198,0.01811
47.0,48.5,1924.68632,0.02598
48.0,48.5,1923.55702,0.01922
49.0,48.5,1919.35966,0.00932
50.0,48.5,1915.27566,0.01294
51.0,48.5,1912.78755,0.02055
52.0,48.5,1906.9595,0.03117
53.0,48.5,1896.83146,0.02592
54.0,48.5,1885.98018,0.02471
55.0,48.5,1886.805,0.02506
56.0,48.5,1884.07133,0.03177
57.0,48.5,1884.74907,0.02016
58.0,48.5,1875.45386,0.02591
59.0,48.5,1871.01757,0.02573
60.0,48.5,1872.06225,0.01553
61.0,48.5,1874.59889,0.01793
62.0,48.5,1874.76079,0.01419
63.0,48.5,1866.33178,0.01371
64.0,48.5,1871.36375,0.00552
65.0,48.5,1869.85359,0.02523
66.0,48.5,1876.01335,0.02855
67.0,48.5,1883.44617,0.01728
68.0,48.5,1882.95915,0.03285
69.0,48.5,1885.6905,0.02182
70.0,48.5,1859.26319,1.12341
-11.0,49.5,1898.0652,-0.01517
-10.0,49.5,1901.91385,0.21985
-9.0,49.5,1893.87873,-0.18495
-8.0,49.5,1879.83002,0.8443
-7.0,49.5,1883.12785,1.26711
-6.0,49.5,1893.28781,-1.91763
-5.0,49.5,1901.7461,-1.6711
-4.0,49.5,1891.98058,2.84281
-3.0,49.5,1900.15016,-0.00445
-2.0,49.5,1914.37787,0.19054
-1.0,49.5,1914.81522,-0.03153
0.0,49.5,1919.1638,-0.10297
1.0,49.5,1917.38743,-0.03546
2.0,49.5,1916.64329,-0.11689
3.0,49.5,1910.77625,-0.04295
4.0,49.5,1905.46902,-0.04731
5.0,49.5,1899.34479,0.14803
6.0,49.5,1903.01184,0.00174
7.0,49.5,1913.17743,0.00503
8.0,49.5,1928.0516,-0.0139
9.0,49.5,1941.69584,-0.0478
10.0,49.5,1941.53743,-0.04586
11.0,49.5,1930.69192,0.00958
12.0,49.5,1928.81652,0.00311
13.0,49.5,1933.25301,0.00694
14.0,49.5,1936.24538,0.01194
15.0,49.5,1942.34209,-0.03317
16.0,49.5,1946.22862,-0.2193
17.0,49.5,1939.28408,0.03001
18.0,49.5,1944.83633,0.0358
19.0,49.5,1940.07342,0.01314
20.0,49.5,1941.94541,0.0157
21.0,49.5,1943.57362,0.01438
22.0,49.5,1944.98195,0.01403
23.0,49.5,1945.91581,0.01377
24.0,49.5,1950.72091,0.00511
25.0,49.5,1954.03642,0.00326
26.0,49.5,1952.91761,0.00755
27.0,49.5,1926.35662,0.01645
28.0,49.5,1909.40687,0.02779
29.0,49.5,1916.92395,-0.00019
30.0,49.5,1922.16192,0.00088
31.0,49.5,1945.60968,0.00323
32.0,49.5,1939.23634,0.00344
33.0,49.5,1915.8312,0.05824
34.0,49.5,1925.82343,0.01208
35.0,49.5,1933.15928,0.01118
36.0,49.5,1933.31292,0.02954
37.0,49.5,1924.10361,0.01199
38.0,49.5,1922.9883,0.0519
39.0,49.5,1924.36249,0.02516
40.0,49.5,1938.43488,0.00551
41.0,49.5,1915.33229,0.03412
42.0,49.5,1908.04976,0.012
43.0,49.5,1908.12748,0.05602
44.0,49.5,1904.02827,0.05926
45.0,49.5,1903.65343,0.07828
46.0,49.5,1893.91895,-0.00446
47.0,49.5,1925.93493,0.01818
48.0,49.5,1922.61502,0.02404
49.0,49.5,1919.77475,0.01421
50.0,49.5,1915.06547,0.01338
51.0,49.5,1909.33971,0.01712
52.0,49.5,1909.64031,0.02395
53.0,49.5,1898.1132,0.0211
54.0,49.5,1895.78546,0.02716
55.0,49.5,1885.2593,0.02808
56.0,49.5,1894.6657,0.0289
57.0,49.5,1885.68234,0.02399
58.0,49.5,1877.41543,0.0199
59.0,49.5,1872.67859,0.0214
60.0,49.5,1869.9053,0.02995
61.0,49.5,1873.26567,0.02071
62.0,49.5,1875.35673,0.01421
63.0,49.5,1869.8962,0.01166
64.0,49.5,1871.39751,0.01527
65.0,49.5,1870.18006,0.0205
66.0,49.5,1876.24182,0.02853
67.0,49.5,1881.39516,0.02257
68.0,49.5,1885.55351,0.00621
69.0,49.5,1886.79815,-0.05016
70.0,49.5,1830.24685,0.14354
-11.0,50.5,1905.15835,0.19498
-10.0,50.5,1883.70925,-1.00482
-9.0,50.5,1878.78051,1.29795
-8.0,50.5,1874.29344,0.38417
-7.0,50.5,1890.974,0.63571
-6.0,50.5,1891.23098,-28.1495
-5.0,50.5,1900.13706,0.77163
-4.0,50.5,1908.27149,-0.18209
-3.0,50.5,1898.86914,-0.07564
-2.0,50.5,1913.23868,0.24716
-1.0,50.5,1916.40542,0.10431
0.0,50.5,1915.81905,0.04673
1.0,50.5,1920.07368,0.02574
2.0,50.5,1908.37007,-0.00353
3.0,50.5,1910.48732,0.06815
4.0,50.5,1912.80451,-0.09232
5.0,50.5,1903.68129,0.07549
6.0,50.5,1903.77534,-0.00489
7.0,50.5,1902.77968,-0.04433
8.0,50.5,1904.0027,0.03608
9.0,50.5,1918.3334,-0.0075
10.0,50.5,1926.42333,-0.01999
11.0,50.5,1940.98731,0.04861
12.0,50.5,1927.79825,0.00253
13.0,50.5,1930.93107,0.00492
14.0,50.5,1936.82855,0.02925
15.0,50.5,1939.31066,0.01351
16.0,50.5,1944.53408,-0.0296
17.0,50.5,1942.74905,0.21724
18.0,50.5,1945.54301,0.06176
19.0,50.5,1940.64862,0.0186
20.0,50.5,1941.13657,0.0258
21.0,50.5,1941.94707,0.02155
22.0,50.5,1944.69172,0.02022
23.0,50.5,1947.01366,0.02403
24.0,50.5,1952.09886,0.01952
25.0,50.5,1947.47306,0.01565
26.0,50.5,1910.71898,0.02003
27.0,50.5,1908.79842,0.03456
28.0,50.5,1906.44555,0.0453
29.0,50.5,1915.43889,0.00689
30.0,50.5,1942.20727,-0.00286
31.0,50.5,1942.34788,-0.00452
32.0,50.5,1916.17918,-0.06624
33.0,50.5,1919.89099,0.0059
34.0,50.5,1931.83639,0.015
35.0,50.5,1940.08292,-0.00024
36.0,50.5,1946.5827,-0.01116
37.0,50.5,1920.57466,-0.03511
38.0,50.5,1941.21935,0.01929
39.0,50.5,1933.28617,0.00375
40.0,50.5,1928.71932,-0.01051
41.0,50.5,1928.06648,0.02699
42.0,50.5,1917.44367,0.05832
43.0,50.5,1903.13636,0.0886
44.0,50.5,1901.72283,0.07532
45.0,50.5,1905.54147,0.06196
46.0,50.5,1893.6865,-0.00589
47.0,50.5,1922.00109,-0.02509
48.0,50.5,1924.7923,0.01953
49.0,50.5,1921.45993,0.02017
50.0,50.5,1915.82025,0.01894
51.0,50.5,1909.89519,0.02446
52.0,50.5,1907.17374,0.02425
53.0,50.5,1904.27612,0.02328
54.0,50.5,1898.31154,0.02574
55.0,50.5,1892.22065,0.02429
56.0,50.5,1895.44778,0.01423
57.0,50.5,1881.11971,0.0318
58.0,50.5,1883.62186,0.02288
59.0,50.5,1872.15271,0.03129
60.0,50.5,1865.52994,0.03804
61.0,50.5,1872.71899,0.02178
62.0,50.5,1877.97742,0.01236
63.0,50.5,1874.98256,0.00969
64.0,50.5,1870.35298,0.01836
65.0,50.5,1872.85626,0.01028
66.0,50.5,1875.23776,0.03086
67.0,50.5,1880.23138,0.02997
68.0,50.5,1886.25726,0.01019
69.0,50.5,1879.14067,1.19987
72.0,50.5,1875.87623,0.24108
-11.0,51.5,1891.5744,-0.09952
-10.0,51.5,1879.61835,-1.88232
-9.0,51.5,1891.93757,0.3821
-8.0,51.5,1876.44481,0.52036
-7.0,51.5,1878.74422,-0.27061
-6.0,51.5,1885.4373,-0.81368
-5.0,51.5,1897.17884,-0.47419
-4.0,51.5,1909.02661,-0.20227
-3.0,51.5,1913.28747,0.06113
-2.0,51.5,1908.50705,0.06771
-1.0,51.5,1906.71608,0.03274
0.0,51.5,1921.08953,0.01635
1.0,51.5,1918.2855,0.16653
2.0,51.5,1902.71509,-0.23834
3.0,51.5,1916.47415,0.09072
4.0,51.5,1918.35794,0.06565
5.0,51.5,1910.88568,-0.02457
6.0,51.5,1909.63886,0.24899
7.0,51.5,1905.97656,-0.00675
8.0,51.5,1906.54748,0.00458
9.0,51.5,1909.96909,0.01168
10.0,51.5,1907.38395,0.01792
11.0,51.5,1909.8142,0.02139
12.0,51.5,1914.39754,0.00503
13.0,51.5,1926.47178,0.01864
14.0,51.5,1931.79592,0.0027
15.0,51.5,1932.5238,-0.00993
16.0,51.5,1945.34443,-0.00741
17.0,51.5,1945.0072,0.05613
18.0,51.5,1943.97025,0.12303
19.0,51.5,1942.84806,0.00919
20.0,51.5,1940.75233,0.02455
21.0,51.5,1940.76751,0.0194
22.0,51.5,1942.74488,0.02178
23.0,51.5,1944.12598,0.02297
24.0,51.5,1936.0894,0.03174
25.0,51.5,1924.19253,0.03428
26.0,51.5,1921.33712,0.02018
27.0,51.5,1913.794,0.05453
28.0,51.5,1923.2323,0.02914
29.0,51.5,1940.06804,0.00214
30.0,51.5,1935.61376,0.00329
31.0,51.5,1924.77072,0.01854
32.0,51.5,1933.66974,0.00747
33.0,51.5,1942.73596,0.00046
34.0,51.5,1938.19677,-0.00711
35.0,51.5,1948.88288,-0.01527
36.0,51.5,1962.39593,-0.03362
37.0,51.5,1932.40075,-0.02016
38.0,51.5,1940.32694,-0.02568
39.0,51.5,1928.8744,-0.03236
40.0,51.5,1923.13971,-0.00621
41.0,51.5,1925.42143,0.05107
42.0,51.5,1910.66775,0.11668
43.0,51.5,1913.49888,0.061
44.0,51.5,1938.74329,0.02309
45.0,51.5,1931.97484,0.0245
46.0,51.5,1893.50463,0.00654
47.0,51.5,1913.68598,-0.07173
48.0,51.5,1926.83639,0.02881
49.0,51.5,1920.86478,0.02566
50.0,51.5,1914.31736,0.02661
51.0,51.5,1909.75874,0.01657
52.0,51.5,1906.75141,0.02008
53.0,51.5,1902.77131,0.01948
54.0,51.5,1897.10196,0.0247
55.0,51.5,1893.59337,0.02025
56.0,51.5,1886.61748,0.03792
57.0,51.5,1879.75966,0.04557
58.0,51.5,1883.03162,0.03388
59.0,51.5,1871.63736,0.05632
60.0,51.5,1867.02956,0.05503
61.0,51.5,1872.38013,0.03181
62.0,51.5,1877.46073,0.02081
63.0,51.5,1875.13379,-0.00119
64.0,51.5,1871.6846,-0.00075
65.0,51.5,1872.01948,0.00389
66.0,51.5,1874.47609,0.02593
67.0,51.5,1881.95462,0.02442
68.0,51.5,1885.84928,0.01999
69.0,51.5,1894.89784,-0.01249
71.0,51.5,1839.6125,-1.92819
72.0,51.5,1881.52625,0.10239
-11.0,52.5,1887.55767,0.00786
-10.0,52.5,1874.46343,0.3896
-9.0,52.5,1885.25752,-0.2012
-8.0,52.5,1890.39894,1.27186
-7.0,52.5,1891.01756,0.28058
-6.0,52.5,1890.90071,-0.4318
-5.0,52.5,1903.11475,-1.09935
-4.0,52.5,1913.30781,0.88724
-3.0,52.5,1910.99676,0.22156
-2.0,52.5,1914.66478,-0.38762
-1.0,52.5,1910.75047,0.08625
0.0,52.5,1921.99234,-0.05284
1.0,52.5,1912.76103,0.04068
2.0,52.5,1912.49636,0.17018
3.0,52.5,1911.51908,0.13792
4.0,52.5,1903.50705,0.07046
5.0,52.5,1911.9294,-0.15375
6.0,52.5,1911.45697,-0.024
7.0,52.5,1913.48456,0.00408
8.0,52.5,1913.09152,0.01071
9.0,52.5,1910.42525,0.02332
10.0,52.5,1912.80639,0.02366
11.0,52.5,1918.71353,0.02389
12.0,52.5,1916.20237,0.01644
13.0,52.5,1930.38037,0.01785
14.0,52.5,1934.92428,0.00388
15.0,52.5,1933.43188,0.00911
16.0,52.5,1919.26863,-0.01361
17.0,52.5,1918.99883,0.21546
18.0,52.5,1951.62412,-0.04183
19.0,52.5,1944.39673,0.00165
20.0,52.5,1940.67365,0.01878
21.0,52.5,1941.12489,0.02093
22.0,52.5,1943.36906,0.02362
23.0,52.5,1945.40283,0.02291
24.0,52.5,1930.41299,0.01974
25.0,52.5,1925.66306,-0.00926
26.0,52.5,1927.5147,0.01147
27.0,52.5,1919.77986,0.02371
28.0,52.5,1930.04262,0.00361
29.0,52.5,1931.2633,-0.00814
30.0,52.5,1929.45194,-0.02438
31.0,52.5,1927.10036,-0.03497
32.0,52.5,1940.65339,0.02396
33.0,52.5,1930.69948,-0.01024
34.0,52.5,1940.18004,-0.0125
35.0,52.5,1950.49173,-0.01121
36.0,52.5,1936.52385,-0.00256
37.0,52.5,1941.12057,-0.01738
38.0,52.5,1939.93878,-0.03541
39.0,52.5,1923.94496,0.01116
40.0,52.5,1926.29956,0.03436
41.0,52.5,1926.99786,0.06724
42.0,52.5,1925.03803,0.03794
43.0,52.5,1938.43507,0.05014
44.0,52.5,1939.80776,0.00912
45.0,52.5,1936.20613,0.01441
46.0,52.5,1900.19408,0.05708
47.0,52.5,1921.61607,0.03346
48.0,52.5,1922.65645,0.02748
49.0,52.5,1916.64008,0.02491
50.0,52.5,1914.2266,0.02561
51.0,52.5,1908.45736,0.01635
52.0,52.5,1906.4726,0.01785
53.0,52.5,1901.27986,0.02863
54.0,52.5,1896.06158,0.01966
55.0,52.5,1894.01685,0.02984
56.0,52.5,1891.69859,0.03889
57.0,52.5,1884.72816,0.04022
58.0,52.5,1882.13687,0.04148
59.0,52.5,1869.78429,0.05076
60.0,52.5,1868.07307,0.04599
61.0,52.5,1870.723,0.03534
62.0,52.5,1877.4392,0.02825
63.0,52.5,1873.09661,0.01059
64.0,52.5,1871.09567,0.00701
65.0,52.5,1873.39664,0.00616
66.0,52.5,1878.18378,0.03256
67.0,52.5,1882.75848,0.03171
68.0,52.5,1882.79213,0.01147
69.0,52.5,1889.653,-0.04455
71.0,52.5,1869.20469,-0.12339
72.0,52.5,1878.39271,-0.20321
73.0,52.5,1856.48116,-0.50577
-11.0,53.5,1856.93211,0.97778
-10.0,53.5,1893.97807,0.25729
-9.0,53.5,1903.61154,0.00598
-8.0,53.5,1892.49033,-1.05628
-7.0,53.5,1887.49768,0.02476
-6.0,53.5,1889.31346,-0.48812
-5.0,53.5,1898.3187,0.31857
-4.0,53.5,1882.04593,-1.08882
-3.0,53.5,1895.10131,0.64904
-2.0,53.5,1911.96021,-0.33817
-1.0,53.5,1917.02826,0.45589
0.0,53.5,1908.89617,0.10905
1.0,53.5,1912.66267,0.01992
2.0,53.5,1918.12861,0.06775
3.0,53.5,1909.26109,0.07913
4.0,53.5,1906.53662,0.03571
5.0,53.5,1903.43674,-0.63642
6.0,53.5,1905.04936,-0.22507
7.0,53.5,1907.56222,0.01081
8.0,53.5,1915.03788,0.00764
9.0,53.5,1910.46933,0.0428
10.0,53.5,1916.44086,0.03072
11.0,53.5,1919.55503,0.03427
12.0,53.5,1916.73959,-0.00502
13.0,53.5,1924.01073,0.01164
14.0,53.5,1937.62626,0.01314
15.0,53.5,1942.07645,0.03154
16.0,53.5,1938.48546,0.01466
17.0,53.5,1920.44286,0.84066
18.0,53.5,1950.67469,-0.01078
19.0,53.5,1949.67179,-0.01437
20.0,53.5,1941.95205,0.01836
21.0,53.5,1941.49613,0.01782
22.0,53.5,1942.22118,0.0166
23.0,53.5,1945.90003,0.01631
24.0,53.5,1932.72039,0.0232
25.0,53.5,1919.43948,0.02035
26.0,53.5,1931.23515,0.00544
27.0,53.5,1925.93458,0.0132
28.0,53.5,1938.73416,-0.02654
29.0,53.5,1932.44692,-0.01144
30.0,53.5,1932.30153,-0.01973
31.0,53.5,1935.15594,-0.00138
32.0,53.5,1933.7925,0.02256
33.0,53.5,1935.41524,-0.00295
34.0,53.5,1944.22817,-0.01082
35.0,53.5,1947.42044,-0.00227
36.0,53.5,1944.60004,0.0047
37.0,53.5,1943.77305,-0.02183
38.0,53.5,1956.77046,-0.00998
39.0,53.5,1957.04451,0.09181
40.0,53.5,1959.01904,0.0155
41.0,53.5,1928.84916,0.02997
42.0,53.5,1925.86129,0.03577
43.0,53.5,1943.33058,0.00345
44.0,53.5,1937.01019,0.00496
45.0,53.5,1929.87385,0.01454
46.0,53.5,1933.14741,0.01934
47.0,53.5,1932.26921,0.03582
48.0,53.5,1922.53328,0.02781
49.0,53.5,1918.41621,0.01873
50.0,53.5,1913.98194,0.024
51.0,53.5,1908.68722,0.02349
52.0,53.5,1904.55489,0.02057
53.0,53.5,1903.57161,0.0262
54.0,53.5,1896.59099,0.02769
55.0,53.5,1895.00209,0.02742
56.0,53.5,1890.75126,0.03938
57.0,53.5,1886.26552,0.05139
58.0,53.5,1879.39164,0.04182
59.0,53.5,1869.22808,0.04265
60.0,53.5,1867.59797,0.03089
61.0,53.5,1867.90028,0.03262
62.0,53.5,1875.37932,0.03827
63.0,53.5,1870.95023,0.02154
64.0,53.5,1871.99851,0.00373
65.0,53.5,1874.79323,0.02134
66.0,53.5,1874.59772,0.0173
67.0,53.5,1882.48389,0.0178
68.0,53.5,1879.19816,0.01026
69.0,53.5,1886.42,-0.02482
71.0,53.5,1880.80535,0.50578
72.0,53.5,1891.51487,0.04922
73.0,53.5,1867.0331,0.39173
74.0,53.5,1860.39609,-0.49215
-11.0,54.5,1849.93195,0.75201
-10.0,54.5,1864.20552,-0.14648
-9.0,54.5,1904.14608,0.24046
-8.0,54.5,1883.02704,0.56837
-7.0,54.5,1881.88217,0.40542
-6.0,54.5,1888.06077,-0.18061
-5.0,54.5,1875.57008,-11.65057
-4.0,54.5,1893.97557,-0.31327
-3.0,54.5,1902.47937,1.51016
-2.0,54.5,1910.77944,2.48482
-1.0,54.5,1929.75476,0.21033
0.0,54.5,1930.09278,-0.10132
1.0,54.5,1919.62551,0.11446
2.0,54.5,1923.10184,0.1799
3.0,54.5,1919.0613,0.03199
4.0,54.5,1905.84401,0.02676
5.0,54.5,1906.70708,0.02484
6.0,54.5,1907.96249,0.01756
7.0,54.5,1913.51595,-0.01126
8.0,54.5,1907.81395,0.02046
9.0,54.5,1906.13236,-0.00134
10.0,54.5,1914.80693,0.02316
11.0,54.5,1917.20115,0.02287
12.0,54.5,1919.686,0.00672
13.0,54.5,1921.95113,0.01093
14.0,54.5,1936.19175,0.01825
15.0,54.5,1938.50066,0.02855
16.0,54.5,1943.09312,0.03177
17.0,54.5,1932.89963,-0.01994
18.0,54.5,1993.80712,8.0
19.0,54.5,1956.62813,-0.30578
20.0,54.5,1946.64228,-0.01728
21.0,54.5,1941.69308,0.02358
22.0,54.5,1943.72243,0.02016
23.0,54.5,1948.71547,0.01181
24.0,54.5,1950.69559,0.01626
25.0,54.5,1927.21562,0.01251
26.0,54.5,1922.99784,0.00662
27.0,54.5,1935.6099,0.00272
28.0,54.5,1938.40825,0.00084
29.0,54.5,1934.2399,-0.0175
30.0,54.5,1931.58262,-0.01098
31.0,54.5,1932.76621,-0.00361
32.0,54.5,1943.40467,-0.01256
33.0,54.5,1941.7955,0.00512
34.0,54.5,1947.8247,0.00132
35.0,54.5,1946.31313,0.00265
36.0,54.5,1943.21346,-0.00982
37.0,54.5,1952.70655,-0.02564
38.0,54.5,1972.40461,-0.00326
39.0,54.5,1968.66594,0.01382
40.0,54.5,1955.25461,0.01117
41.0,54.5,1942.08383,0.04872
42.0,54.5,1944.2664,0.00432
43.0,54.5,1940.30042,0.0043
44.0,54.5,1936.19003,0.00147
45.0,54.5,1931.05706,0.01506
46.0,54.5,1932.75239,0.02168
47.0,54.5,1930.71152,0.02807
48.0,54.5,1920.32363,0.02927
49.0,54.5,1916.76003,0.02212
50.0,54.5,1911.02369,0.02639
51.0,54.5,1907.44495,0.02171
52.0,54.5,1904.25094,0.0175
53.0,54.5,1901.39635,0.02542
54.0,54.5,1894.23452,0.02806
55.0,54.5,1895.14741,0.03615
56.0,54.5,1888.56984,0.04687
57.0,54.5,1877.78925,0.05284
58.0,54.5,1880.50491,0.03963
59.0,54.5,1876.23719,0.05308
60.0,54.5,1868.78149,0.04632
61.0,54.5,1869.90821,0.04063
62.0,54.5,1875.01699,0.04572
63.0,54.5,1869.75145,0.02141
64.0,54.5,1871.17797,0.02342
65.0,54.5,1872.82818,0.028
66.0,54.5,1875.10182,0.02162
67.0,54.5,1879.06914,0.01024
68.0,54.5,1880.98414,0.00934
69.0,54.5,1880.95313,-8.87037
70.0,54.5,1843.29768,0.03008
71.0,54.5,1894.82037,0.05485
72.0,54.5,1891.47293,0.05953
73.0,54.5,1865.41717,-1.16523
74.0,54.5,1877.84008,5.69003
-11.0,55.5,1896.88316,-0.17646
-10.0,55.5,1879.15056,-0.25721
-9.0,55.5,1889.82377,-0.58675
-8.0,55.5,1886.04615,0.20678
-7.0,55.5,1868.12582,-0.4482
-6.0,55.5,1873.54777,0.21198
-5.0,55.5,1882.75479,-3.2389
-4.0,55.5,1885.74081,0.05677
-3.0,55.5,1906.91787,1.14187
-2.0,55.5,1903.38888,0.41278
-1.0,55.5,1920.30421,0.3836
0.0,55.5,1925.80563,0.15414
1.0,55.5,1923.92874,-0.11142
2.0,55.5,1915.69856,-0.22273
3.0,55.5,1928.29824,0.26934
4.0,55.5,1914.61327,0.02502
5.0,55.5,1913.33226,0.01386
6.0,55.5,1905.54701,0.01116
7.0,55.5,1905.53179,-0.02413
8.0,55.5,1907.16982,0.01678
9.0,55.5,1914.53586,0.00968
10.0,55.5,1920.09733,0.01999
11.0,55.5,1922.43939,0.01526
12.0,55.5,1921.01979,-0.00411
13.0,55.5,1922.95308,0.01114
14.0,55.5,1934.69079,0.01338
15.0,55.5,1939.43039,0.02668
16.0,55.5,1943.55213,0.0497
17.0,55.5,1924.22179,0.04052
18.0,55.5,1906.30468,0.07996
19.0,55.5,1960.78147,-0.29271
20.0,55.5,1955.18814,-0.05497
21.0,55.5,1946.22695,0.01516
22.0,55.5,1942.97071,0.01815
23.0,55.5,1944.19852,0.01355
24.0,55.5,1949.17089,0.0134
25.0,55.5,1945.48926,0.01616
26.0,55.5,1927.12761,0.02452
27.0,55.5,1935.99126,0.01497
28.0,55.5,1934.94194,-0.00258
29.0,55.5,1930.03573,0.00013
30.0,55.5,1931.8991,0.00243
31.0,55.5,1933.66852,0.00956
32.0,55.5,1937.56306,0.00402
33.0,55.5,1940.99836,0.0071
34.0,55.5,1945.39954,0.00536
35.0,55.5,1944.59322,0.00412
36.0,55.5,1942.75577,0.00368
37.0,55.5,1948.75411,-0.00015
38.0,55.5,1953.30457,0.00461
39.0,55.5,1954.0778,0.00532
40.0,55.5,1951.77906,0.00774
41.0,55.5,1948.51532,0.00477
42.0,55.5,1947.06085,0.0071
43.0,55.5,1942.56804,0.00681
44.0,55.5,1936.72538,0.00244
45.0,55.5,1935.31529,0.01521
46.0,55.5,1930.39587,0.02257
47.0,55.5,1926.09945,0.02671
48.0,55.5,1920.31257,0.02206
49.0,55.5,1914.32757,0.01761
50.0,55.5,1910.08453,0.01559
51.0,55.5,1907.08659,0.02034
52.0,55.5,1905.48035,0.0254
53.0,55.5,1900.28551,0.03509
54.0,55.5,1899.08544,0.03292
55.0,55.5,1892.27483,0.03468
56.0,55.5,1891.60024,0.03606
57.0,55.5,1877.91629,0.04479
58.0,55.5,1880.31705,0.04868
59.0,55.5,1874.57083,0.05794
60.0,55.5,1872.61775,0.0499
61.0,55.5,1868.97537,0.04875
62.0,55.5,1870.51696,0.03571
63.0,55.5,1869.99856,0.02131
64.0,55.5,1872.13206,0.03219
65.0,55.5,1875.93203,0.03409
66.0,55.5,1876.47047,0.02819
67.0,55.5,1880.71516,0.00314
68.0,55.5,1885.17933,0.02583
69.0,55.5,1880.8702,0.01179
70.0,55.5,1878.92114,-0.03752
71.0,55.5,1895.8863,0.036
72.0,55.5,1878.03448,-0.01399
73.0,55.5,1867.84952,0.38513
74.0,55.5,1861.97767,4.12136
75.0,55.5,1861.32737,2.34828
-11.0,56.5,1886.06294,0.06183
-10.0,56.5,1875.38622,-1.72634
-9.0,56.5,1896.62073,-0.27473
-8.0,56.5,1891.09055,0.01966
-7.0,56.5,1871.95404,-0.28244
-6.0,56.5,1888.32321,-0.13696
-5.0,56.5,1893.07315,0.12983
-4.0,56.5,1894.731,-0.28672
-3.0,56.5,1902.91075,0.07975
-2.0,56.5,1912.44014,-0.31401
-1.0,56.5,1912.91069,0.02366
0.0,56.5,1933.25478,0.13602
1.0,56.5,1929.47934,-0.10028
2.0,56.5,1920.07228,-0.18387
3.0,56.5,1913.22502,-0.09485
4.0,56.5,1917.85696,0.16985
5.0,56.5,1908.6488,0.16603
6.0,56.5,1905.58545,0.20856
7.0,56.5,1908.95974,-0.03584
8.0,56.5,1912.25229,-0.04141
9.0,56.5,1918.25686,-0.00114
10.0,56.5,1919.44063,0.0104
11.0,56.5,1918.79482,0.02698
12.0,56.5,1921.98066,0.00278
13.0,56.5,1925.08001,0.01564
14.0,56.5,1934.47956,0.00579
15.0,56.5,1942.45926,0.01997
16.0,56.5,1941.87384,0.05353
17.0,56.5,1939.69249,0.02377
18.0,56.5,1927.66695,0.00039
19.0,56.5,1908.60679,0.00487
20.0,56.5,1958.63085,3e-05
21.0,56.5,1950.91397,0.0047
22.0,56.5,1942.22795,0.01918
23.0,56.5,1938.51303,-0.00433
24.0,56.5,1918.32883,0.00383
25.0,56.5,1905.48411,0.03485
26.0,56.5,1894.35661,0.03621
27.0,56.5,1925.63363,0.02526
28.0,56.5,1929.17015,0.00187
29.0,56.5,1925.91706,0.0062
30.0,56.5,1926.89395,0.00254
31.0,56.5,1935.71484,-0.09129
32.0,56.5,1939.01323,-0.22756
33.0,56.5,1946.46479,0.00134
34.0,56.5,1944.38717,0.01069
35.0,56.5,1941.35385,0.00459
36.0,56.5,1941.69637,0.00649
37.0,56.5,1943.3056,0.0012
38.0,56.5,1944.62892,-0.01871
39.0,56.5,1951.02948,0.00288
40.0,56.5,1951.34385,0.00686
41.0,56.5,1948.07165,0.00812
42.0,56.5,1948.81032,0.01639
43.0,56.5,1942.92723,0.01056
44.0,56.5,1938.24126,0.01075
45.0,56.5,1934.25051,0.01016
46.0,56.5,1927.34027,0.01487
47.0,56.5,1924.61349,0.02945
48.0,56.5,1919.72334,0.02417
49.0,56.5,1915.21914,0.01628
50.0,56.5,1907.7893,0.00933
51.0,56.5,1903.02669,0.01366
52.0,56.5,1898.17026,0.02973
53.0,56.5,1886.91038,0.03911
54.0,56.5,1889.1678,0.0454
55.0,56.5,1885.89597,0.04879
56.0,56.5,1883.78526,0.03417
57.0,56.5,1883.62869,0.02668
58.0,56.5,1876.93414,0.04865
59.0,56.5,1869.08861,0.06056
60.0,56.5,1874.32134,0.04019
61.0,56.5,1867.02035,0.0459
62.0,56.5,1869.75543,0.02928
63.0,56.5,1874.59064,0.01471
64.0,56.5,1872.10305,0.03316
65.0,56.5,1874.65026,0.04222
66.0,56.5,1877.83462,0.03305
67.0,56.5,1880.42282,0.0124
68.0,56.5,1885.54111,0.02608
69.0,56.5,1887.92868,-0.1188
70.0,56.5,1884.4912,-0.0173
71.0,56.5,1885.64179,-0.01044
72.0,56.5,1882.62785,-0.0053
73.0,56.5,1862.7176,-0.13284
74.0,56.5,1863.78081,2.79509
75.0,56.5,1857.42418,0.13105
-11.0,57.5,1887.61553,0.23331
-10.0,57.5,1895.26056,1.54481
-9.0,57.5,1901.59487,1.07438
-8.0,57.5,1903.82436,0.75466
-7.0,57.5,1890.52209,-0.70379
-6.0,57.5,1901.45203,0.23369
-5.0,57.5,1899.61602,1.34718
-4.0,57.5,1895.15008,-0.08096
-3.0,57.5,1896.32968,-0.23239
-2.0,57.5,1914.8722,0.0245
-1.0,57.5,1910.28083,0.00405
0.0,57.5,1922.1865,-0.22101
1.0,57.5,1919.26612,-0.25145
2.0,57.5,1910.7506,-0.33429
3.0,57.5,1915.49813,1.10728
4.0,57.5,1910.96851,-0.84693
5.0,57.5,1908.82717,0.05556
6.0,57.5,1915.81665,0.0879
7.0,57.5,1913.40454,-0.02234
8.0,57.5,1916.48104,-0.01122
9.0,57.5,1913.89369,-0.00301
10.0,57.5,1913.594,0.02603
11.0,57.5,1914.82298,-0.02058
12.0,57.5,1922.46803,-0.01199
13.0,57.5,1924.88458,0.01238
14.0,57.5,1931.2441,-0.00147
15.0,57.5,1937.00158,0.01268
16.0,57.5,1941.23626,0.03218
17.0,57.5,1941.1981,0.04412
18.0,57.5,1935.13871,0.01673
19.0,57.5,1924.01158,0.00793
20.0,57.5,1936.14978,0.02247
21.0,57.5,1946.61402,0.0241
22.0,57.5,1939.02383,0.01925
23.0,57.5,1926.31053,-0.0005
24.0,57.5,1920.18733,0.01343
25.0,57.5,1922.7651,0.0373
26.0,57.5,1932.06158,0.01752
27.0,57.5,1931.87049,0.01725
28.0,57.5,1930.42243,0.00995
29.0,57.5,1923.29894,0.02443
30.0,57.5,1938.66846,0.00059
31.0,57.5,1943.80765,0.01137
32.0,57.5,1941.75816,0.00537
33.0,57.5,1940.37266,0.01227
34.0,57.5,1940.81625,0.01085
35.0,57.5,1940.95177,0.00788
36.0,57.5,1938.79328,0.00673
37.0,57.5,1938.42825,0.00506
38.0,57.5,1941.04695,-0.02439
39.0,57.5,1952.11221,0.00333
40.0,57.5,1953.1025,0.00666
41.0,57.5,1953.40053,0.01061
42.0,57.5,1924.62603,0.01693
43.0,57.5,1939.82593,0.01276
44.0,57.5,1938.22428,0.00928
45.0,57.5,1932.38885,0.01571
46.0,57.5,1929.26222,0.01696
47.0,57.5,1923.85794,0.0247
48.0,57.5,1917.25313,0.02362
49.0,57.5,1914.50198,0.02109
50.0,57.5,1905.09668,0.01793
51.0,57.5,1897.48861,0.02218
52.0,57.5,1888.26333,0.03293
53.0,57.5,1876.32374,0.04396
54.0,57.5,1871.99485,0.0247
55.0,57.5,1875.4869,0.05232
56.0,57.5,1876.27013,0.02785
57.0,57.5,1883.59505,0.0267
58.0,57.5,1881.55313,0.03905
59.0,57.5,1875.18793,0.06443
60.0,57.5,1871.4291,0.05625
61.0,57.5,1863.49309,0.0553
62.0,57.5,1868.98483,0.03272
63.0,57.5,1869.82808,0.02995
64.0,57.5,1871.08574,0.02162
65.0,57.5,1872.72192,0.03647
66.0,57.5,1878.3155,0.02921
67.0,57.5,1882.46798,0.02451
68.0,57.5,1885.78895,0.02149
69.0,57.5,1878.52544,-0.3828
70.0,57.5,1882.55222,-0.33445
71.0,57.5,1885.09037,0.01399
73.0,57.5,1859.71291,-1.13977
74.0,57.5,1864.14888,-0.04835
75.0,57.5,1850.26834,-0.0715
76.0,57.5,1875.45093,-0.24571
-11.0,58.5,1893.14845,0.11766
-10.0,58.5,1896.62819,0.07746
-9.0,58.5,1902.05429,0.17925
-8.0,58.5,1911.81283,0.40813
-7.0,58.5,1906.22264,0.39534
-6.0,58.5,1886.67527,0.66789
-5.0,58.5,1888.78397,-0.23913
-4.0,58.5,1883.19771,1.63712
-3.0,58.5,1898.12678,6.27809
-2.0,58.5,1900.99242,-0.00823
-1.0,58.5,1902.06286,3.87879
0.0,58.5,1913.01143,-0.33239
1.0,58.5,1908.52309,-0.28688
2.0,58.5,1907.01788,0.03073
3.0,58.5,1908.33619,-0.17172
4.0,58.5,1907.67628,0.88925
5.0,58.5,1912.76271,-0.18369
6.0,58.5,1908.99125,0.1401
7.0,58.5,1918.48167,0.00068
8.0,58.5,1911.40341,-0.00565
9.0,58.5,1910.26746,0.00688
10.0,58.5,1919.69057,0.01332
11.0,58.5,1918.47105,-0.03757
12.0,58.5,1924.07561,-0.01279
13.0,58.5,1920.59633,0.03873
14.0,58.5,1933.12773,0.00167
15.0,58.5,1937.10302,0.02504
16.0,58.5,1935.86991,0.03588
17.0,58.5,1936.28963,0.02129
18.0,58.5,1933.49321,0.00663
19.0,58.5,1927.54813,0.02311
20.0,58.5,1916.17223,0.02206
21.0,58.5,1932.54854,0.01856
22.0,58.5,1943.84469,0.02054
23.0,58.5,1916.49065,0.00763
24.0,58.5,1919.1184,0.04255
25.0,58.5,1920.06405,0.05551
26.0,58.5,1937.28281,0.01662
27.0,58.5,1933.40714,0.01652
28.0,58.5,1935.02186,0.01108
29.0,58.5,1935.23702,0.01946
30.0,58.5,1943.11618,0.02386
31.0,58.5,1939.38436,0.01913
32.0,58.5,1933.17258,0.01255
33.0,58.5,1934.41506,0.01464
34.0,58.5,1935.75984,0.01478
35.0,58.5,1942.74175,0.01837
36.0,58.5,1937.74085,0.01636
37.0,58.5,1940.81694,0.00013
38.0,58.5,1951.71411,-0.00675
39.0,58.5,1952.226,0.00529
40.0,58.5,1954.02853,0.0082
41.0,58.5,1953.18595,0.01521
42.0,58.5,1945.52707,0.01403
43.0,58.5,1936.93923,0.00356
44.0,58.5,1936.5778,0.01502
45.0,58.5,1926.79409,-0.02979
46.0,58.5,1930.42571,0.02653
47.0,58.5,1923.04176,0.01817
48.0,58.5,1916.75223,0.02105
49.0,58.5,1910.03292,0.01988
50.0,58.5,1904.91995,0.02829
51.0,58.5,1900.18822,0.02608
52.0,58.5,1896.31113,0.0251
53.0,58.5,1891.51468,0.03253
54.0,58.5,1877.2461,0.05054
55.0,58.5,1876.28776,0.0428
56.0,58.5,1886.96696,0.0394
57.0,58.5,1876.64169,0.04706
58.0,58.5,1873.18731,0.03873
59.0,58.5,1871.19087,0.0622
60.0,58.5,1863.72231,0.04472
61.0,58.5,1861.77678,0.06632
62.0,58.5,1860.9745,0.06803
63.0,58.5,1864.41717,0.03583
64.0,58.5,1866.34359,0.02515
65.0,58.5,1871.05812,0.02891
66.0,58.5,1875.51309,0.02951
67.0,58.5,1882.47408,0.03029
68.0,58.5,1884.49004,0.02667
69.0,58.5,1887.44701,-5.37526
70.0,58.5,1881.32051,0.37834
71.0,58.5,1886.73745,-0.04093
74.0,58.5,1859.10839,0.14574
75.0,58.5,1854.15718,0.01358
76.0,58.5,1847.80978,-3.97606
-11.0,59.5,1883.26755,0.33323
-10.0,59.5,1858.01903,1.22036
-9.0,59.5,1875.90222,-3.23941
-8.0,59.5,1865.44826,-0.84432
-7.0,59.5,1867.68961,0.12228
-6.0,59.5,1889.06743,0.11884
-5.0,59.5,1881.90561,2.42979
-4.0,59.5,1891.138,-0.05027
-3.0,59.5,1895.75901,-0.29226
-2.0,59.5,1910.59507,0.18813
-1.0,59.5,1899.92908,-0.05575
0.0,59.5,1913.5349,-0.09785
1.0,59.5,1915.76843,-0.02056
2.0,59.5,1914.90834,0.00757
3.0,59.5,1906.62034,-0.07646
4.0,59.5,1910.11475,-0.01255
5.0,59.5,1913.54361,0.38545
6.0,59.5,1912.76845,0.01973
7.0,59.5,1914.63668,0.03214
8.0,59.5,1914.84827,0.03959
9.0,59.5,1916.53057,0.02015
10.0,59.5,1918.93969,0.00656
11.0,59.5,1921.57507,-0.00671
12.0,59.5,1925.76282,-0.00943
13.0,59.5,1925.77334,0.01152
14.0,59.5,1924.40197,-0.00138
15.0,59.5,1927.73405,-0.00209
16.0,59.5,1934.03992,0.03261
17.0,59.5,1933.43975,0.02917
18.0,59.5,1931.05876,0.02128
19.0,59.5,1929.87816,0.00396
20.0,59.5,1923.95821,0.02241
21.0,59.5,1922.094,0.0137
22.0,59.5,1927.23892,0.00916
23.0,59.5,1910.00437,0.02903
24.0,59.5,1923.68936,0.01306
25.0,59.5,1921.76252,0.02832
26.0,59.5,1939.17891,0.01498
27.0,59.5,1936.07791,0.02003
28.0,59.5,1934.86703,0.01889
29.0,59.5,1939.1708,0.01633
30.0,59.5,1939.16675,0.02051
31.0,59.5,1938.92019,0.01837
32.0,59.5,1935.58158,0.01726
33.0,59.5,1935.26107,0.01962
34.0,59.5,1938.92254,0.01471
35.0,59.5,1940.66043,0.01293
36.0,59.5,1939.13581,0.01357
37.0,59.5,1947.70747,0.00514
38.0,59.5,1956.93884,0.00128
39.0,59.5,1951.77311,0.00638
40.0,59.5,1952.04627,0.01099
41.0,59.5,1952.24793,0.01949
42.0,59.5,1939.16996,0.01195
43.0,59.5,1929.42487,0.00492
44.0,59.5,1932.0315,0.03832
45.0,59.5,1929.40597,0.06428
46.0,59.5,1931.84707,0.03284
47.0,59.5,1927.45189,0.01417
48.0,59.5,1921.99678,0.02146
49.0,59.5,1913.66831,0.01965
50.0,59.5,1906.15325,0.02642
51.0,59.5,1899.80392,0.02819
52.0,59.5,1899.47764,0.01327
53.0,59.5,1894.20885,0.02504
54.0,59.5,1890.73348,0.0401
55.0,59.5,1876.49485,0.05285
56.0,59.5,1873.21222,0.05234
57.0,59.5,1872.80721,0.04236
58.0,59.5,1874.14948,0.05466
59.0,59.5,1872.91442,0.06837
60.0,59.5,1865.82656,0.0524
61.0,59.5,1861.81366,0.05985
62.0,59.5,1860.62587,0.06877
63.0,59.5,1865.67117,0.03607
64.0,59.5,1864.64974,0.02093
65.0,59.5,1866.49349,0.13599
66.0,59.5,1877.37785,0.02471
67.0,59.5,1882.69052,0.03472
68.0,59.5,1883.16657,0.02884
69.0,59.5,1870.83109,-0.0152
70.0,59.5,1887.19641,0.10851
71.0,59.5,1880.45798,-0.02285
74.0,59.5,1852.62994,-1.25765
75.0,59.5,1860.39996,-0.11664
76.0,59.5,1858.25496,0.00408
-11.0,60.5,1871.11763,0.31455
-10.0,60.5,1891.76375,0.36699
-9.0,60.5,1885.48335,-0.14541
-8.0,60.5,1888.90531,0.46251
-7.0,60.5,1894.18992,0.27218
-6.0,60.5,1890.49527,0.13979
-5.0,60.5,1890.7484,0.70181
-4.0,60.5,1883.47179,0.34821
-3.0,60.5,1892.03709,3.3873
-2.0,60.5,1899.49469,0.61959
-1.0,60.5,1913.53121,-0.11147
0.0,60.5,1918.98478,-0.51636
1.0,60.5,1916.30626,-0.12513
2.0,60.5,1918.64156,2.44328
3.0,60.5,1897.02668,-0.09924
4.0,60.5,1897.44793,-0.01903
5.0,60.5,1909.86808,0.24335
6.0,60.5,1914.78799,-0.10673
7.0,60.5,1912.3609,-0.06717
8.0,60.5,1915.74981,-0.06475
9.0,60.5,1919.83646,-0.07915
10.0,60.5,1917.19908,-0.04821
11.0,60.5,1918.43174,-0.02914
12.0,60.5,1925.87476,-0.00322
13.0,60.5,1925.3293,-0.01829
14.0,60.5,1928.00553,-0.00818
15.0,60.5,1927.85502,0.00234
16.0,60.5,1930.88117,0.0249
17.0,60.5,1930.95647,0.0319
18.0,60.5,1933.64602,0.02918
19.0,60.5,1933.18941,0.00798
20.0,60.5,1928.49782,0.00392
21.0,60.5,1927.79405,0.01926
22.0,60.5,1924.29199,0.03771
23.0,60.5,1929.83537,0.02419
24.0,60.5,1929.33588,0.04345
25.0,60.5,1926.0131,0.0225
26.0,60.5,1937.58666,0.01937
27.0,60.5,1933.85979,0.02615
28.0,60.5,1936.21072,0.02723
29.0,60.5,1937.84053,0.03225
30.0,60.5,1940.40421,0.02559
31.0,60.5,1942.01224,0.01405
32.0,60.5,1939.31328,0.0215
33.0,60.5,1940.67713,0.02444
34.0,60.5,1944.78477,0.01681
35.0,60.5,1942.08026,0.01461
36.0,60.5,1943.30322,0.01464
37.0,60.5,1950.95829,0.00091
38.0,60.5,1953.15454,0.00506
39.0,60.5,1951.34835,0.01238
40.0,60.5,1949.89394,0.01484
41.0,60.5,1944.97608,0.01871
42.0,60.5,1936.94932,0.00711
43.0,60.5,1940.7389,0.01644
44.0,60.5,1937.40221,0.00998
45.0,60.5,1934.1404,0.03908
46.0,60.5,1925.86641,0.02458
47.0,60.5,1925.15578,0.01671
48.0,60.5,1922.3676,0.0171
49.0,60.5,1916.70852,0.01674
50.0,60.5,1907.96492,0.02061
51.0,60.5,1902.79878,0.02255
52.0,60.5,1899.6802,0.0145
53.0,60.5,1894.40506,0.03296
54.0,60.5,1891.72995,0.03763
55.0,60.5,1884.56352,0.04323
56.0,60.5,1871.36641,0.05277
57.0,60.5,1882.79265,0.04705
58.0,60.5,1879.2949,0.05292
59.0,60.5,1873.40615,0.05565
60.0,60.5,1875.4595,0.04458
61.0,60.5,1872.909,0.03144
62.0,60.5,1872.46729,0.05059
63.0,60.5,1874.23328,0.00929
64.0,60.5,1872.79651,0.02965
65.0,60.5,1871.1617,0.01783
66.0,60.5,1879.23135,0.02312
67.0,60.5,1885.18631,0.03091
68.0,60.5,1886.91708,0.03241
69.0,60.5,1883.70462,-0.00355
70.0,60.5,1888.9415,0.39825
74.0,60.5,1862.49168,0.25572
75.0,60.5,1857.99166,0.00419
76.0,60.5,1863.11743,0.04672
-11.0,61.5,1878.13217,0.85988
-10.0,61.5,1868.29381,-0.72865
-9.0,61.5,1891.01723,2.09012
-8.0,61.5,1893.8871,-0.991
-7.0,61.5,1890.77706,-1.80368
-6.0,61.5,1889.31925,-0.01561
-5.0,61.5,1893.73039,-0.23245
-4.0,61.5,1899.70136,-0.01898
-3.0,61.5,1908.50413,0.09291
-2.0,61.5,1901.84148,0.24509
-1.0,61.5,1908.74535,0.07375
0.0,61.5,1910.84958,-0.3518
1.0,61.5,1901.90807,0.11055
2.0,61.5,1897.13383,0.09183
3.0,61.5,1910.18345,0.02403
4.0,61.5,1902.64924,0.0203
5.0,61.5,1909.19048,0.17114
6.0,61.5,1915.0353,0.00665
7.0,61.5,1910.97442,-0.01535
8.0,61.5,1910.84256,-0.04539
9.0,61.5,1916.71985,-0.00558
10.0,61.5,1920.53483,-0.01594
11.0,61.5,1917.91403,-0.02194
12.0,61.5,1898.64687,-0.12539
13.0,61.5,1917.59655,-0.04808
14.0,61.5,1927.95142,0.02011
15.0,61.5,1927.48506,0.01999
16.0,61.5,1933.12804,0.01222
17.0,61.5,1931.49261,0.02421
18.0,61.5,1932.02545,0.01958
19.0,61.5,1931.50279,0.02303
20.0,61.5,1930.54122,0.01663
21.0,61.5,1930.45408,0.02836
22.0,61.5,1926.6473,0.02417
23.0,61.5,1926.34188,0.02844
24.0,61.5,1926.0477,0.02929
25.0,61.5,1932.71169,0.02801
26.0,61.5,1939.64838,0.02725
27.0,61.5,1933.35258,0.0309
28.0,61.5,1935.98839,0.04155
29.0,61.5,1940.27839,0.03173
30.0,61.5,1949.43381,0.02373
31.0,61.5,1951.99625,0.0258
32.0,61.5,1946.16034,0.02327
33.0,61.5,1940.02709,0.02133
34.0,61.5,1939.76624,0.01771
35.0,61.5,1943.10628,0.01805
36.0,61.5,1951.54563,0.01653
37.0,61.5,1957.85492,0.00776
38.0,61.5,1955.56683,0.01069
39.0,61.5,1951.47611,0.01725
40.0,61.5,1948.76948,0.0178
41.0,61.5,1944.32592,0.01364
42.0,61.5,1944.43969,0.02199
43.0,61.5,1943.22696,0.01839
44.0,61.5,1938.95303,0.0183
45.0,61.5,1933.98849,0.01949
46.0,61.5,1929.07357,0.01628
47.0,61.5,1930.82765,0.01374
48.0,61.5,1925.35812,0.01897
49.0,61.5,1921.08595,0.03109
50.0,61.5,1910.90769,0.02676
51.0,61.5,1906.64069,0.0261
52.0,61.5,1903.00386,0.01965
53.0,61.5,1897.69151,0.03535
54.0,61.5,1896.00933,0.02951
55.0,61.5,1893.75348,0.04412
56.0,61.5,1887.01773,0.05304
57.0,61.5,1885.04325,0.0526
58.0,61.5,1879.56072,0.0524
59.0,61.5,1875.92896,0.03868
60.0,61.5,1880.17862,0.02837
61.0,61.5,1874.34082,0.02562
62.0,61.5,1874.8277,0.04426
63.0,61.5,1878.21092,0.01798
64.0,61.5,1879.67073,0.0178
65.0,61.5,1879.76962,-0.03768
66.0,61.5,1878.3439,0.01424
67.0,61.5,1884.6838,0.03352
68.0,61.5,1885.90414,0.02169
69.0,61.5,1892.21441,0.01326
70.0,61.5,1890.01897,0.02653
75.0,61.5,1866.83995,0.00551
76.0,61.5,1862.94753,0.06221
-11.0,62.5,1876.73178,0.36972
-10.0,62.5,1869.93661,0.01849
-9.0,62.5,1876.49596,-0.16947
-8.0,62.5,1879.50122,0.15034
-7.0,62.5,1891.00389,0.51602
-6.0,62.5,1881.85955,2.80689
-5.0,62.5,1878.18661,-0.08605
-4.0,62.5,1894.68383,-0.11223
-3.0,62.5,1899.02177,-0.95007
-2.0,62.5,1898.47279,-0.06035
-1.0,62.5,1909.37298,1.06522
0.0,62.5,1905.64783,0.07906
1.0,62.5,1908.64616,1.01798
2.0,62.5,1912.94627,-0.15132
3.0,62.5,1920.40121,0.05418
4.0,62.5,1913.92563,-0.24279
5.0,62.5,1920.36339,0.052
6.0,62.5,1917.98164,-13.31941
7.0,62.5,1916.22902,-0.30754
8.0,62.5,1916.25258,0.01722
9.0,62.5,1907.39665,-0.04356
10.0,62.5,1916.49703,-0.03457
11.0,62.5,1911.79651,-0.06465
12.0,62.5,1915.03947,-0.06985
13.0,62.5,1923.60783,-0.01484
14.0,62.5,1918.15711,-0.03616
15.0,62.5,1918.4293,-0.01384
16.0,62.5,1930.27497,4e-05
17.0,62.5,1932.24776,0.00524
18.0,62.5,1934.21336,0.00418
19.0,62.5,1929.04999,0.02099
20.0,62.5,1928.83347,0.01086
21.0,62.5,1928.61223,0.01524
22.0,62.5,1927.98027,0.01103
23.0,62.5,1922.83576,0.01285
24.0,62.5,1923.86617,-0.00646
25.0,62.5,1928.05316,0.00472
26.0,62.5,1940.71245,0.02798
27.0,62.5,1938.74261,0.03786
28.0,62.5,1944.10333,0.03482
29.0,62.5,1944.67268,0.0322
30.0,62.5,1949.15937,0.03642
31.0,62.5,1948.29393,0.02875
32.0,62.5,1944.79987,0.02782
33.0,62.5,1938.43793,0.02376
34.0,62.5,1933.18357,0.01993
35.0,62.5,1939.39444,0.02129
36.0,62.5,1947.73415,0.005
37.0,62.5,1953.15788,0.01049
38.0,62.5,1949.08999,0.0175
39.0,62.5,1950.02628,0.01705
40.0,62.5,1948.83541,-0.00057
41.0,62.5,1944.37502,0.01213
42.0,62.5,1941.43713,0.0211
43.0,62.5,1936.84401,0.01852
44.0,62.5,1936.98926,0.01889
45.0,62.5,1931.80557,0.01855
46.0,62.5,1932.21691,0.01716
47.0,62.5,1932.24163,0.01806
48.0,62.5,1925.19783,0.03183
49.0,62.5,1917.50426,0.06155
50.0,62.5,1912.82007,0.02979
51.0,62.5,1910.47993,0.03055
52.0,62.5,1903.97888,0.01628
53.0,62.5,1898.37484,0.02466
54.0,62.5,1899.54079,0.03737
55.0,62.5,1894.51512,0.05547
56.0,62.5,1892.08637,0.05032
57.0,62.5,1891.47765,0.04187
58.0,62.5,1883.53953,0.04686
59.0,62.5,1878.68651,0.0434
60.0,62.5,1879.32381,0.03772
61.0,62.5,1877.93809,0.02683
62.0,62.5,1873.89785,0.03869
63.0,62.5,1878.95354,0.01398
64.0,62.5,1877.08473,0.01833
65.0,62.5,1879.73992,0.03657
66.0,62.5,1880.54645,0.01217
67.0,62.5,1885.09961,0.03863
68.0,62.5,1885.91275,0.02667
69.0,62.5,1891.01396,0.02022
70.0,62.5,1885.85572,-0.3194
75.0,62.5,1869.42129,-0.10771
76.0,62.5,1863.06147,0.01781
-11.0,63.5,1883.76977,0.25432
-10.0,63.5,1874.07664,1.23944
-9.0,63.5,1885.95381,-2.70429
-8.0,63.5,1894.7891,-0.31328
-7.0,63.5,1878.82585,1.63675
-6.0,63.5,1866.24468,-0.29846
-5.0,63.5,1883.37943,0.17739
-4.0,63.5,1889.8812,0.58777
-3.0,63.5,1901.98236,-3.106
-2.0,63.5,1913.29293,-0.71147
-1.0,63.5,1916.88639,-0.04307
0.0,63.5,1912.91821,-0.07962
1.0,63.5,1914.54207,0.29412
2.0,63.5,1911.75677,-0.03432
3.0,63.5,1924.55365,0.02648
4.0,63.5,1906.51628,-2.78818
5.0,63.5,1908.96174,-1.07264
6.0,63.5,1915.79231,-0.05903
7.0,63.5,1916.65132,-0.00788
8.0,63.5,1897.75091,-0.12689
9.0,63.5,1900.03824,-0.19026
10.0,63.5,1910.68569,-0.01456
11.0,63.5,1917.32913,-0.00713
12.0,63.5,1925.21249,0.01893
13.0,63.5,1925.74264,0.01172
14.0,63.5,1926.42517,-0.03361
15.0,63.5,1929.76882,-0.01245
16.0,63.5,1930.85408,0.01148
17.0,63.5,1930.16277,-0.00346
18.0,63.5,1929.82499,-0.00201
19.0,63.5,1933.44728,0.01333
20.0,63.5,1931.85553,0.00045
21.0,63.5,1928.64204,0.00523
22.0,63.5,1926.38751,0.01308
23.0,63.5,1921.24177,-0.0087
24.0,63.5,1919.5127,-0.01845
25.0,63.5,1928.44795,-0.01056
26.0,63.5,1940.12995,0.02988
27.0,63.5,1945.31443,0.03873
28.0,63.5,1950.83869,0.03417
29.0,63.5,1945.168,0.03112
30.0,63.5,1946.74867,0.03802
31.0,63.5,1946.40871,0.02759
32.0,63.5,1942.09004,0.01374
33.0,63.5,1926.53209,-0.02422
34.0,63.5,1927.66204,0.02229
35.0,63.5,1936.68055,0.03002
36.0,63.5,1941.82453,0.00591
37.0,63.5,1945.54242,0.00537
38.0,63.5,1946.71883,0.01021
39.0,63.5,1944.41119,0.00453
40.0,63.5,1944.12281,0.01228
41.0,63.5,1940.45366,0.01177
42.0,63.5,1938.51008,0.01562
43.0,63.5,1934.17531,0.02484
44.0,63.5,1934.99719,0.02352
45.0,63.5,1931.84584,0.01691
46.0,63.5,1930.00491,0.01735
47.0,63.5,1925.81201,0.02289
48.0,63.5,1922.43763,0.04343
49.0,63.5,1920.14592,0.03352
50.0,63.5,1914.93473,0.03003
51.0,63.5,1910.66731,0.01815
52.0,63.5,1904.171,0.01247
53.0,63.5,1901.84584,0.02747
54.0,63.5,1900.48006,0.03457
55.0,63.5,1894.81008,0.04974
56.0,63.5,1894.58336,0.05127
57.0,63.5,1890.90477,0.02599
58.0,63.5,1884.77543,0.02608
59.0,63.5,1877.59702,0.03222
60.0,63.5,1882.32461,0.02754
61.0,63.5,1884.02127,0.03572
62.0,63.5,1877.85228,0.03449
63.0,63.5,1881.91489,0.03077
64.0,63.5,1878.62662,0.0229
65.0,63.5,1881.0493,0.02707
66.0,63.5,1878.97409,0.04394
67.0,63.5,1884.82909,0.05302
68.0,63.5,1884.55382,0.02471
69.0,63.5,1889.12517,0.02834
70.0,63.5,1875.95482,-0.16098
75.0,63.5,1880.28289,42.79685
76.0,63.5,1865.10104,-0.08966
-11.0,64.5,1872.66736,-0.21895
-10.0,64.5,1878.62825,1.33788
-9.0,64.5,1870.87649,0.74542
-8.0,64.5,1871.89657,-3.02541
-7.0,64.5,1866.66317,0.89659
-6.0,64.5,1868.16454,-0.08118
-5.0,64.5,1896.47245,9.19323
-4.0,64.5,1911.12758,-0.458
-3.0,64.5,1900.23479,-1.10105
-2.0,64.5,1900.52704,-0.23434
-1.0,64.5,1908.03366,0.34324
0.0,64.5,1908.66039,-0.03878
1.0,64.5,1908.33036,0.57105
2.0,64.5,1903.63246,0.97331
3.0,64.5,1919.58886,-1.61415
4.0,64.5,1917.94579,0.83827
5.0,64.5,1906.4623,-0.13726
6.0,64.5,1903.72267,0.29128
7.0,64.5,1899.87095,0.31349
8.0,64.5,1911.69232,-0.13405
9.0,64.5,1911.13108,-0.75052
10.0,64.5,1912.26522,0.01422
11.0,64.5,1925.40753,0.0236
12.0,64.5,1924.77082,-0.00522
13.0,64.5,1922.99539,-0.01162
14.0,64.5,1928.32193,0.0057
15.0,64.5,1923.25244,-0.04202
16.0,64.5,1930.17784,-0.03758
17.0,64.5,1930.81072,-0.0229
18.0,64.5,1930.61642,-0.02505
19.0,64.5,1930.51389,-0.02523
20.0,64.5,1930.41663,-0.01725
21.0,64.5,1926.35579,0.0075
22.0,64.5,1928.17568,0.00131
23.0,64.5,1925.46519,-0.01604
24.0,64.5,1923.53398,-0.03322
25.0,64.5,1929.49626,-0.02223
26.0,64.5,1942.17839,0.02321
27.0,64.5,1942.15889,0.028
28.0,64.5,1950.33918,0.03738
29.0,64.5,1944.11285,0.03266
30.0,64.5,1945.90742,0.03856
31.0,64.5,1944.89775,0.03377
32.0,64.5,1940.72113,0.02516
33.0,64.5,1928.12402,-0.09145
34.0,64.5,1925.21124,0.07828
35.0,64.5,1928.50314,-0.02642
36.0,64.5,1939.17849,0.01615
37.0,64.5,1949.69275,0.00025
38.0,64.5,1947.85448,0.00347
39.0,64.5,1946.51302,0.011
40.0,64.5,1936.34158,0.01417
41.0,64.5,1939.17017,0.01399
42.0,64.5,1934.67042,0.01443
43.0,64.5,1933.53871,0.02617
44.0,64.5,1933.3961,0.02831
45.0,64.5,1926.29454,0.0092
46.0,64.5,1929.98217,0.02378
47.0,64.5,1926.67865,0.02463
48.0,64.5,1922.64207,0.04212
49.0,64.5,1919.47227,0.02128
50.0,64.5,1911.86488,0.02834
51.0,64.5,1908.67243,0.02203
52.0,64.5,1905.08343,0.01687
53.0,64.5,1901.61071,0.02971
54.0,64.5,1899.71964,0.02866
55.0,64.5,1895.1452,0.04015
56.0,64.5,1893.59997,0.05681
57.0,64.5,1884.87761,0.03791
58.0,64.5,1880.3463,0.0404
59.0,64.5,1881.15121,0.02493
60.0,64.5,1883.52592,0.04294
61.0,64.5,1886.29437,0.04938
62.0,64.5,1879.15106,0.03819
63.0,64.5,1885.15525,0.03169
64.0,64.5,1883.80496,0.02978
65.0,64.5,1884.0285,0.02133
66.0,64.5,1881.87289,0.01356
67.0,64.5,1882.27196,0.03578
68.0,64.5,1883.09377,0.04054
69.0,64.5,1885.32046,0.02769
70.0,64.5,1873.02392,-0.02906
76.0,64.5,1865.01852,0.01849
77.0,64.5,1840.62544,0.42888
-11.0,65.5,1875.56845,2.43093
-10.0,65.5,1890.33606,-2.16736
-9.0,65.5,1879.25148,0.01808
-8.0,65.5,1887.11445,0.2375
-7.0,65.5,1879.32644,-0.21753
-6.0,65.5,1887.3509,-0.27566
-5.0,65.5,1886.05283,0.04149
-4.0,65.5,1888.61212,0.32992
-3.0,65.5,1888.54509,0.15808
-2.0,65.5,1892.65117,0.02699
-1.0,65.5,1901.99572,0.0902
0.0,65.5,1909.79669,-0.64162
1.0,65.5,1908.57023,-1.55995
2.0,65.5,1914.0623,0.03954
3.0,65.5,1906.43294,-0.39034
4.0,65.5,1888.53424,-0.26381
5.0,65.5,1901.96792,-0.1491
6.0,65.5,1894.84492,19.78868
7.0,65.5,1901.68548,-0.11094
8.0,65.5,1907.86994,-0.25769
9.0,65.5,1909.84964,0.0473
10.0,65.5,1913.28415,0.14083
11.0,65.5,1918.80133,0.07761
12.0,65.5,1922.64906,0.01392
13.0,65.5,1924.90862,-5e-05
14.0,65.5,1925.9591,-0.00769
15.0,65.5,1928.16809,-0.03216
16.0,65.5,1930.66591,-0.01371
17.0,65.5,1932.6474,-0.01835
18.0,65.5,1931.62459,-0.00568
19.0,65.5,1931.55787,-0.00542
20.0,65.5,1931.74081,-0.00071
21.0,65.5,1925.5943,-0.0032
22.0,65.5,1925.86672,0.01089
23.0,65.5,1928.15536,-0.00131
24.0,65.5,1923.78294,-0.03642
25.0,65.5,1928.86374,-0.00892
26.0,65.5,1939.40188,0.01313
27.0,65.5,1934.60242,0.0095
28.0,65.5,1943.18698,0.01484
29.0,65.5,1945.16128,0.03606
30.0,65.5,1947.31954,0.04022
31.0,65.5,1941.17327,0.02957
32.0,65.5,1938.21222,0.02375
33.0,65.5,1932.70818,0.01777
34.0,65.5,1926.40049,0.03774
35.0,65.5,1927.39523,-0.00188
36.0,65.5,1935.95119,0.01684
37.0,65.5,1950.34931,0.00414
38.0,65.5,1947.27811,0.00217
39.0,65.5,1940.99689,0.01032
40.0,65.5,1940.02992,0.01172
41.0,65.5,1936.54091,0.01843
42.0,65.5,1935.5485,0.02232
43.0,65.5,1932.19408,0.02754
44.0,65.5,1931.51964,0.02751
45.0,65.5,1929.75886,0.01867
46.0,65.5,1928.64446,0.02322
47.0,65.5,1922.10273,0.02925
48.0,65.5,1918.14176,0.02689
49.0,65.5,1916.74716,0.02714
50.0,65.5,1911.77183,0.03173
51.0,65.5,1911.19549,0.02003
52.0,65.5,1910.24424,0.01778
53.0,65.5,1904.80861,0.03821
54.0,65.5,1899.76028,0.03776
55.0,65.5,1897.77853,0.05068
56.0,65.5,1892.36367,0.0601
57.0,65.5,1892.97823,0.04744
58.0,65.5,1886.0152,0.04343
59.0,65.5,1882.81393,0.04353
60.0,65.5,1882.01704,0.05934
61.0,65.5,1881.80295,0.0632
62.0,65.5,1882.50387,0.04601
63.0,65.5,1882.43009,0.02837
64.0,65.5,1888.1798,0.02187
65.0,65.5,1883.01247,0.03348
66.0,65.5,1882.27987,0.01833
67.0,65.5,1877.13156,0.05088
68.0,65.5,1879.27821,-0.00854
69.0,65.5,1884.8297,0.0301
71.0,65.5,1838.10475,-4.0
76.0,65.5,1867.8099,-0.06949
77.0,65.5,1856.70872,0.06051
-11.0,66.5,1874.15511,2.44124
-10.0,66.5,1887.65388,-1.1403
-9.0,66.5,1875.96654,0.34112
-8.0,66.5,1871.89124,0.65208
-7.0,66.5,1875.18659,132.07674
-6.0,66.5,1885.02547,17.43778
-5.0,66.5,1878.51685,-100.40847
-4.0,66.5,1903.1255,0.72205
-3.0,66.5,1901.18137,-0.69012
-2.0,66.5,1904.59154,0.15528
-1.0,66.5,1908.47852,-0.26111
0.0,66.5,1907.07844,-0.25226
1.0,66.5,1903.66066,-0.32151
2.0,66.5,1916.13485,-4.18988
3.0,66.5,1926.0757,-0.0502
4.0,66.5,1919.48487,0.04998
5.0,66.5,1911.18317,-0.46805
6.0,66.5,1906.41016,-0.06764
7.0,66.5,1918.14243,-0.00931
8.0,66.5,1915.30479,-0.06459
9.0,66.5,1928.85434,0.10896
10.0,66.5,1925.99028,-0.07028
11.0,66.5,1917.69846,0.09213
12.0,66.5,1920.66808,-0.02624
13.0,66.5,1921.34024,-0.01828
14.0,66.5,1925.56371,-0.00131
15.0,66.5,1931.39821,0.00436
16.0,66.5,1930.97229,-0.03824
17.0,66.5,1930.03123,-0.03107
18.0,66.5,1933.85262,0.00444
19.0,66.5,1932.17403,-0.00027
20.0,66.5,1931.81688,-0.00625
21.0,66.5,1928.25522,-0.00986
22.0,66.5,1927.27037,-0.00556
23.0,66.5,1927.62703,0.0045
24.0,66.5,1922.81502,0.00879
25.0,66.5,1929.35172,0.01804
26.0,66.5,1936.49783,-0.00748
27.0,66.5,1930.82304,-0.00198
28.0,66.5,1936.83872,-0.0785
29.0,66.5,1932.35089,-0.04365
30.0,66.5,1939.13097,0.02456
31.0,66.5,1937.38225,0.03473
32.0,66.5,1934.22859,0.02609
33.0,66.5,1930.68059,-0.013
34.0,66.5,1924.95405,0.00073
35.0,66.5,1929.04435,0.11296
36.0,66.5,1935.89921,0.01602
37.0,66.5,1946.88254,0.01059
38.0,66.5,1944.26415,0.0123
39.0,66.5,1935.16989,0.00789
40.0,66.5,1930.36913,0.00979
41.0,66.5,1925.42631,0.02022
42.0,66.5,1935.24165,0.02557
43.0,66.5,1933.84067,0.02565
44.0,66.5,1925.39892,0.01779
45.0,66.5,1930.07974,0.01561
46.0,66.5,1923.95288,0.0208
47.0,66.5,1918.69656,0.02644
48.0,66.5,1912.78524,0.02084
49.0,66.5,1910.43824,0.01927
50.0,66.5,1910.46081,0.02348
51.0,66.5,1911.06739,0.0199
52.0,66.5,1907.52967,0.01794
53.0,66.5,1905.96214,0.03519
54.0,66.5,1900.80145,0.04345
55.0,66.5,1896.76749,0.05007
56.0,66.5,1894.97768,0.04834
57.0,66.5,1889.0661,0.05813
58.0,66.5,1894.61304,0.05222
59.0,66.5,1885.29944,0.04671
60.0,66.5,1883.30715,0.04577
61.0,66.5,1880.91957,0.06257
62.0,66.5,1886.28497,0.0377
63.0,66.5,1876.38731,0.03165
64.0,66.5,1878.78275,0.04567
65.0,66.5,1885.3737,0.02797
66.0,66.5,1882.18427,0.0171
67.0,66.5,1881.8366,0.01599
68.0,66.5,1884.88799,0.05733
69.0,66.5,1879.23479,0.12662
70.0,66.5,1876.7154,-0.06986
71.0,66.5,1878.0606,0.00555
76.0,66.5,1870.5116,0.12652
77.0,66.5,1851.40944,-0.01121
-11.0,67.5,1873.15205,0.39045
-10.0,67.5,1885.66044,-0.42535
-9.0,67.5,1865.27103,-2.41936
-8.0,67.5,1883.25814,1.69068
-7.0,67.5,1877.97019,-86.83796
-6.0,67.5,1887.74571,-412.03982
-5.0,67.5,1921.86081,-202.65581
-4.0,67.5,1910.6755,-0.46678
-3.0,67.5,1908.73795,-1.0855
-2.0,67.5,1914.50917,-0.2122
-1.0,67.5,1905.30388,-0.84456
0.0,67.5,1900.19555,1.73699
1.0,67.5,1908.96775,0.12442
2.0,67.5,1913.32808,0.02642
3.0,67.5,1929.91952,-0.08286
4.0,67.5,1925.7777,-1.09088
5.0,67.5,1918.28954,-1.34064
6.0,67.5,1912.43306,-0.12698
7.0,67.5,1918.71054,0.10092
8.0,67.5,1916.33775,0.094
9.0,67.5,1921.68913,-0.01415
10.0,67.5,1920.42089,0.7366
11.0,67.5,1913.36477,0.04603
12.0,67.5,1934.22107,-0.02156
13.0,67.5,1928.85349,0.02348
14.0,67.5,1923.71201,-0.01452
15.0,67.5,1930.6759,0.10086
16.0,67.5,1929.48928,-0.00616
17.0,67.5,1932.93198,-0.00811
18.0,67.5,1933.19734,-0.00395
19.0,67.5,1930.48517,-0.0029
20.0,67.5,1927.78891,-0.00455
21.0,67.5,1926.06873,-0.00876
22.0,67.5,1926.16036,-0.00889
23.0,67.5,1925.22807,0.0024
24.0,67.5,1918.12662,-0.04288
25.0,67.5,1946.96514,-0.0239
26.0,67.5,1948.42661,-0.03511
27.0,67.5,1947.3612,-0.013
28.0,67.5,1944.46501,-0.45949
29.0,67.5,1952.00307,-0.00754
30.0,67.5,1948.23455,-0.09446
31.0,67.5,1928.1866,0.01918
32.0,67.5,1928.82548,0.02237
33.0,67.5,1932.38785,0.06846
34.0,67.5,1922.02845,-0.00014
35.0,67.5,1925.25046,-0.13588
36.0,67.5,1931.5758,0.03149
37.0,67.5,1945.634,0.01105
38.0,67.5,1941.72523,0.00323
39.0,67.5,1912.90819,0.00887
40.0,67.5,1926.84841,0.01454
41.0,67.5,1927.51369,0.02216
42.0,67.5,1934.64289,0.01921
43.0,67.5,1932.82257,0.01679
44.0,67.5,1924.38503,0.02154
45.0,67.5,1928.72129,0.01979
46.0,67.5,1924.8897,0.02175
47.0,67.5,1920.15184,0.02462
48.0,67.5,1917.38518,0.02224
49.0,67.5,1907.88398,0.02487
50.0,67.5,1907.93217,0.02784
51.0,67.5,1909.61096,0.02383
52.0,67.5,1905.95577,0.02292
53.0,67.5,1900.4784,0.03283
54.0,67.5,1901.33459,0.03859
55.0,67.5,1896.11221,0.05016
56.0,67.5,1889.56295,0.06302
57.0,67.5,1885.18116,0.06547
58.0,67.5,1891.66427,0.06188
59.0,67.5,1887.64383,0.0672
60.0,67.5,1885.98254,0.06177
61.0,67.5,1889.07847,0.04413
62.0,67.5,1884.69505,0.02406
63.0,67.5,1879.98446,0.03141
64.0,67.5,1881.41538,0.04945
65.0,67.5,1885.79134,0.03271
66.0,67.5,1887.34378,0.0224
67.0,67.5,1882.94771,0.0283
68.0,67.5,1884.14592,0.0328
69.0,67.5,1861.83654,0.27612
70.0,67.5,1890.91684,0.02477
71.0,67.5,1892.45831,-0.01377
72.0,67.5,1859.89789,-5.57539
76.0,67.5,1874.25404,0.52769
77.0,67.5,1863.82084,0.01487
-11.0,68.5,1888.61385,1.4297
-10.0,68.5,1864.75438,0.14414
-9.0,68.5,1878.87788,1.1761
-8.0,68.5,1875.62088,1.7503
-7.0,68.5,1861.20336,-0.45694
-6.0,68.5,1900.78084,-0.57316
-5.0,68.5,1897.58359,-3.93817
-4.0,68.5,1924.72087,-0.45876
-3.0,68.5,1919.37855,-0.27369
-2.0,68.5,1903.88084,-0.44377
-1.0,68.5,1906.7845,-0.06034
0.0,68.5,1903.11601,-0.76798
1.0,68.5,1906.37486,-0.07489
2.0,68.5,1908.93569,-5.6704
3.0,68.5,1919.26651,-0.86732
4.0,68.5,1926.80043,-0.16822
5.0,68.5,1917.50766,0.31316
6.0,68.5,1914.07827,0.15303
7.0,68.5,1899.04475,0.47016
8.0,68.5,1932.5893,0.0307
9.0,68.5,1921.40626,0.31329
10.0,68.5,1922.63364,0.01719
11.0,68.5,1922.00932,-0.00756
12.0,68.5,1937.0833,-0.00056
13.0,68.5,1937.18612,-0.01888
14.0,68.5,1932.60981,-0.07697
15.0,68.5,1932.63693,-0.17465
16.0,68.5,1932.63198,-0.03601
17.0,68.5,1932.08823,-0.01152
18.0,68.5,1933.36446,-0.01334
19.0,68.5,1932.6713,-0.0189
20.0,68.5,1929.21267,-0.02122
21.0,68.5,1924.83286,-0.01701
22.0,68.5,1922.23243,-0.00498
23.0,68.5,1922.04751,0.00563
24.0,68.5,1929.96352,-0.01377
25.0,68.5,1943.59154,-0.02711
26.0,68.5,1943.43773,-0.03932
27.0,68.5,1946.42138,-0.03389
28.0,68.5,1946.47273,-0.03217
29.0,68.5,1951.36461,0.02024
30.0,68.5,1943.36704,-0.00645
31.0,68.5,1932.20439,0.1123
32.0,68.5,1926.8634,-7e-05
33.0,68.5,1929.30267,0.03043
34.0,68.5,1927.5511,0.02403
35.0,68.5,1925.61203,0.04164
36.0,68.5,1929.34082,-0.04758
37.0,68.5,1938.96118,0.00876
38.0,68.5,1928.81573,0.01296
39.0,68.5,1926.96062,0.01066
40.0,68.5,1929.55928,0.00352
41.0,68.5,1934.40804,0.00244
42.0,68.5,1935.27583,0.01055
43.0,68.5,1928.8334,0.01489
44.0,68.5,1925.47696,0.02838
45.0,68.5,1929.23515,0.02849
46.0,68.5,1924.68388,0.02663
47.0,68.5,1922.50552,0.02057
48.0,68.5,1917.63885,0.02122
49.0,68.5,1911.11207,0.02204
50.0,68.5,1906.37701,0.02666
51.0,68.5,1906.28629,0.0228
52.0,68.5,1905.67022,0.02317
53.0,68.5,1893.74557,0.03384
54.0,68.5,1900.59371,0.03621
55.0,68.5,1898.12244,0.04728
56.0,68.5,1894.54869,0.05904
57.0,68.5,1890.88737,0.06826
58.0,68.5,1886.65374,0.08063
59.0,68.5,1884.62371,0.07478
60.0,68.5,1886.92753,0.05744
61.0,68.5,1888.18003,0.03564
62.0,68.5,1882.74261,0.03078
63.0,68.5,1879.51369,0.03856
64.0,68.5,1882.88731,0.04478
65.0,68.5,1888.52123,0.02205
66.0,68.5,1889.49309,0.02751
67.0,68.5,1880.92576,0.03816
68.0,68.5,1885.01311,0.03048
69.0,68.5,1883.33489,0.01483
70.0,68.5,1891.74122,0.01439
71.0,68.5,1897.11344,0.0224
72.0,68.5,1894.07717,-0.05241
73.0,68.5,1882.71477,0.00096
76.0,68.5,1868.30914,0.08579
77.0,68.5,1872.53287,0.0364
-11.0,69.5,1876.65411,-0.10508
-10.0,69.5,1876.13629,-0.0398
-9.0,69.5,1880.19022,0.21058
-8.0,69.5,1880.65249,-1.54589
-7.0,69.5,1899.24476,-0.14283
-6.0,69.5,1904.90494,0.56106
-5.0,69.5,1899.16407,-0.48061
-4.0,69.5,1884.22351,-0.57039
-3.0,69.5,1922.60032,0.43318
-2.0,69.5,1911.37287,0.50841
-1.0,69.5,1906.24352,0.17361
0.0,69.5,1913.56729,4.14649
1.0,69.5,1911.91495,0.11437
2.0,69.5,1928.67916,0.06476
3.0,69.5,1917.58376,-0.16267
4.0,69.5,1916.38866,-0.2066
5.0,69.5,1920.80554,-0.22352
6.0,69.5,1923.04923,0.05499
7.0,69.5,1918.27031,-0.66466
8.0,69.5,1920.25716,-0.14203
9.0,69.5,1930.54316,-1.05101
10.0,69.5,1907.79124,-0.32967
11.0,69.5,1922.26091,0.00438
12.0,69.5,1932.45397,-0.27745
13.0,69.5,1926.49236,-0.15444
14.0,69.5,1931.0046,-0.04359
15.0,69.5,1930.8458,0.09473
16.0,69.5,1930.44233,-0.02546
17.0,69.5,1932.92214,-0.04218
18.0,69.5,1934.28424,-0.08277
19.0,69.5,1930.21236,-0.03855
20.0,69.5,1928.99443,-0.03251
21.0,69.5,1925.1488,-0.02297
22.0,69.5,1926.70184,-0.00417
23.0,69.5,1925.43849,-0.00215
24.0,69.5,1934.15924,4e-05
25.0,69.5,1940.83276,0.0025
26.0,69.5,1944.42731,-0.00787
27.0,69.5,1949.9579,-0.00513
28.0,69.5,1947.03041,-0.03055
29.0,69.5,1953.30639,0.00429
30.0,69.5,1936.24646,-0.02201
31.0,69.5,1930.1202,-0.01797
32.0,69.5,1927.41028,-0.03036
33.0,69.5,1918.98227,0.01162
34.0,69.5,1924.94212,0.03671
35.0,69.5,1915.77018,0.01246
36.0,69.5,1926.31973,0.03099
37.0,69.5,1926.67085,0.01137
38.0,69.5,1925.13185,0.07706
39.0,69.5,1925.16659,-0.01032
40.0,69.5,1929.15797,0.00512
41.0,69.5,1934.92006,0.01012
42.0,69.5,1925.1605,0.02968
43.0,69.5,1923.12221,0.02821
44.0,69.5,1927.79733,0.02742
45.0,69.5,1927.57789,0.02786
46.0,69.5,1922.1187,0.02762
47.0,69.5,1919.2682,0.02781
48.0,69.5,1918.34895,0.02747
49.0,69.5,1912.81794,0.02506
50.0,69.5,1905.85086,0.03232
51.0,69.5,1907.93199,0.03981
52.0,69.5,1903.28399,0.03223
53.0,69.5,1896.70884,0.03849
54.0,69.5,1903.46435,0.03281
55.0,69.5,1898.28951,0.0413
56.0,69.5,1897.31126,0.05051
57.0,69.5,1889.72813,0.07139
58.0,69.5,1885.50544,0.0713
59.0,69.5,1879.91853,0.04119
60.0,69.5,1886.77094,0.03541
61.0,69.5,1895.075,0.02274
62.0,69.5,1885.88645,0.0413
63.0,69.5,1883.12221,0.04345
64.0,69.5,1885.49989,0.04866
65.0,69.5,1892.79188,0.03024
66.0,69.5,1889.12398,0.0331
67.0,69.5,1882.03254,0.04441
68.0,69.5,1891.1644,0.03499
69.0,69.5,1889.26445,0.03757
70.0,69.5,1894.00001,0.02385
71.0,69.5,1899.47919,0.01395
72.0,69.5,1902.08449,0.01753
73.0,69.5,1895.65977,0.02226
74.0,69.5,1896.41807,-0.08697
76.0,69.5,1857.4583,-0.56064
77.0,69.5,1812.21183,0.55009
-11.0,70.5,1875.79562,-1.33836
-10.0,70.5,1876.44937,-1.11304
-9.0,70.5,1887.89317,0.27801
-8.0,70.5,1886.37905,-1.21272
-7.0,70.5,1883.41878,-0.88644
-6.0,70.5,1822.55387,0.5248
-5.0,70.5,1857.4294,-0.00529
-4.0,70.5,1879.82923,44.95873
-3.0,70.5,1916.12599,1.24717
-2.0,70.5,1926.57766,-0.11374
-1.0,70.5,1905.51844,0.02381
0.0,70.5,1922.736,-0.01134
1.0,70.5,1904.6059,-0.10635
2.0,70.5,1900.86081,-0.08816
3.0,70.5,1917.68324,-0.10627
4.0,70.5,1906.29925,-0.40785
5.0,70.5,1910.54931,-0.47388
6.0,70.5,1901.05105,-0.89917
7.0,70.5,1907.08158,-0.94754
8.0,70.5,1924.31889,0.39248
9.0,70.5,1919.50158,0.01728
10.0,70.5,1911.69449,0.08641
11.0,70.5,1909.51059,-0.02376
12.0,70.5,1913.9601,-0.09354
13.0,70.5,1929.48992,-0.03949
14.0,70.5,1929.74119,-0.03901
15.0,70.5,1932.94681,-0.02973
16.0,70.5,1932.37312,-0.01587
17.0,70.5,1933.88764,-0.024
18.0,70.5,1932.13975,-0.01862
19.0,70.5,1931.05113,-0.02071
20.0,70.5,1928.50656,-0.02345
21.0,70.5,1929.70096,-0.02906
22.0,70.5,1937.25872,-0.04014
23.0,70.5,1930.58225,-0.00244
24.0,70.5,1929.73928,-0.01304
25.0,70.5,1940.36381,0.01313
26.0,70.5,1942.96955,0.01499
27.0,70.5,1947.18585,0.00606
28.0,70.5,1949.41211,-0.00014
29.0,70.5,1947.51699,-0.02
30.0,70.5,1948.92639,-0.03742
31.0,70.5,1942.50929,-0.03253
32.0,70.5,1940.43322,-0.03707
33.0,70.5,1933.50994,-0.02184
34.0,70.5,1925.31192,0.0051
35.0,70.5,1928.59781,-0.00802
37.0,70.5,1933.87789,0.00529
38.0,70.5,1930.22897,0.01464
39.0,70.5,1922.96352,-0.27482
40.0,70.5,1926.27551,-0.03027
41.0,70.5,1933.9111,0.00092
42.0,70.5,1905.06224,0.02044
43.0,70.5,1918.46379,0.02459
44.0,70.5,1926.08322,0.0276
45.0,70.5,1925.83906,0.02815
46.0,70.5,1918.77242,0.02423
47.0,70.5,1915.88028,0.02425
48.0,70.5,1915.55093,0.02722
49.0,70.5,1911.44795,0.03137
50.0,70.5,1908.72949,0.03846
51.0,70.5,1909.56733,0.03802
52.0,70.5,1899.90144,0.03842
53.0,70.5,1897.10173,0.03991
54.0,70.5,1906.9811,0.03724
55.0,70.5,1899.1708,0.04147
56.0,70.5,1895.75727,0.04921
57.0,70.5,1888.96257,0.05891
58.0,70.5,1887.37732,0.03939
59.0,70.5,1887.53485,0.01717
60.0,70.5,1883.51368,0.04117
61.0,70.5,1889.55284,0.03648
62.0,70.5,1888.65359,0.0458
63.0,70.5,1887.21282,0.02579
64.0,70.5,1888.59521,0.04876
65.0,70.5,1890.60493,0.04564
66.0,70.5,1886.30981,0.03007
67.0,70.5,1886.67518,0.03109
68.0,70.5,1892.3971,0.0442
69.0,70.5,1889.78441,0.0379
70.0,70.5,1889.53405,0.02227
71.0,70.5,1902.48252,0.01579
72.0,70.5,1901.15781,0.01694
73.0,70.5,1892.28208,0.00986
74.0,70.5,1891.96743,-0.04149
-11.0,71.5,1856.00672,0.36716
-10.0,71.5,1868.35442,-0.14713
-9.0,71.5,1878.36347,-0.1006
-8.0,71.5,1886.68282,-0.93123
-7.0,71.5,1897.84054,-27.47023
-6.0,71.5,1746.63701,-25.84571
-5.0,71.5,1874.42973,0.10552
-4.0,71.5,1917.56702,0.30609
-3.0,71.5,1908.15777,-10.49987
-2.0,71.5,1910.86296,-0.04373
-1.0,71.5,1909.03937,0.30223
0.0,71.5,1913.54511,-0.79281
1.0,71.5,1909.58439,0.24816
2.0,71.5,1916.01466,0.35004
3.0,71.5,1926.60997,0.07264
4.0,71.5,1922.4459,1.14062
5.0,71.5,1908.58467,-0.1332
6.0,71.5,1906.8763,-0.0918
7.0,71.5,1930.7503,-0.06096
8.0,71.5,1914.22502,0.13955
9.0,71.5,1917.1562,0.21893
10.0,71.5,1921.61067,0.07293
11.0,71.5,1922.48139,0.18324
12.0,71.5,1925.36973,-0.0817
13.0,71.5,1925.6943,-0.07073
14.0,71.5,1930.93013,-0.03678
15.0,71.5,1929.05714,-0.05333
16.0,71.5,1927.92682,-0.04101
17.0,71.5,1930.07999,-0.02985
18.0,71.5,1933.42106,-0.01434
19.0,71.5,1928.78781,-0.02398
20.0,71.5,1927.34033,-0.01759
21.0,71.5,1931.16141,-0.01201
22.0,71.5,1941.54815,-0.0557
23.0,71.5,1944.13328,-0.01522
24.0,71.5,1939.56991,0.0062
25.0,71.5,1939.86764,0.00648
26.0,71.5,1942.03725,0.00196
27.0,71.5,1944.54242,0.00274
28.0,71.5,1948.64044,0.00213
29.0,71.5,1952.39926,0.00558
30.0,71.5,1948.71109,-0.01046
31.0,71.5,1951.53569,-0.03208
32.0,71.5,1943.94893,-0.03638
33.0,71.5,1936.45859,-0.01966
34.0,71.5,1937.89343,-0.01192
35.0,71.5,1919.80438,0.05212
39.0,71.5,1879.47693,-0.1334
40.0,71.5,1927.93063,0.00225
41.0,71.5,1930.10817,-0.00387
42.0,71.5,1902.2485,1.26042
43.0,71.5,1917.42753,0.09874
44.0,71.5,1921.83035,0.027
45.0,71.5,1922.84486,0.02401
46.0,71.5,1918.39207,0.01703
47.0,71.5,1915.11371,0.02061
48.0,71.5,1911.99661,0.0307
49.0,71.5,1909.85162,0.0379
50.0,71.5,1908.52151,0.04247
51.0,71.5,1906.35246,0.04509
52.0,71.5,1903.22201,0.04595
53.0,71.5,1903.3541,0.04914
54.0,71.5,1909.10962,0.03608
55.0,71.5,1902.36678,0.03688
56.0,71.5,1893.129,0.04682
57.0,71.5,1888.99085,0.0543
58.0,71.5,1887.78896,0.03959
59.0,71.5,1885.2618,0.02936
60.0,71.5,1886.52551,0.0406
61.0,71.5,1891.93273,0.03262
62.0,71.5,1885.18892,0.05425
63.0,71.5,1883.39936,0.04102
64.0,71.5,1889.40933,0.05538
65.0,71.5,1890.14174,0.04661
66.0,71.5,1888.31173,0.01783
67.0,71.5,1882.13776,0.01699
68.0,71.5,1892.55617,0.03872
69.0,71.5,1891.51078,0.03358
70.0,71.5,1892.02332,0.0313
71.0,71.5,1899.38556,0.02512
72.0,71.5,1901.35736,0.01886
73.0,71.5,1887.81843,0.02466
74.0,71.5,1877.28225,-0.07249
-11.0,72.5,1891.9716,-0.16108
-10.0,72.5,1867.83656,0.28589
-9.0,72.5,1874.32175,0.0
-8.0,72.5,1891.52373,0.68641
-7.0,72.5,1906.54399,-1.68971
-6.0,72.5,1867.92983,-91.1356
-5.0,72.5,1889.47276,1.31312
-4.0,72.5,1910.2929,0.34072
-3.0,72.5,1907.3811,-0.56221
-2.0,72.5,1910.37206,-3.98973
-1.0,72.5,1899.2597,-0.0206
0.0,72.5,1904.6232,4.18063
1.0,72.5,1910.91437,0.89419
2.0,72.5,1921.08833,0.11995
3.0,72.5,1928.66946,-0.17398
4.0,72.5,1909.87901,-0.1971
5.0,72.5,1928.43959,-0.25018
6.0,72.5,1915.39699,-0.12943
7.0,72.5,1927.74689,-0.077
8.0,72.5,1903.74153,2.89289
9.0,72.5,1919.39572,-0.0247
10.0,72.5,1904.22546,-0.71866
11.0,72.5,1897.73579,-3.58024
12.0,72.5,1912.06228,-0.03846
13.0,72.5,1917.63191,-0.13888
14.0,72.5,1929.60869,0.04912
15.0,72.5,1933.19052,-0.01423
16.0,72.5,1934.65111,-0.00497
17.0,72.5,1934.6632,-0.0073
18.0,72.5,1929.33196,-0.03122
19.0,72.5,1928.04814,-0.03404
20.0,72.5,1925.02434,-0.01825
21.0,72.5,1923.16157,-0.02098
22.0,72.5,1929.12099,-0.03546
23.0,72.5,1941.25245,-0.01032
24.0,72.5,1936.45659,0.00585
25.0,72.5,1936.18951,0.00128
26.0,72.5,1939.56316,0.00044
27.0,72.5,1942.41681,0.00309
28.0,72.5,1949.12867,0.00618
29.0,72.5,1953.19307,0.0128
30.0,72.5,1949.00313,-3e-05
31.0,72.5,1945.56249,-0.01456
32.0,72.5,1944.57031,-0.02444
33.0,72.5,1939.40859,-0.04944
34.0,72.5,1937.88698,0.01465
35.0,72.5,1914.12566,0.07772
39.0,72.5,1908.1638,0.14691
40.0,72.5,1913.29894,-0.02608
41.0,72.5,1923.28871,0.00916
42.0,72.5,1894.79461,0.01528
43.0,72.5,1919.8596,0.02526
44.0,72.5,1918.29659,0.02886
45.0,72.5,1919.61101,0.02433
46.0,72.5,1917.47839,0.01692
47.0,72.5,1912.85477,0.02354
48.0,72.5,1907.87619,0.02805
49.0,72.5,1906.30757,0.03048
50.0,72.5,1908.73778,0.03956
51.0,72.5,1904.16859,0.0463
52.0,72.5,1904.65103,0.04705
53.0,72.5,1904.54496,0.04457
54.0,72.5,1908.0894,0.0327
55.0,72.5,1905.24468,0.04232
56.0,72.5,1897.55304,0.05142
57.0,72.5,1891.24021,0.05408
58.0,72.5,1885.8944,0.0312
59.0,72.5,1888.37232,0.02513
60.0,72.5,1888.22903,0.0484
61.0,72.5,1889.67083,0.02778
62.0,72.5,1887.21231,0.05454
63.0,72.5,1887.49588,0.03501
64.0,72.5,1892.30023,0.06019
65.0,72.5,1893.45985,0.04795
66.0,72.5,1887.21051,0.0272
67.0,72.5,1869.93282,-0.18643
68.0,72.5,1893.89199,0.04303
69.0,72.5,1880.58002,0.02603
70.0,72.5,1877.85144,0.05019
71.0,72.5,1871.20819,-0.60211
72.0,72.5,1884.91505,-0.00466
73.0,72.5,1883.0742,0.16131
-11.0,73.5,1895.12719,1.44277
-10.0,73.5,1885.04667,0.02992
-9.0,73.5,1901.3529,-0.21476
-8.0,73.5,1900.48619,4.34999
-7.0,73.5,1890.64561,-0.43296
-6.0,73.5,1892.86426,0.35774
-5.0,73.5,1906.82298,0.13348
-4.0,73.5,1912.06196,-0.66268
-3.0,73.5,1909.85148,-0.45359
-2.0,73.5,1909.51523,-8.79518
-1.0,73.5,1906.50874,-0.22517
0.0,73.5,1903.34474,-0.34896
1.0,73.5,1902.05312,-0.30608
2.0,73.5,1910.57009,-0.03721
3.0,73.5,1925.82045,0.12985
4.0,73.5,1922.77763,-3.06394
5.0,73.5,1915.61615,-0.52094
6.0,73.5,1911.92386,-0.73363
7.0,73.5,1912.79738,0.2616
8.0,73.5,1919.27604,-0.18743
9.0,73.5,1914.58995,0.28199
10.0,73.5,1908.75001,-0.47341
11.0,73.5,1905.96332,-1.07233
12.0,73.5,1917.02687,0.08544
13.0,73.5,1929.43403,-0.0427
14.0,73.5,1936.0454,-0.10483
15.0,73.5,1932.72873,-0.00541
16.0,73.5,1929.40285,-0.01479
17.0,73.5,1929.61227,-0.03252
18.0,73.5,1932.45993,-0.03898
19.0,73.5,1942.47928,-0.05043
20.0,73.5,1935.50676,-0.01585
21.0,73.5,1931.33554,-0.0171
22.0,73.5,1934.97233,-0.031
23.0,73.5,1940.11489,-0.03581
24.0,73.5,1934.88951,-0.02007
25.0,73.5,1929.91844,-0.0255
26.0,73.5,1937.32468,-0.00538
27.0,73.5,1942.32108,-0.00179
28.0,73.5,1946.41765,0.00511
29.0,73.5,1948.93934,-0.00502
30.0,73.5,1947.59032,-0.02888
31.0,73.5,1947.67466,-0.02265
32.0,73.5,1944.55376,-0.03754
33.0,73.5,1937.92635,-0.02398
34.0,73.5,1933.08763,0.02726
35.0,73.5,1889.95232,8.85098
37.0,73.5,1896.96666,0.15167
38.0,73.5,1909.42129,-0.01524
39.0,73.5,1902.6825,-0.23965
40.0,73.5,1878.86654,-0.20859
41.0,73.5,1909.41086,0.01382
42.0,73.5,1898.91344,-0.06879
43.0,73.5,1917.51363,0.02214
44.0,73.5,1919.10191,0.029
45.0,73.5,1917.87035,0.0355
46.0,73.5,1902.27514,0.02891
47.0,73.5,1915.78743,0.02254
48.0,73.5,1908.48791,0.02161
49.0,73.5,1902.09306,0.02785
50.0,73.5,1904.23344,0.03289
51.0,73.5,1905.13502,0.04595
52.0,73.5,1906.5194,0.04869
53.0,73.5,1904.15765,0.04609
54.0,73.5,1910.09079,0.02516
55.0,73.5,1904.40782,0.03218
56.0,73.5,1902.0601,0.04358
57.0,73.5,1893.2289,0.04153
58.0,73.5,1885.71414,0.03817
59.0,73.5,1887.63546,0.03071
60.0,73.5,1887.55051,0.03377
61.0,73.5,1891.72457,0.02079
62.0,73.5,1888.98543,0.05427
63.0,73.5,1887.99845,0.05075
64.0,73.5,1892.28028,0.04192
65.0,73.5,1892.0644,0.03904
66.0,73.5,1892.31359,0.03949
67.0,73.5,1882.89936,0.04038
68.0,73.5,1864.48409,0.64084
69.0,73.5,1864.4708,-0.07921
70.0,73.5,1877.61762,0.04426
71.0,73.5,1861.16956,0.05347
72.0,73.5,1888.18913,-0.04738
73.0,73.5,1867.4646,-0.75611
-11.0,74.5,1898.65286,0.63021
-10.0,74.5,1906.16696,0.41448
-9.0,74.5,1908.00062,0.07023
-8.0,74.5,1895.74593,0.62056
-7.0,74.5,1893.84034,0.26185
-6.0,74.5,1913.38996,-0.01026
-5.0,74.5,1906.04699,-1.29466
-4.0,74.5,1891.60132,1.15079
-3.0,74.5,1904.87277,11.63541
-2.0,74.5,1904.5071,-4.38076
-1.0,74.5,1892.21275,1.02536
0.0,74.5,1899.9654,-0.09111
1.0,74.5,1894.83327,0.23016
2.0,74.5,1906.35934,10.26238
3.0,74.5,1935.3684,0.70642
4.0,74.5,1926.44009,-0.11764
5.0,74.5,1916.04828,-0.13116
6.0,74.5,1905.46102,-0.8292
7.0,74.5,1910.25383,-0.17637
8.0,74.5,1908.21019,0.0297
9.0,74.5,1915.78793,-0.98409
10.0,74.5,1919.84601,0.19387
11.0,74.5,1924.5814,-0.23155
12.0,74.5,1922.19327,0.01076
13.0,74.5,1925.26188,0.04498
14.0,74.5,1926.36766,-0.00997
15.0,74.5,1930.48201,-0.00251
16.0,74.5,1941.5454,-0.00981
17.0,74.5,1940.09927,-0.05625
18.0,74.5,1940.0131,-0.04744
19.0,74.5,1937.33217,-0.03507
20.0,74.5,1934.12158,-0.01407
21.0,74.5,1934.62454,-0.05387
22.0,74.5,1935.28445,-0.05183
23.0,74.5,1934.74532,-0.03794
24.0,74.5,1932.44234,-0.0418
25.0,74.5,1934.26911,-0.0467
26.0,74.5,1936.66036,-0.02424
27.0,74.5,1939.7173,-0.01748
28.0,74.5,1944.35839,-0.01616
29.0,74.5,1949.88935,-0.01663
30.0,74.5,1942.88453,-0.03546
31.0,74.5,1951.45382,-0.04453
32.0,74.5,1949.02325,-0.02388
33.0,74.5,1931.70935,-0.04364
34.0,74.5,1914.26231,0.01397
35.0,74.5,1910.74009,0.10809
37.0,74.5,1909.1412,-0.41391
38.0,74.5,1911.63239,-0.79173
39.0,74.5,1907.26963,-0.03957
40.0,74.5,1923.40208,-0.00131
41.0,74.5,1902.50825,-0.1622
42.0,74.5,1900.56322,-0.03206
43.0,74.5,1915.9224,0.01388
44.0,74.5,1917.49278,0.02382
45.0,74.5,1920.08133,0.02377
46.0,74.5,1897.17483,0.03928
47.0,74.5,1909.09497,0.01934
48.0,74.5,1908.10236,0.01458
49.0,74.5,1900.81003,0.02745
50.0,74.5,1903.33028,0.02978
51.0,74.5,1906.22188,0.03076
52.0,74.5,1911.17656,0.04462
53.0,74.5,1909.92535,0.04699
54.0,74.5,1909.18569,0.02398
55.0,74.5,1905.34889,0.02446
56.0,74.5,1903.03139,0.03831
57.0,74.5,1889.47896,0.04893
58.0,74.5,1886.66867,0.02898
59.0,74.5,1887.37037,-0.00313
60.0,74.5,1885.24557,0.01931
61.0,74.5,1890.44272,0.02502
62.0,74.5,1891.74287,0.05061
63.0,74.5,1888.71463,0.03515
64.0,74.5,1894.38352,0.03238
65.0,74.5,1893.54066,0.0411
66.0,74.5,1896.45283,0.04341
67.0,74.5,1898.59296,0.04401
68.0,74.5,1880.48521,-0.03224
69.0,74.5,1887.62336,0.04129
70.0,74.5,1893.4754,0.02707
71.0,74.5,1896.01442,0.01091
72.0,74.5,1892.99471,-2.16872
73.0,74.5,1880.51723,-0.22473
74.0,74.5,1875.11595,-0.01131
-11.0,75.5,1900.86718,0.36343
-10.0,75.5,1909.54184,2.06985
-9.0,75.5,1859.73934,0.0
-8.0,75.5,1879.70259,0.0
-7.0,75.5,1870.03153,0.68481
-6.0,75.5,1898.39186,51.30486
-5.0,75.5,1884.89533,-0.2531
-4.0,75.5,1904.45511,0.50557
-3.0,75.5,1906.92403,-0.54529
-2.0,75.5,1907.23549,0.33681
-1.0,75.5,1907.48355,-0.73554
0.0,75.5,1899.32967,-0.72889
1.0,75.5,1909.62486,0.14204
2.0,75.5,1892.00165,-1.09301
3.0,75.5,1915.67138,-0.06215
4.0,75.5,1928.15244,0.46546
5.0,75.5,1915.18393,0.52311
6.0,75.5,1902.50044,1.99869
7.0,75.5,1915.80182,-0.32598
8.0,75.5,1910.31651,-0.05163
9.0,75.5,1924.09401,-0.39717
10.0,75.5,1928.72809,-0.26532
11.0,75.5,1916.64501,0.08558
12.0,75.5,1923.82519,0.17466
13.0,75.5,1929.79576,-0.01339
14.0,75.5,1936.31259,0.01073
15.0,75.5,1947.89649,-0.03886
16.0,75.5,1944.0074,-0.00544
17.0,75.5,1943.54899,-0.04899
18.0,75.5,1939.30589,-0.05537
19.0,75.5,1935.98804,-0.05731
20.0,75.5,1934.37784,-0.04864
21.0,75.5,1933.00319,-0.06964
22.0,75.5,1933.9108,-0.06182
23.0,75.5,1929.05583,-0.0614
24.0,75.5,1926.75646,-0.06552
25.0,75.5,1936.7127,-0.05692
26.0,75.5,1937.53913,-0.08258
27.0,75.5,1941.1362,-0.04623
28.0,75.5,1939.37957,-0.03518
29.0,75.5,1944.52572,-0.04686
30.0,75.5,1942.57189,-0.05079
31.0,75.5,1945.29013,-0.02416
32.0,75.5,1931.04,-0.00968
33.0,75.5,1919.40689,0.00282
34.0,75.5,1909.74247,0.02656
35.0,75.5,1853.64458,-0.3485
38.0,75.5,1912.35166,-1.49334
39.0,75.5,1914.48322,-0.00628
40.0,75.5,1917.89247,-0.01653
41.0,75.5,1899.70815,0.01985
42.0,75.5,1890.31632,-0.07035
43.0,75.5,1914.15294,0.02204
44.0,75.5,1922.69303,0.0227
45.0,75.5,1921.18067,0.01985
46.0,75.5,1927.17445,0.02034
47.0,75.5,1909.24014,0.02747
48.0,75.5,1910.6555,0.01562
49.0,75.5,1901.63153,0.02216
50.0,75.5,1902.55525,0.03175
51.0,75.5,1910.09352,0.03699
52.0,75.5,1912.81984,0.04224
53.0,75.5,1911.69172,0.04899
54.0,75.5,1905.36134,0.04344
55.0,75.5,1903.69834,0.04038
56.0,75.5,1900.19199,0.04576
57.0,75.5,1888.12792,0.03606
58.0,75.5,1890.8044,0.01839
59.0,75.5,1891.13677,0.01283
60.0,75.5,1884.35572,0.03073
61.0,75.5,1889.46989,0.02879
62.0,75.5,1888.40698,0.05356
63.0,75.5,1890.38526,0.03386
64.0,75.5,1893.65697,0.02958
65.0,75.5,1893.76573,0.04783
66.0,75.5,1898.0436,0.03342
67.0,75.5,1897.98128,0.04104
68.0,75.5,1899.25231,0.03872
69.0,75.5,1885.78502,0.00787
70.0,75.5,1891.34895,0.02926
71.0,75.5,1891.77141,0.00861
72.0,75.5,1883.192,0.10032
73.0,75.5,1877.89046,-0.61221
74.0,75.5,1884.06014,0.00208
-11.0,76.5,1879.83898,0.73036
-10.0,76.5,1836.87076,-2.83611
-9.0,76.5,1837.75153,-0.84269
-8.0,76.5,1860.15943,-1.33565
-7.0,76.5,1873.08634,0.36635
-6.0,76.5,1886.57116,88.62422
-5.0,76.5,1897.1072,0.22917
-4.0,76.5,1899.48166,0.31879
-3.0,76.5,1898.75734,-0.28791
-2.0,76.5,1901.36773,-0.51646
-1.0,76.5,1894.68192,-0.66988
0.0,76.5,1897.20816,0.04338
1.0,76.5,1893.50087,-0.23532
2.0,76.5,1906.41908,-0.16751
3.0,76.5,1916.48623,0.58327
4.0,76.5,1916.27631,1.89852
5.0,76.5,1927.97947,0.33721
6.0,76.5,1915.97058,-0.40515
7.0,76.5,1919.89839,0.07113
8.0,76.5,1921.73294,-0.00122
9.0,76.5,1926.10121,-0.00712
10.0,76.5,1923.06452,-0.00741
11.0,76.5,1931.93406,-0.01572
12.0,76.5,1939.33095,0.02045
13.0,76.5,1941.55489,0.03782
14.0,76.5,1946.82621,-0.02782
15.0,76.5,1949.7889,-0.07648
16.0,76.5,1949.50374,-0.05334
17.0,76.5,1942.92109,-0.06673
18.0,76.5,1939.32299,-0.08702
19.0,76.5,1935.66357,-0.07748
20.0,76.5,1935.79384,-0.06135
21.0,76.5,1932.92965,-0.06244
22.0,76.5,1932.97156,-0.04817
23.0,76.5,1930.00991,-0.06497
24.0,76.5,1930.11291,-0.10124
25.0,76.5,1934.69003,-0.06918
26.0,76.5,1936.57569,-0.06821
27.0,76.5,1939.14553,-0.06948
28.0,76.5,1939.54697,-0.07636
29.0,76.5,1941.969,-0.06427
30.0,76.5,1943.73259,-0.04646
31.0,76.5,1933.00173,-0.01193
32.0,76.5,1904.78755,-0.02489
38.0,76.5,1920.89027,-0.02438
39.0,76.5,1918.53238,-0.03411
40.0,76.5,1923.22649,0.0227
41.0,76.5,1884.21483,-0.11512
42.0,76.5,1883.0982,-0.08555
43.0,76.5,1912.80954,0.01154
44.0,76.5,1922.0968,0.02385
45.0,76.5,1920.32146,0.01532
46.0,76.5,1924.70403,0.02205
47.0,76.5,1910.08213,0.03173
48.0,76.5,1909.05592,0.01724
49.0,76.5,1902.58587,0.01874
50.0,76.5,1905.20999,0.0296
51.0,76.5,1914.2702,0.034
52.0,76.5,1913.74814,0.03326
53.0,76.5,1910.76093,0.04118
54.0,76.5,1906.04523,0.04799
55.0,76.5,1900.7601,0.03714
56.0,76.5,1900.91503,0.04733
57.0,76.5,1893.64982,0.04088
58.0,76.5,1890.54902,0.00702
59.0,76.5,1889.36653,0.02949
60.0,76.5,1882.24293,0.03199
61.0,76.5,1887.49273,0.0414
62.0,76.5,1884.92932,0.05433
63.0,76.5,1891.19723,0.02635
64.0,76.5,1892.76579,0.03874
65.0,76.5,1891.45928,0.03975
66.0,76.5,1895.73658,0.02482
67.0,76.5,1900.20388,0.04474
68.0,76.5,1898.41035,0.03761
69.0,76.5,1885.80348,0.03422
70.0,76.5,1892.53322,0.02829
71.0,76.5,1885.86347,0.00576
72.0,76.5,1879.60399,-3.4668
73.0,76.5,1879.24779,18.42891
74.0,76.5,1882.51024,-1.48392
-10.0,77.5,1856.12423,0.61944
-9.0,77.5,1862.59902,1.7005
-8.0,77.5,1893.84611,-1.35286
-7.0,77.5,1874.74261,-0.17931
-6.0,77.5,1914.91146,2.07988
-5.0,77.5,1899.39619,-1.3096
-4.0,77.5,1910.91027,0.03953
-3.0,77.5,1891.64393,0.47288
-2.0,77.5,1906.78097,-0.78748
-1.0,77.5,1879.75312,-0.00932
0.0,77.5,1882.88786,4.69015
1.0,77.5,1866.66707,-2.45093
2.0,77.5,1858.96762,-0.61952
3.0,77.5,1808.47506,-99.19407
4.0,77.5,1902.47125,-1.27878
5.0,77.5,1896.78234,-1.59736
6.0,77.5,1919.23163,-0.05282
7.0,77.5,1912.71752,0.03846
8.0,77.5,1922.0094,0.01121
9.0,77.5,1936.07265,0.0002
10.0,77.5,1936.00577,-0.026
11.0,77.5,1940.3946,0.00969
12.0,77.5,1938.96019,-0.02001
13.0,77.5,1942.61027,-0.05002
14.0,77.5,1946.96719,-0.04102
15.0,77.5,1951.13853,-0.08717
16.0,77.5,1952.32539,-0.10455
17.0,77.5,1948.99939,-0.06269
18.0,77.5,1942.01377,-0.06221
19.0,77.5,1938.6508,-0.04527
20.0,77.5,1935.23953,-0.05258
21.0,77.5,1934.43231,-0.08824
22.0,77.5,1929.22577,-0.03716
23.0,77.5,1931.79799,-0.06452
24.0,77.5,1930.98468,-0.07619
25.0,77.5,1934.59337,-0.07704
26.0,77.5,1936.6705,-0.05534
27.0,77.5,1942.40882,-0.07176
28.0,77.5,1946.7222,-0.07503
29.0,77.5,1946.2952,-0.04091
30.0,77.5,1932.09019,-0.01912
31.0,77.5,1926.00096,-0.04565
32.0,77.5,1886.27125,-0.00032
34.0,77.5,1893.22624,0.94993
35.0,77.5,1870.869,1.30425
36.0,77.5,1899.3842,-0.01899
37.0,77.5,1915.77648,-0.0944
38.0,77.5,1919.01708,-0.01913
39.0,77.5,1921.68478,-0.01114
40.0,77.5,1926.29607,-0.02449
41.0,77.5,1886.98041,-0.7686
42.0,77.5,1863.37708,-0.0273
43.0,77.5,1883.69189,0.00957
44.0,77.5,1913.6248,0.02577
45.0,77.5,1918.2137,0.01797
46.0,77.5,1920.38679,0.02462
47.0,77.5,1911.75091,0.03027
48.0,77.5,1907.55234,0.02259
49.0,77.5,1904.23731,0.02735
50.0,77.5,1907.83885,0.0254
51.0,77.5,1914.48087,0.02818
52.0,77.5,1909.05613,0.03587
53.0,77.5,1912.45673,0.04575
54.0,77.5,1906.873,0.04478
55.0,77.5,1894.65542,0.02727
56.0,77.5,1898.25579,0.04818
57.0,77.5,1896.43056,0.03236
58.0,77.5,1893.23907,0.01025
59.0,77.5,1887.24206,0.02341
60.0,77.5,1884.81196,0.0279
61.0,77.5,1887.679,0.06043
62.0,77.5,1884.37636,0.05995
63.0,77.5,1889.7563,0.01901
64.0,77.5,1892.8506,0.03818
65.0,77.5,1890.39189,0.035
66.0,77.5,1890.09227,0.02726
67.0,77.5,1890.61531,0.03077
68.0,77.5,1879.38024,0.02009
69.0,77.5,1883.1325,0.017
70.0,77.5,1894.5333,0.02728
71.0,77.5,1888.05125,0.00318
72.0,77.5,1886.35817,0.0236
73.0,77.5,1890.30135,-0.00948
-11.0,78.5,1882.63099,0.0
-10.0,78.5,1859.0104,2.00627
-9.0,78.5,1875.07641,0.03102
-8.0,78.5,1898.8181,0.88875
-7.0,78.5,1894.69775,0.45141
-6.0,78.5,1882.03341,-0.98653
-5.0,78.5,1889.85029,-0.19706
-4.0,78.5,1902.77522,-0.18445
-3.0,78.5,1880.3239,0.48281
-2.0,78.5,1896.23303,-15.60975
-1.0,78.5,1874.32703,-0.52715
0.0,78.5,1878.97723,0.48102
1.0,78.5,1910.73088,-0.01988
2.0,78.5,1923.22857,-0.25554
3.0,78.5,1917.84471,0.34891
4.0,78.5,1906.50217,-0.24249
5.0,78.5,1924.45333,0.42748
6.0,78.5,1917.10939,0.07089
7.0,78.5,1902.51155,0.1598
8.0,78.5,1912.86307,0.00344
9.0,78.5,1925.16232,-0.03598
10.0,78.5,1936.19009,-0.01032
11.0,78.5,1941.09977,-0.00188
12.0,78.5,1941.73468,0.00838
13.0,78.5,1942.33668,-0.01814
14.0,78.5,1944.21548,-0.03645
15.0,78.5,1945.41971,-0.08633
16.0,78.5,1945.29343,-0.05236
17.0,78.5,1953.08941,-0.07197
18.0,78.5,1948.09883,-0.05889
19.0,78.5,1941.904,-0.02082
20.0,78.5,1938.38664,-0.05573
21.0,78.5,1936.15127,-0.09172
22.0,78.5,1929.6308,-0.05707
23.0,78.5,1929.56351,-0.05406
24.0,78.5,1931.26996,-0.0829
25.0,78.5,1938.00902,-0.11754
26.0,78.5,1939.60321,-0.07883
27.0,78.5,1947.8039,-0.05982
28.0,78.5,1952.65131,-0.05243
29.0,78.5,1939.87479,-0.02504
30.0,78.5,1918.99986,0.04873
33.0,78.5,1900.90296,0.30581
34.0,78.5,1892.70837,0.0
35.0,78.5,1901.44832,-0.02408
36.0,78.5,1907.15798,0.07215
37.0,78.5,1920.86678,-0.02408
38.0,78.5,1930.92177,0.00574
39.0,78.5,1931.82263,0.00709
40.0,78.5,1928.29344,-0.01143
41.0,78.5,1915.79479,-0.07282
42.0,78.5,1890.292,-0.15868
43.0,78.5,1902.3916,0.02602
44.0,78.5,1915.22252,0.0234
45.0,78.5,1905.88838,0.02015
46.0,78.5,1916.3268,0.02437
47.0,78.5,1908.80364,0.02753
48.0,78.5,1908.0016,0.02092
49.0,78.5,1902.97252,0.02538
50.0,78.5,1913.22916,0.02231
51.0,78.5,1912.478,0.02639
52.0,78.5,1906.89147,0.02938
53.0,78.5,1912.08305,0.04243
54.0,78.5,1905.47721,0.04209
55.0,78.5,1899.25982,0.05098
56.0,78.5,1898.62248,0.0418
57.0,78.5,1894.31931,0.03084
58.0,78.5,1894.16773,0.02743
59.0,78.5,1891.64922,0.03185
60.0,78.5,1887.09446,0.0359
61.0,78.5,1887.45132,0.07572
62.0,78.5,1882.54214,0.04753
63.0,78.5,1887.40003,0.01441
64.0,78.5,1888.36075,0.0344
65.0,78.5,1894.21421,0.04208
66.0,78.5,1891.80455,0.02973
67.0,78.5,1893.27781,0.03387
68.0,78.5,1891.84767,0.02921
69.0,78.5,1896.14425,0.03622
70.0,78.5,1892.86931,0.02555
71.0,78.5,1887.65405,0.00857
72.0,78.5,1894.86489,0.00869
73.0,78.5,1877.58814,0.55661
74.0,78.5,1892.3151,-7.70254
75.0,78.5,1890.14953,-0.84555
-11.0,79.5,1879.19251,-0.0
-10.0,79.5,1892.18833,0.0
-9.0,79.5,1878.18822,-0.30733
-8.0,79.5,1882.64696,0.90536
-7.0,79.5,1881.33886,1.14727
-6.0,79.5,1881.14248,0.38826
-5.0,79.5,1889.8366,-2.97212
-4.0,79.5,1899.75698,0.42954
-3.0,79.5,1896.96902,-2.41981
-2.0,79.5,1909.31537,-0.59618
-1.0,79.5,1896.22025,-0.01361
0.0,79.5,1905.38968,-0.06381
1.0,79.5,1897.6506,-3.25335
2.0,79.5,1914.99301,-0.27485
3.0,79.5,1907.69332,-0.92981
4.0,79.5,1913.92987,0.20792
5.0,79.5,1909.1352,-0.23838
6.0,79.5,1917.44157,-0.10031
7.0,79.5,1910.37747,0.01542
8.0,79.5,1912.43942,0.0586
9.0,79.5,1912.40041,0.02131
10.0,79.5,1910.22787,0.01131
11.0,79.5,1924.10597,0.03353
12.0,79.5,1931.62965,0.02113
13.0,79.5,1939.54817,-0.01697
14.0,79.5,1942.67098,-0.01598
15.0,79.5,1948.27866,-0.00993
16.0,79.5,1950.27734,-0.03356
17.0,79.5,1953.33718,-0.04495
18.0,79.5,1947.48797,-0.01771
19.0,79.5,1943.16991,-0.01712
20.0,79.5,1939.12084,-0.04286
21.0,79.5,1939.49587,-0.08352
22.0,79.5,1931.22395,-0.06738
23.0,79.5,1932.01265,-0.03757
24.0,79.5,1937.18922,-0.05711
25.0,79.5,1940.89369,-0.10946
26.0,79.5,1942.6149,-0.08384
27.0,79.5,1949.5486,-0.04672
28.0,79.5,1949.97722,-0.04424
29.0,79.5,1934.58153,-0.01706
30.0,79.5,1901.1159,0.04139
31.0,79.5,1906.34392,-0.06677
32.0,79.5,1912.09097,0.10692
33.0,79.5,1897.26158,-0.20509
34.0,79.5,1881.70642,-0.78429
35.0,79.5,1904.78095,-0.06581
36.0,79.5,1912.99542,-0.57426
37.0,79.5,1919.6303,-0.01472
38.0,79.5,1931.44781,0.02124
39.0,79.5,1933.75371,0.01594
40.0,79.5,1933.84126,-0.00249
41.0,79.5,1928.4637,-0.01452
42.0,79.5,1921.18416,1.31401
43.0,79.5,1901.19423,0.02059
44.0,79.5,1922.30055,0.01254
45.0,79.5,1895.72722,0.02313
46.0,79.5,1913.08231,0.02135
47.0,79.5,1913.03947,0.02119
48.0,79.5,1905.71491,0.0201
49.0,79.5,1908.4696,0.01923
50.0,79.5,1913.49061,0.02067
51.0,79.5,1907.15364,0.0236
52.0,79.5,1905.72809,0.03072
53.0,79.5,1905.61646,0.0305
54.0,79.5,1903.17406,0.03378
55.0,79.5,1900.01507,0.04945
56.0,79.5,1900.30455,0.03917
57.0,79.5,1895.63877,0.03248
58.0,79.5,1892.45702,0.01722
59.0,79.5,1890.69802,0.06534
60.0,79.5,1891.41425,0.0614
61.0,79.5,1887.66966,0.05459
62.0,79.5,1888.92067,0.03322
63.0,79.5,1888.92231,0.0239
64.0,79.5,1893.26286,0.04726
65.0,79.5,1892.84923,0.03955
66.0,79.5,1890.57808,0.03336
67.0,79.5,1892.95895,0.04206
68.0,79.5,1895.70848,0.03794
69.0,79.5,1896.59316,0.03729
70.0,79.5,1892.29926,0.02446
71.0,79.5,1889.49142,0.00443
72.0,79.5,1891.07361,0.01669
73.0,79.5,1876.00126,-0.01752
74.0,79.5,1878.95997,-0.43395
75.0,79.5,1882.72443,-0.06582
-11.0,80.5,1872.65229,0.22066
-10.0,80.5,1857.19588,-1.43452
-9.0,80.5,1872.54003,0.43199
-8.0,80.5,1891.73422,-1.79806
-7.0,80.5,1913.28976,0.5894
-6.0,80.5,1900.51793,-4.11776
-5.0,80.5,1925.47004,-3.36403
-4.0,80.5,1884.81463,0.39434
-3.0,80.5,1897.9723,-1.02044
-2.0,80.5,1903.93247,0.42795
-1.0,80.5,1899.30831,-2.01133
0.0,80.5,1906.36404,-1.09599
1.0,80.5,1927.11045,0.43943
2.0,80.5,1913.90029,-0.07252
3.0,80.5,1915.81538,0.13476
4.0,80.5,1906.83531,0.08893
5.0,80.5,1916.61877,-0.17916
6.0,80.5,1909.1183,-0.05422
7.0,80.5,1910.32331,-0.12209
8.0,80.5,1916.44674,0.08889
9.0,80.5,1905.73893,0.05518
10.0,80.5,1913.57073,-0.0073
11.0,80.5,1917.28458,-0.03799
12.0,80.5,1916.74385,0.00218
13.0,80.5,1925.69663,-0.0012
14.0,80.5,1926.14877,0.01185
15.0,80.5,1924.0264,0.04436
16.0,80.5,1935.90937,-0.00756
17.0,80.5,1946.47426,-0.04696
18.0,80.5,1943.01797,-0.02796
19.0,80.5,1934.0607,-0.02237
20.0,80.5,1933.24218,-0.02309
21.0,80.5,1936.65576,-0.03787
22.0,80.5,1932.02456,-0.0205
23.0,80.5,1931.0008,-0.04829
24.0,80.5,1935.93973,-0.0511
25.0,80.5,1942.40037,-0.06187
26.0,80.5,1948.31429,-0.06364
27.0,80.5,1946.21959,-0.0539
28.0,80.5,1938.77154,-0.02474
29.0,80.5,1927.09885,-0.01328
31.0,80.5,1905.8562,-0.1945
32.0,80.5,1902.22651,-0.08734
33.0,80.5,1898.77599,0.47411
34.0,80.5,1884.51321,-0.30292
35.0,80.5,1896.32846,-1.27461
36.0,80.5,1912.85392,-0.14724
37.0,80.5,1927.10894,-0.03923
38.0,80.5,1930.78229,-0.00089
39.0,80.5,1931.68312,0.00729
40.0,80.5,1931.23698,0.00079
41.0,80.5,1922.82848,-0.01498
42.0,80.5,1932.9852,-0.0411
43.0,80.5,1897.22432,0.01365
44.0,80.5,1917.0176,0.01216
45.0,80.5,1894.12035,0.01987
46.0,80.5,1906.98693,0.02081
47.0,80.5,1909.48019,0.02623
48.0,80.5,1902.81003,0.02118
49.0,80.5,1906.925,0.01998
50.0,80.5,1911.99133,0.02339
51.0,80.5,1909.27059,0.02591
52.0,80.5,1899.75867,0.02109
53.0,80.5,1907.11181,0.02332
54.0,80.5,1903.12942,0.02411
55.0,80.5,1899.86542,0.03272
56.0,80.5,1899.63102,0.02992
57.0,80.5,1894.95195,0.02538
58.0,80.5,1890.67767,0.02088
59.0,80.5,1891.31845,0.06813
60.0,80.5,1891.29378,0.06337
61.0,80.5,1887.0617,0.04932
62.0,80.5,1889.79033,0.03981
63.0,80.5,1883.03861,0.0279
64.0,80.5,1892.40175,0.03771
65.0,80.5,1893.63711,0.04463
66.0,80.5,1891.13469,0.03664
67.0,80.5,1889.87591,0.04564
68.0,80.5,1895.9142,0.04029
69.0,80.5,1895.30189,0.03605
70.0,80.5,1893.11643,0.02114
71.0,80.5,1892.4501,-0.00289
72.0,80.5,1885.64423,0.06278
73.0,80.5,1875.73243,-0.00126
74.0,80.5,1875.25428,-4.20507
-11.0,81.5,1861.55904,1.24221
-10.0,81.5,1867.95244,0.29957
-9.0,81.5,1852.55858,-0.13656
-8.0,81.5,1886.38727,0.25458
-7.0,81.5,1865.37196,1.12381
-6.0,81.5,1880.82807,-0.12884
-5.0,81.5,1858.31549,-0.6514
-4.0,81.5,1889.8661,-0.66078
-3.0,81.5,1873.83233,1.10391
-2.0,81.5,1853.37756,-0.20556
-1.0,81.5,1892.52636,0.06457
0.0,81.5,1921.55279,-0.61193
1.0,81.5,1908.22107,2.23165
2.0,81.5,1919.57367,0.48685
3.0,81.5,1887.66432,0.82204
4.0,81.5,1925.30384,-0.0607
5.0,81.5,1912.35765,0.03485
6.0,81.5,1908.52337,0.01887
7.0,81.5,1897.28158,-0.5651
8.0,81.5,1904.21881,0.02751
9.0,81.5,1911.82746,0.22192
10.0,81.5,1921.35955,-0.01437
11.0,81.5,1922.9973,-0.05998
12.0,81.5,1917.33778,-0.33893
13.0,81.5,1926.46145,0.02037
14.0,81.5,1924.43145,0.07759
15.0,81.5,1919.69311,-0.00669
16.0,81.5,1917.80443,0.02887
17.0,81.5,1942.10305,-0.02899
18.0,81.5,1937.97105,-0.00822
19.0,81.5,1938.82956,-0.00876
20.0,81.5,1936.90936,-0.01092
21.0,81.5,1943.16863,-0.05863
22.0,81.5,1938.66348,-0.03646
23.0,81.5,1933.33475,-0.02998
24.0,81.5,1937.08988,-0.02672
25.0,81.5,1947.07113,-0.06266
26.0,81.5,1951.11765,-0.02744
27.0,81.5,1949.66264,-0.06127
28.0,81.5,1936.8653,-0.04617
29.0,81.5,1920.52344,-0.03923
30.0,81.5,1875.74046,1.70071
31.0,81.5,1897.18427,-0.7159
32.0,81.5,1902.26743,-0.26936
33.0,81.5,1905.34075,-0.11701
34.0,81.5,1876.88355,-0.42875
35.0,81.5,1894.54943,-0.20008
36.0,81.5,1909.96378,-0.08487
37.0,81.5,1923.85491,-0.02875
38.0,81.5,1929.54754,0.01739
39.0,81.5,1931.6737,0.02384
40.0,81.5,1935.32888,0.0173
41.0,81.5,1933.32712,0.00194
42.0,81.5,1929.20533,-0.02016
43.0,81.5,1897.51357,0.00843
44.0,81.5,1910.74441,-0.00196
45.0,81.5,1899.64858,0.01921
46.0,81.5,1883.07673,0.11314
47.0,81.5,1905.70453,0.03843
48.0,81.5,1898.96268,0.02433
49.0,81.5,1902.80139,0.02247
50.0,81.5,1907.05332,0.02564
51.0,81.5,1907.11073,0.02928
52.0,81.5,1906.4429,0.02672
53.0,81.5,1903.74085,0.02544
54.0,81.5,1897.5635,0.02206
55.0,81.5,1898.18671,0.02543
56.0,81.5,1900.79571,0.02438
57.0,81.5,1892.06633,0.02198
58.0,81.5,1891.37296,0.01805
59.0,81.5,1894.98051,0.04712
60.0,81.5,1887.21525,0.04918
61.0,81.5,1885.41495,0.03945
62.0,81.5,1890.41641,0.04391
63.0,81.5,1883.31485,0.04223
64.0,81.5,1889.80277,0.03624
65.0,81.5,1891.22408,0.04522
66.0,81.5,1891.07049,0.03669
67.0,81.5,1889.51802,0.03826
68.0,81.5,1894.69848,0.03722
69.0,81.5,1896.85362,0.03305
70.0,81.5,1890.38045,0.02253
71.0,81.5,1893.13778,0.0056
72.0,81.5,1878.87919,-0.02886
73.0,81.5,1898.06558,0.02605
74.0,81.5,1882.98946,0.00132
75.0,81.5,1873.0819,0.01661
76.0,81.5,1872.2987,0.26856
77.0,81.5,1878.07228,-0.59553
78.0,81.5,1882.61295,-1.40038
-11.0,82.5,1843.59816,-3.54595
-10.0,82.5,1874.29211,1.93062
-9.0,82.5,1869.43527,-0.98376
-8.0,82.5,1866.77361,-0.50302
-7.0,82.5,1886.70053,0.49543
-6.0,82.5,1894.40111,-0.47126
-5.0,82.5,1892.75746,-1.33829
-4.0,82.5,1893.04173,-0.8701
-3.0,82.5,1870.56449,1.70642
-2.0,82.5,1897.09272,-0.52307
-1.0,82.5,1901.55238,7.74761
0.0,82.5,1911.14456,-8.09985
1.0,82.5,1874.79818,10.00052
2.0,82.5,1917.09537,-0.09773
3.0,82.5,1929.27394,0.16181
4.0,82.5,1955.71458,-0.02455
5.0,82.5,1931.82594,-0.15834
6.0,82.5,1905.13051,0.0478
7.0,82.5,1909.71136,-0.1471
8.0,82.5,1915.14145,-0.39753
9.0,82.5,1916.58805,0.00165
10.0,82.5,1927.55995,0.8406
11.0,82.5,1933.35929,-0.09098
12.0,82.5,1931.05076,-0.21275
13.0,82.5,1927.99109,-0.22686
14.0,82.5,1926.91157,0.00756
15.0,82.5,1917.14365,-0.02469
16.0,82.5,1922.57013,-0.00812
17.0,82.5,1930.07025,0.01031
18.0,82.5,1938.47179,0.00195
19.0,82.5,1939.26197,-0.03683
20.0,82.5,1939.05104,-0.05427
21.0,82.5,1939.74834,-0.04879
22.0,82.5,1943.65698,-0.04658
23.0,82.5,1938.97216,-0.02251
24.0,82.5,1937.71324,-0.03869
25.0,82.5,1953.37529,-0.07684
26.0,82.5,1951.77554,-0.02649
27.0,82.5,1947.22595,-0.05443
28.0,82.5,1929.8052,-0.01066
30.0,82.5,1907.64444,-0.3491
31.0,82.5,1909.48668,-0.17042
32.0,82.5,1898.83442,-0.09963
33.0,82.5,1902.07615,-0.05432
34.0,82.5,1895.50003,-0.67312
35.0,82.5,1897.81813,0.03959
36.0,82.5,1900.27194,-0.50952
37.0,82.5,1922.90623,-0.03094
38.0,82.5,1929.84701,0.00214
39.0,82.5,1931.33917,0.01833
40.0,82.5,1934.87979,0.0188
41.0,82.5,1929.76457,-0.00726
42.0,82.5,1929.52553,0.01761
43.0,82.5,1894.22544,-0.47116
44.0,82.5,1905.63827,-0.13502
45.0,82.5,1914.60188,0.02711
46.0,82.5,1907.29951,0.02128
47.0,82.5,1904.18375,-0.00509
48.0,82.5,1906.56309,0.02368
49.0,82.5,1901.44568,0.02862
50.0,82.5,1898.70445,0.02526
51.0,82.5,1888.658,0.02447
52.0,82.5,1907.23123,0.03008
53.0,82.5,1906.8038,0.02644
54.0,82.5,1893.9836,0.02022
55.0,82.5,1902.35179,0.02548
56.0,82.5,1892.7371,0.0141
57.0,82.5,1892.06148,0.01498
58.0,82.5,1891.36535,0.02569
59.0,82.5,1892.93896,0.04877
60.0,82.5,1887.1806,0.02521
61.0,82.5,1882.96673,0.04869
62.0,82.5,1887.20563,0.0548
63.0,82.5,1885.47675,0.04398
64.0,82.5,1888.17778,0.03709
65.0,82.5,1889.46757,0.03654
66.0,82.5,1889.33408,0.04331
67.0,82.5,1888.44612,0.03574
68.0,82.5,1892.51343,0.04306
69.0,82.5,1895.18654,0.03715
70.0,82.5,1883.88322,0.01308
71.0,82.5,1878.30708,0.01084
72.0,82.5,1885.38476,0.01988
73.0,82.5,1897.78122,0.02827
74.0,82.5,1886.00864,-0.13839
75.0,82.5,1871.39445,0.25983
76.0,82.5,1872.21476,-0.41836
77.0,82.5,1870.50671,0.03214
78.0,82.5,1870.78107,-0.11484
-11.0,83.5,1870.48908,-0.99535
-10.0,83.5,1876.69895,-0.53178
-9.0,83.5,1884.24886,5.7091
-8.0,83.5,1866.05434,-1.43403
-7.0,83.5,1878.77634,0.58956
-6.0,83.5,1885.4737,1.52356
-5.0,83.5,1883.74496,-0.13652
-4.0,83.5,1892.60269,0.18152
-3.0,83.5,1904.22043,-1.536
-2.0,83.5,1910.12214,10.50145
-1.0,83.5,1896.59016,-0.13793
0.0,83.5,1904.67842,-0.12594
1.0,83.5,1904.44688,-0.39294
2.0,83.5,1923.17542,0.22445
3.0,83.5,1917.26627,-0.32358
4.0,83.5,1927.69423,-0.31245
5.0,83.5,1924.74226,-4.85134
6.0,83.5,1899.83666,4.99152
7.0,83.5,1914.01653,0.17494
8.0,83.5,1919.62088,-0.18335
9.0,83.5,1923.32843,-0.06179
10.0,83.5,1913.31007,0.26296
11.0,83.5,1927.42113,-0.01634
12.0,83.5,1921.20449,-0.05706
13.0,83.5,1925.32868,-0.10437
14.0,83.5,1934.34801,0.02317
15.0,83.5,1923.71384,0.00538
16.0,83.5,1924.54079,0.07907
17.0,83.5,1933.84764,0.01349
18.0,83.5,1934.48419,0.02184
19.0,83.5,1939.68322,-0.00718
20.0,83.5,1935.76975,-0.04362
21.0,83.5,1943.4448,-0.02478
22.0,83.5,1937.27846,-0.02883
23.0,83.5,1938.16145,-0.02118
24.0,83.5,1942.27416,-0.04578
25.0,83.5,1951.96013,-0.0869
26.0,83.5,1955.21637,-0.05958
27.0,83.5,1943.9216,-0.03165
28.0,83.5,1936.96462,-0.02062
29.0,83.5,1885.16763,-0.24208
30.0,83.5,1908.62486,-0.22643
31.0,83.5,1909.04404,-0.39199
32.0,83.5,1901.08116,0.33213
33.0,83.5,1907.20861,-0.06963
34.0,83.5,1904.81674,-0.58344
35.0,83.5,1902.3717,-0.25075
36.0,83.5,1899.3307,0.02466
37.0,83.5,1919.12689,-0.01759
38.0,83.5,1928.94305,0.0286
39.0,83.5,1932.76086,0.03184
40.0,83.5,1933.47406,0.01598
41.0,83.5,1931.89962,0.00855
42.0,83.5,1934.29209,-0.01234
43.0,83.5,1889.83674,-0.01405
44.0,83.5,1899.76415,0.00497
45.0,83.5,1918.24467,0.02236
46.0,83.5,1904.25669,0.01209
47.0,83.5,1906.31969,0.03001
48.0,83.5,1901.45072,0.03037
49.0,83.5,1899.26044,0.03973
50.0,83.5,1884.98344,0.03867
51.0,83.5,1886.63061,0.12438
52.0,83.5,1900.83316,0.03031
53.0,83.5,1902.40802,0.02375
54.0,83.5,1898.99636,0.01344
55.0,83.5,1895.58561,0.02185
56.0,83.5,1895.19967,0.02218
57.0,83.5,1891.75631,0.02215
58.0,83.5,1889.79029,0.04132
59.0,83.5,1894.38048,0.04901
60.0,83.5,1886.12196,0.02988
61.0,83.5,1879.81034,0.04183
62.0,83.5,1885.09835,0.04743
63.0,83.5,1882.69834,0.04811
64.0,83.5,1887.64081,0.03331
65.0,83.5,1889.08409,0.02681
66.0,83.5,1887.91288,0.04216
67.0,83.5,1883.41878,0.03406
68.0,83.5,1886.81118,0.04287
69.0,83.5,1890.58288,0.03157
70.0,83.5,1884.37556,0.0115
71.0,83.5,1878.88817,0.01129
72.0,83.5,1887.54783,0.02358
73.0,83.5,1894.03151,0.02486
74.0,83.5,1884.0075,0.22504
75.0,83.5,1878.20192,2.70952
76.0,83.5,1867.67166,0.11834
77.0,83.5,1853.42995,-9.04716
78.0,83.5,1853.43194,-9.05603
-11.0,84.5,1887.76679,0.03777
-10.0,84.5,1869.00246,-1.39013
-9.0,84.5,1863.89112,0.25262
-8.0,84.5,1879.36115,-0.60759
-7.0,84.5,1874.92562,0.28725
-6.0,84.5,1882.69881,-1.32042
-5.0,84.5,1892.26251,-0.11471
-4.0,84.5,1882.33622,0.06214
-3.0,84.5,1897.88373,-0.37972
-2.0,84.5,1913.29495,3.42834
-1.0,84.5,1908.80327,0.07316
0.0,84.5,1908.39676,0.00281
1.0,84.5,1895.48224,-0.74337
2.0,84.5,1913.86815,-0.12478
3.0,84.5,1910.37034,-0.0332
4.0,84.5,1909.84949,0.24197
5.0,84.5,1905.65407,3.78455
6.0,84.5,1905.1162,-8.18591
7.0,84.5,1906.57348,6.64467
8.0,84.5,1899.9053,7.66226
9.0,84.5,1923.11537,-0.41653
10.0,84.5,1921.55633,0.06002
11.0,84.5,1937.59528,-0.15183
12.0,84.5,1929.02369,0.03498
13.0,84.5,1930.03878,0.02733
14.0,84.5,1929.52749,-0.02499
15.0,84.5,1932.35105,-0.15512
16.0,84.5,1925.30422,-0.01467
17.0,84.5,1935.89795,0.09472
18.0,84.5,1936.54707,0.04186
19.0,84.5,1934.29415,0.01528
20.0,84.5,1940.63264,-0.03825
21.0,84.5,1940.97536,-0.05093
22.0,84.5,1940.01401,-0.02767
23.0,84.5,1940.63975,-0.02102
24.0,84.5,1941.39962,-0.0361
25.0,84.5,1953.17358,-0.05295
26.0,84.5,1955.89522,-0.02354
27.0,84.5,1939.20105,0.00708
28.0,84.5,1923.34629,-0.02404
29.0,84.5,1901.69381,-0.51349
30.0,84.5,1910.17575,-0.14351
31.0,84.5,1896.11871,0.01789
32.0,84.5,1911.67146,-0.13969
33.0,84.5,1908.77237,-0.18398
34.0,84.5,1909.53102,-0.25482
35.0,84.5,1902.75981,-0.23976
36.0,84.5,1900.29111,-0.09143
37.0,84.5,1909.53529,-0.00934
38.0,84.5,1926.97644,0.02481
39.0,84.5,1934.67143,0.00769
40.0,84.5,1934.62492,0.01087
41.0,84.5,1935.03748,0.00597
42.0,84.5,1931.34038,-0.04401
43.0,84.5,1889.85883,0.12669
44.0,84.5,1909.6166,0.03543
45.0,84.5,1922.5993,0.00535
46.0,84.5,1910.84571,0.00901
47.0,84.5,1897.46834,0.01797
48.0,84.5,1903.68157,0.02585
49.0,84.5,1894.88112,0.01947
50.0,84.5,1892.70163,0.0284
51.0,84.5,1891.64046,0.04952
52.0,84.5,1899.10518,0.02165
53.0,84.5,1897.54987,0.02312
54.0,84.5,1897.75814,0.02375
55.0,84.5,1895.09793,0.02252
56.0,84.5,1892.68438,0.0293
57.0,84.5,1887.68849,0.02705
58.0,84.5,1887.43396,0.02566
59.0,84.5,1893.51887,0.03942
60.0,84.5,1885.0774,0.03658
61.0,84.5,1882.463,0.04569
62.0,84.5,1884.79305,0.05373
63.0,84.5,1883.65449,0.04959
64.0,84.5,1888.68976,0.04361
65.0,84.5,1888.99524,0.03087
66.0,84.5,1885.65452,0.03648
67.0,84.5,1886.99633,0.04596
68.0,84.5,1889.74885,0.03969
69.0,84.5,1889.50384,0.02547
70.0,84.5,1889.63216,0.01334
71.0,84.5,1891.90429,0.01545
72.0,84.5,1894.00013,0.02362
73.0,84.5,1892.86061,0.02146
74.0,84.5,1870.92799,-0.50846
75.0,84.5,1856.12768,-0.72323
-11.0,85.5,1889.35118,0.62641
-10.0,85.5,1888.2783,2.1843
-9.0,85.5,1876.53341,0.53274
-8.0,85.5,1882.74512,-0.22989
-7.0,85.5,1883.4068,-2.2314
-6.0,85.5,1870.62729,0.02022
-5.0,85.5,1883.45639,-0.10984
-4.0,85.5,1888.3695,-0.95224
-3.0,85.5,1917.42905,0.03987
-2.0,85.5,1921.38679,1.54349
-1.0,85.5,1910.6761,0.04759
0.0,85.5,1911.84894,0.66383
1.0,85.5,1911.0237,0.89308
2.0,85.5,1907.9279,-0.70194
3.0,85.5,1907.14531,-0.44912
4.0,85.5,1894.0432,-1.31703
5.0,85.5,1909.28609,-5.26362
6.0,85.5,1867.88842,-11.27753
7.0,85.5,1896.43839,-16.01621
8.0,85.5,1913.03299,-0.44393
9.0,85.5,1923.31561,-0.9948
10.0,85.5,1927.57009,-0.01927
11.0,85.5,1939.09133,-0.17157
12.0,85.5,1922.86576,-0.03931
13.0,85.5,1926.70333,-0.0056
14.0,85.5,1932.65451,-0.22713
15.0,85.5,1932.13268,-0.17782
16.0,85.5,1924.65657,-0.31888
17.0,85.5,1931.03598,0.01266
18.0,85.5,1930.65791,0.02297
19.0,85.5,1935.49936,0.03961
20.0,85.5,1940.97481,-0.02077
21.0,85.5,1946.3547,-0.04138
22.0,85.5,1938.24155,-0.02838
23.0,85.5,1942.54688,-0.03115
24.0,85.5,1944.01664,-0.05415
25.0,85.5,1952.63296,-0.05358
26.0,85.5,1954.60533,-0.01312
27.0,85.5,1939.57626,-0.00703
28.0,85.5,1925.36478,-0.73843
29.0,85.5,1903.08699,-0.12599
30.0,85.5,1896.65051,-0.24466
31.0,85.5,1897.47344,-0.11785
32.0,85.5,1907.94218,-0.32923
33.0,85.5,1904.99122,0.37607
34.0,85.5,1910.23309,-0.16237
35.0,85.5,1903.72824,-0.1696
36.0,85.5,1896.71429,-0.03274
37.0,85.5,1904.85162,-0.03699
38.0,85.5,1925.13959,0.01324
39.0,85.5,1934.28134,0.00699
40.0,85.5,1935.81242,0.01437
41.0,85.5,1933.58296,-0.00026
42.0,85.5,1932.64721,0.00177
43.0,85.5,1899.48438,0.07254
44.0,85.5,1908.14728,0.00911
45.0,85.5,1923.29571,0.00647
46.0,85.5,1925.99964,0.00843
47.0,85.5,1903.36684,0.01625
48.0,85.5,1914.85546,0.02554
49.0,85.5,1863.91945,0.0523
50.0,85.5,1888.86414,0.02137
51.0,85.5,1884.27555,0.02105
52.0,85.5,1901.64465,0.03159
53.0,85.5,1909.17866,0.02133
54.0,85.5,1896.03642,0.02432
55.0,85.5,1903.72745,0.02087
56.0,85.5,1887.39774,0.0247
57.0,85.5,1884.24238,0.01474
58.0,85.5,1886.61196,0.02497
59.0,85.5,1892.71455,0.03183
60.0,85.5,1887.38991,0.03503
61.0,85.5,1884.76182,0.03795
62.0,85.5,1881.38358,0.04491
63.0,85.5,1883.75358,0.0518
64.0,85.5,1887.1658,0.04829
65.0,85.5,1888.88691,0.03923
66.0,85.5,1885.2032,0.03615
67.0,85.5,1882.80428,0.0468
68.0,85.5,1885.58463,0.03967
69.0,85.5,1883.48879,0.02493
70.0,85.5,1888.06072,0.01161
71.0,85.5,1891.35364,0.01509
72.0,85.5,1893.73641,0.01823
73.0,85.5,1890.7002,0.01495
74.0,85.5,1873.83634,-0.09859
75.0,85.5,1865.79088,-0.02826
-11.0,86.5,1857.49154,-1.84787
-10.0,86.5,1883.68876,-3.99108
-9.0,86.5,1883.13194,-11.60696
-8.0,86.5,1889.47404,-0.00146
-7.0,86.5,1878.81989,0.83315
-6.0,86.5,1895.01142,0.04621
-5.0,86.5,1894.9683,0.09735
-4.0,86.5,1912.1755,0.46524
-3.0,86.5,1905.88253,-0.53625
-2.0,86.5,1903.5695,6.22807
-1.0,86.5,1909.63663,-0.04662
0.0,86.5,1932.07946,-0.4873
1.0,86.5,1914.05876,-0.93077
2.0,86.5,1927.91439,-0.54181
3.0,86.5,1907.02732,-0.0537
4.0,86.5,1893.21196,8.13975
5.0,86.5,1907.4189,-0.2921
6.0,86.5,1943.23563,0.30318
7.0,86.5,1939.29426,0.36226
8.0,86.5,1925.51747,-0.03082
9.0,86.5,1917.24865,0.16698
10.0,86.5,1913.93151,0.05013
11.0,86.5,1918.00472,-0.44015
12.0,86.5,1926.87695,-0.0177
13.0,86.5,1927.17633,0.214
14.0,86.5,1929.77126,-0.01155
15.0,86.5,1930.35924,-0.08406
16.0,86.5,1931.03469,-0.01693
17.0,86.5,1932.64801,0.0362
18.0,86.5,1930.24952,-0.00043
19.0,86.5,1933.22282,-0.01351
20.0,86.5,1932.86251,0.03015
21.0,86.5,1948.47224,-0.0276
22.0,86.5,1945.79264,-0.06705
23.0,86.5,1946.44529,-0.03284
24.0,86.5,1949.62064,-0.02958
25.0,86.5,1956.24305,-0.04285
26.0,86.5,1954.89159,-0.01577
27.0,86.5,1942.82645,-0.00214
28.0,86.5,1899.15882,0.08089
29.0,86.5,1898.45279,-0.40068
30.0,86.5,1898.95728,-0.71283
31.0,86.5,1890.32839,-0.03845
32.0,86.5,1913.43391,0.20658
33.0,86.5,1913.45074,-0.14459
34.0,86.5,1909.8882,-0.12618
35.0,86.5,1909.19904,-0.09937
36.0,86.5,1899.0494,-0.10971
37.0,86.5,1900.66874,-0.04581
38.0,86.5,1925.84507,0.00536
39.0,86.5,1936.97864,0.00737
40.0,86.5,1937.54107,0.00735
41.0,86.5,1933.89844,0.00488
42.0,86.5,1919.67256,0.00612
43.0,86.5,1911.49945,-0.0665
44.0,86.5,1914.21326,0.00971
45.0,86.5,1926.04025,0.00904
46.0,86.5,1926.98384,0.01742
47.0,86.5,1908.343,0.01958
48.0,86.5,1919.28102,0.02386
49.0,86.5,1870.23416,0.11062
50.0,86.5,1893.09769,0.02638
52.0,86.5,1884.12814,0.0347
53.0,86.5,1892.97312,0.01726
54.0,86.5,1906.03235,0.03028
55.0,86.5,1897.40292,0.00882
56.0,86.5,1886.91648,0.02314
57.0,86.5,1887.77295,0.02752
58.0,86.5,1886.34392,0.02351
59.0,86.5,1890.30346,0.03437
60.0,86.5,1883.70207,0.04127
61.0,86.5,1881.25467,0.03467
62.0,86.5,1879.873,0.04802
63.0,86.5,1884.05628,0.04795
64.0,86.5,1887.42846,0.04576
65.0,86.5,1890.266,0.0343
66.0,86.5,1884.22782,0.03287
67.0,86.5,1878.43478,0.05141
68.0,86.5,1877.13232,0.04696
69.0,86.5,1883.01135,0.03038
70.0,86.5,1890.02663,0.01324
71.0,86.5,1890.6352,0.01937
72.0,86.5,1892.53117,0.01942
73.0,86.5,1888.48633,0.01861
74.0,86.5,1878.37659,-3.17578
75.0,86.5,1871.68322,-6.79711
-11.0,87.5,1866.85426,-0.96716
-10.0,87.5,1863.96478,0.36587
-9.0,87.5,1872.19145,1.30169
-8.0,87.5,1892.21181,0.89673
-7.0,87.5,1874.35311,0.31529
-6.0,87.5,1894.45421,0.31808
-5.0,87.5,1894.14079,0.17204
-4.0,87.5,1917.44898,0.57751
-3.0,87.5,1898.16205,-0.00553
-2.0,87.5,1913.78414,-0.34762
-1.0,87.5,1899.10335,0.14045
0.0,87.5,1891.10572,-0.83783
1.0,87.5,1913.69385,0.15146
2.0,87.5,1921.56133,-1.01071
3.0,87.5,1905.49519,-1.17999
4.0,87.5,1920.50836,2.05853
5.0,87.5,1915.63494,1.94128
6.0,87.5,1927.93646,-0.46751
7.0,87.5,1915.29376,-0.86724
8.0,87.5,1907.4484,-0.51701
9.0,87.5,1906.43745,0.30951
10.0,87.5,1912.83956,-0.2379
11.0,87.5,1936.00886,-1.00234
12.0,87.5,1929.29143,-0.28317
13.0,87.5,1917.94319,-1.19011
14.0,87.5,1918.8757,-0.95993
15.0,87.5,1921.07478,0.04238
16.0,87.5,1923.06592,0.07838
17.0,87.5,1929.51392,0.08303
18.0,87.5,1933.33957,0.03394
19.0,87.5,1935.96814,-0.02557
20.0,87.5,1930.64184,0.09651
21.0,87.5,1926.52619,0.01501
22.0,87.5,1946.90253,-0.0888
23.0,87.5,1952.64394,-0.04465
24.0,87.5,1952.39258,-0.03553
25.0,87.5,1954.34806,-0.04891
26.0,87.5,1954.04212,-0.01836
27.0,87.5,1943.2753,0.00322
28.0,87.5,1898.31869,-0.23297
29.0,87.5,1898.85042,-0.6036
30.0,87.5,1884.60429,0.01382
31.0,87.5,1893.83081,-0.12301
32.0,87.5,1907.957,-0.04567
33.0,87.5,1910.1906,-0.19877
34.0,87.5,1905.5748,0.12715
35.0,87.5,1915.08092,-0.16709
36.0,87.5,1904.38747,-0.13251
37.0,87.5,1899.5239,-0.06088
38.0,87.5,1917.68181,-0.01826
39.0,87.5,1932.11012,0.00191
40.0,87.5,1937.96703,0.00643
41.0,87.5,1934.13192,-0.00335
42.0,87.5,1924.32155,0.01562
43.0,87.5,1911.66838,0.02293
44.0,87.5,1917.21872,0.00338
45.0,87.5,1929.32654,0.01337
46.0,87.5,1925.69475,0.0213
47.0,87.5,1915.25444,0.02412
48.0,87.5,1913.08331,0.01135
49.0,87.5,1855.1449,0.50125
50.0,87.5,1868.01706,0.2095
51.0,87.5,1848.32335,-0.19441
52.0,87.5,1880.44879,0.0189
53.0,87.5,1882.21864,0.01968
54.0,87.5,1898.21464,0.02344
55.0,87.5,1877.2007,0.01355
56.0,87.5,1887.60697,0.02496
57.0,87.5,1879.83533,0.03214
58.0,87.5,1883.66154,0.03479
59.0,87.5,1887.75504,0.03408
60.0,87.5,1884.42785,0.0416
61.0,87.5,1880.14715,0.0351
62.0,87.5,1877.64413,0.05543
63.0,87.5,1883.03983,0.05011
64.0,87.5,1882.38075,0.05411
65.0,87.5,1884.83465,0.02936
66.0,87.5,1881.05948,0.03649
67.0,87.5,1879.71291,0.04762
68.0,87.5,1876.26527,0.03389
69.0,87.5,1889.86561,0.02619
70.0,87.5,1885.18581,0.02613
71.0,87.5,1891.04493,0.0321
72.0,87.5,1891.33376,0.02396
73.0,87.5,1890.37122,0.01636
74.0,87.5,1883.1733,0.04368
75.0,87.5,1879.45709,0.03617
76.0,87.5,1869.70952,0.02506
-11.0,88.5,1857.8802,-0.15342
-10.0,88.5,1870.40625,-0.21428
-9.0,88.5,1886.47161,0.23755
-8.0,88.5,1890.819,0.37401
-7.0,88.5,1885.18897,0.15505
-6.0,88.5,1898.19965,0.59215
-5.0,88.5,1896.29263,0.88959
-4.0,88.5,1902.32019,-3.35484
-3.0,88.5,1879.67892,0.10577
-2.0,88.5,1899.7371,0.77509
-1.0,88.5,1889.29667,2.71817
0.0,88.5,1901.18739,-0.38844
1.0,88.5,1902.43959,0.61741
2.0,88.5,1902.41856,-0.78562
3.0,88.5,1909.64746,1.43557
4.0,88.5,1908.7534,-1.81495
5.0,88.5,1909.13334,-0.01775
6.0,88.5,1900.24947,-0.16788
7.0,88.5,1896.64949,0.00454
8.0,88.5,1897.10276,0.47466
9.0,88.5,1925.68704,-0.10335
10.0,88.5,1921.86213,-0.86639
11.0,88.5,1918.92442,-0.21959
12.0,88.5,1926.79913,-0.51003
13.0,88.5,1923.23077,0.12964
14.0,88.5,1920.67278,-0.14857
15.0,88.5,1925.16839,-0.0542
16.0,88.5,1933.79919,-0.1128
17.0,88.5,1934.9076,0.01259
18.0,88.5,1933.59634,-0.2047
19.0,88.5,1924.48017,0.10792
20.0,88.5,1921.9298,-0.12263
21.0,88.5,1926.63711,0.13412
22.0,88.5,1935.00841,-0.09075
23.0,88.5,1953.32098,-0.07742
24.0,88.5,1952.8753,-0.06421
25.0,88.5,1953.5591,-0.02925
26.0,88.5,1950.46665,0.00129
27.0,88.5,1937.90014,-0.01238
28.0,88.5,1902.86639,-0.13172
29.0,88.5,1903.69823,-0.16258
30.0,88.5,1870.113,0.64524
31.0,88.5,1883.28977,-1.30852
32.0,88.5,1905.87537,-0.43021
33.0,88.5,1904.14739,0.56628
34.0,88.5,1902.59916,0.16912
35.0,88.5,1901.08535,-0.08982
36.0,88.5,1894.81188,0.79225
37.0,88.5,1899.81774,-0.1013
38.0,88.5,1912.63327,0.02666
39.0,88.5,1923.43604,-0.00697
40.0,88.5,1937.94563,0.00197
41.0,88.5,1931.57808,0.00798
42.0,88.5,1927.5878,0.00419
43.0,88.5,1928.57612,0.04347
44.0,88.5,1921.19551,0.00163
45.0,88.5,1926.98489,0.01108
46.0,88.5,1920.73426,0.01835
47.0,88.5,1919.85801,0.02263
48.0,88.5,1907.6604,-0.10802
49.0,88.5,1880.59871,0.18436
50.0,88.5,1889.36846,-0.00134
51.0,88.5,1869.01553,-0.34288
52.0,88.5,1876.48181,0.22085
53.0,88.5,1873.82199,0.03214
54.0,88.5,1879.22872,0.01663
55.0,88.5,1878.75147,0.08222
56.0,88.5,1888.14169,0.02679
57.0,88.5,1877.11764,0.02618
58.0,88.5,1880.73535,0.03468
59.0,88.5,1885.91071,0.0326
60.0,88.5,1886.83014,0.02776
61.0,88.5,1881.26167,0.03373
62.0,88.5,1875.6458,0.0402
63.0,88.5,1879.20369,0.05161
64.0,88.5,1880.22155,0.04869
65.0,88.5,1879.32057,0.04698
66.0,88.5,1877.99865,0.0293
67.0,88.5,1878.7854,0.04186
68.0,88.5,1879.25474,0.04282
69.0,88.5,1884.92635,0.0436
70.0,88.5,1885.88642,0.03359
71.0,88.5,1889.94521,0.03444
72.0,88.5,1887.72698,0.03445
73.0,88.5,1888.2265,0.02373
74.0,88.5,1886.28034,0.03258
75.0,88.5,1883.18837,0.04379
76.0,88.5,1871.79588,0.07276
77.0,88.5,1871.07753,0.70328
-11.0,89.5,1860.85206,-1.37806
-10.0,89.5,1860.81155,0.89325
-9.0,89.5,1893.70029,0.44452
-8.0,89.5,1892.48943,0.10733
-7.0,89.5,1872.67808,0.13317
-6.0,89.5,1874.60492,-1.00497
-5.0,89.5,1897.30347,-1.89989
-4.0,89.5,1862.81663,-0.78064
-3.0,89.5,1873.5705,0.56271
-2.0,89.5,1866.60268,-1.39658
-1.0,89.5,1897.02777,-0.06162
0.0,89.5,1908.57843,0.09695
1.0,89.5,1913.63521,0.89811
2.0,89.5,1909.18594,0.02547
3.0,89.5,1917.44853,0.11718
4.0,89.5,1911.8111,0.00037
5.0,89.5,1902.30156,0.28468
6.0,89.5,1905.21591,-0.54303
7.0,89.5,1897.11336,-0.178
8.0,89.5,1894.93405,0.14723
9.0,89.5,1923.03583,0.02993
10.0,89.5,1909.03861,0.23929
11.0,89.5,1920.50002,-0.15994
12.0,89.5,1915.19049,0.08596
13.0,89.5,1913.83336,-0.27262
14.0,89.5,1934.89446,-1.82796
15.0,89.5,1928.97464,-0.11661
16.0,89.5,1935.81361,-0.24837
17.0,89.5,1930.99026,-0.23547
18.0,89.5,1930.46788,-0.55402
19.0,89.5,1925.23771,-0.04598
20.0,89.5,1925.94478,-1.32311
21.0,89.5,1924.40038,0.35662
22.0,89.5,1919.39438,-0.05161
23.0,89.5,1948.02239,-0.09776
24.0,89.5,1954.44406,-0.06827
25.0,89.5,1955.97585,0.00566
26.0,89.5,1947.70785,0.02896
27.0,89.5,1932.30772,0.04131
28.0,89.5,1912.69994,-1.14225
29.0,89.5,1895.80925,0.10494
30.0,89.5,1871.60592,-0.25115
31.0,89.5,1897.23757,-0.17958
32.0,89.5,1911.0166,-0.0218
33.0,89.5,1905.40405,-0.16754
34.0,89.5,1900.82719,0.46228
35.0,89.5,1902.40409,-0.04575
36.0,89.5,1898.05879,-0.26029
37.0,89.5,1899.57257,-0.0741
38.0,89.5,1901.92635,0.0021
39.0,89.5,1919.13361,0.0151
40.0,89.5,1935.41305,0.00925
41.0,89.5,1927.48157,0.00875
42.0,89.5,1926.53983,0.01102
43.0,89.5,1934.19104,-0.00199
44.0,89.5,1914.46322,0.00215
45.0,89.5,1917.65899,0.01134
46.0,89.5,1912.14358,0.01877
47.0,89.5,1908.9544,0.01526
48.0,89.5,1885.18518,0.10558
49.0,89.5,1891.89456,-0.50944
50.0,89.5,1874.38141,-0.39628
51.0,89.5,1863.23188,-0.89256
52.0,89.5,1899.85142,-0.4213
53.0,89.5,1881.90508,-0.11327
54.0,89.5,1882.80279,0.00713
55.0,89.5,1892.83281,0.02871
56.0,89.5,1892.5325,0.03014
57.0,89.5,1877.87391,0.02413
58.0,89.5,1879.77405,0.03401
59.0,89.5,1885.38265,0.02181
60.0,89.5,1883.24168,0.02163
61.0,89.5,1880.62325,0.03378
62.0,89.5,1872.54264,0.04528
63.0,89.5,1877.25286,0.04926
64.0,89.5,1880.18439,0.04563
65.0,89.5,1883.19453,0.04612
66.0,89.5,1880.62991,0.04005
67.0,89.5,1880.15892,0.05244
68.0,89.5,1876.48175,0.05351
69.0,89.5,1868.90159,0.05532
70.0,89.5,1882.29765,0.06471
71.0,89.5,1886.75144,0.03766
72.0,89.5,1888.79431,0.02641
73.0,89.5,1887.31844,0.02144
74.0,89.5,1888.00389,0.02626
75.0,89.5,1884.69681,0.03748
76.0,89.5,1869.89945,-0.03323
77.0,89.5,1873.44461,0.06502
-11.0,90.5,1872.02595,1.92614
-10.0,90.5,1896.01464,0.88489
-9.0,90.5,1878.02724,-4.0
-8.0,90.5,1891.06033,0.56807
-7.0,90.5,1883.48583,2.13182
-6.0,90.5,1877.26384,0.73858
-5.0,90.5,1885.72809,-218.29082
-4.0,90.5,1894.40762,-0.62012
-3.0,90.5,1879.75838,-0.82109
-2.0,90.5,1907.9387,1.26098
-1.0,90.5,1895.58954,-0.46132
0.0,90.5,1901.96856,0.15897
1.0,90.5,1928.07688,0.13087
2.0,90.5,1904.47303,0.48849
3.0,90.5,1926.93564,-0.05278
4.0,90.5,1907.59595,0.08406
5.0,90.5,1897.81587,-0.54257
6.0,90.5,1899.48578,0.17171
7.0,90.5,1898.43014,0.04003
8.0,90.5,1908.70955,-0.44735
9.0,90.5,1935.25537,5.37971
10.0,90.5,1915.55246,-0.36823
11.0,90.5,1929.49551,-0.47401
12.0,90.5,1933.6914,-0.47733
13.0,90.5,1918.96098,0.57496
14.0,90.5,1932.54222,-0.89214
15.0,90.5,1926.64353,-0.14786
16.0,90.5,1929.21393,-0.2758
17.0,90.5,1927.75333,0.20376
18.0,90.5,1931.94393,-0.41724
19.0,90.5,1929.56312,-0.08547
20.0,90.5,1926.13179,0.07029
21.0,90.5,1928.66228,0.08459
22.0,90.5,1935.16022,-0.06155
23.0,90.5,1962.34689,-0.0903
24.0,90.5,1965.60495,-0.02901
25.0,90.5,1947.03231,0.03449
26.0,90.5,1934.21392,0.02674
27.0,90.5,1929.86531,0.01736
28.0,90.5,1895.76802,2.5682
29.0,90.5,1867.88602,-0.87595
30.0,90.5,1898.33484,-0.53801
31.0,90.5,1899.97236,-0.23137
32.0,90.5,1915.46539,-0.22054
33.0,90.5,1902.21473,-0.32521
34.0,90.5,1901.17214,-0.10266
35.0,90.5,1899.58449,-0.08712
36.0,90.5,1898.33801,-0.31427
37.0,90.5,1905.22943,-0.02088
38.0,90.5,1906.48211,-0.06165
39.0,90.5,1910.76692,0.07805
40.0,90.5,1927.31521,0.01027
41.0,90.5,1927.82076,0.01048
42.0,90.5,1923.58419,0.01241
43.0,90.5,1929.96545,0.00594
44.0,90.5,1916.18842,0.00476
45.0,90.5,1913.38559,0.01371
46.0,90.5,1905.1792,0.02171
47.0,90.5,1900.82975,0.00267
48.0,90.5,1889.71692,0.08147
49.0,90.5,1899.99329,-0.17364
50.0,90.5,1900.51889,-0.00389
51.0,90.5,1905.45168,0.02078
53.0,90.5,1902.37491,0.00035
54.0,90.5,1898.66647,0.02111
55.0,90.5,1898.21996,0.01836
56.0,90.5,1892.07223,0.02596
57.0,90.5,1880.65503,0.03218
58.0,90.5,1876.04123,0.03354
59.0,90.5,1884.51857,0.0246
60.0,90.5,1880.65383,0.03118
61.0,90.5,1870.34529,0.03184
62.0,90.5,1875.23537,0.0455
63.0,90.5,1878.77134,0.05321
64.0,90.5,1880.24213,0.04423
65.0,90.5,1883.8507,0.06037
66.0,90.5,1884.01547,0.04466
67.0,90.5,1882.09371,0.05071
68.0,90.5,1875.66719,0.06154
69.0,90.5,1842.57631,0.19245
70.0,90.5,1881.20746,0.14613
71.0,90.5,1889.12735,0.02902
72.0,90.5,1888.54836,0.03249
73.0,90.5,1887.02532,0.02333
74.0,90.5,1889.0437,0.02706
75.0,90.5,1884.99013,0.03695
76.0,90.5,1873.11335,-0.03464
77.0,90.5,1869.19957,-0.14798
-11.0,91.5,1877.51602,0.77279
-10.0,91.5,1881.66736,0.54768
-9.0,91.5,1879.82591,0.80201
-8.0,91.5,1824.92213,5.51188
-7.0,91.5,1880.92337,0.0
-6.0,91.5,1876.98026,0.00395
-5.0,91.5,1882.54304,-38.80627
-4.0,91.5,1907.55973,0.27569
-3.0,91.5,1900.8592,0.37318
-2.0,91.5,1889.07898,-134.64939
-1.0,91.5,1895.68336,356.57917
0.0,91.5,1903.80164,0.31265
1.0,91.5,1905.43852,-4.29198
2.0,91.5,1920.81617,-0.48208
3.0,91.5,1909.53602,-0.63654
4.0,91.5,1915.32954,0.0643
5.0,91.5,1893.99093,-3.58389
6.0,91.5,1884.52901,-156.70568
7.0,91.5,1896.32992,2.03875
8.0,91.5,1907.07366,-0.45746
9.0,91.5,1925.60625,-0.37094
10.0,91.5,1925.33251,-0.54394
11.0,91.5,1913.6944,-0.4705
12.0,91.5,1906.66338,-0.26914
13.0,91.5,1886.15136,0.14758
14.0,91.5,1909.56495,-1.75661
15.0,91.5,1915.88744,0.03842
16.0,91.5,1915.31823,0.03551
17.0,91.5,1929.50758,0.10365
18.0,91.5,1927.49362,-0.11418
19.0,91.5,1928.48966,-0.07277
20.0,91.5,1928.57207,0.11003
21.0,91.5,1923.36336,0.05486
22.0,91.5,1930.69163,-0.63036
23.0,91.5,1948.24509,0.05099
24.0,91.5,1948.46691,0.07527
25.0,91.5,1942.67807,0.05699
26.0,91.5,1932.63718,-0.01955
27.0,91.5,1937.21562,0.0202
29.0,91.5,1894.71912,0.11891
30.0,91.5,1906.78236,-0.87421
31.0,91.5,1899.99549,-0.2739
32.0,91.5,1904.12364,-0.56241
33.0,91.5,1907.72268,-0.12034
34.0,91.5,1897.25363,-0.42454
35.0,91.5,1903.40216,-0.28999
36.0,91.5,1899.55284,-0.74118
37.0,91.5,1909.16368,-0.04456
38.0,91.5,1910.6097,-0.01545
39.0,91.5,1914.3063,0.08323
40.0,91.5,1926.93803,0.01039
41.0,91.5,1926.67422,0.01151
42.0,91.5,1923.96021,0.00738
43.0,91.5,1926.54212,0.00888
44.0,91.5,1908.4174,0.0194
45.0,91.5,1910.16006,0.01903
46.0,91.5,1911.13528,0.0228
47.0,91.5,1894.58651,-2.98812
48.0,91.5,1906.2108,0.04268
49.0,91.5,1905.1999,0.03742
50.0,91.5,1896.37801,0.08265
51.0,91.5,1898.34419,0.08441
52.0,91.5,1904.59946,-0.55029
53.0,91.5,1901.19244,0.03663
54.0,91.5,1897.96928,0.02545
55.0,91.5,1889.06701,0.0312
56.0,91.5,1878.72851,0.023
57.0,91.5,1874.41897,0.02047
58.0,91.5,1875.68649,0.02542
59.0,91.5,1879.27824,0.02524
60.0,91.5,1874.02939,0.0209
61.0,91.5,1876.86552,0.03437
62.0,91.5,1872.9398,0.04322
63.0,91.5,1881.59962,0.03886
64.0,91.5,1880.61823,0.04623
65.0,91.5,1881.55453,0.05387
66.0,91.5,1880.96652,0.0534
67.0,91.5,1880.7263,0.11137
68.0,91.5,1873.09342,-0.43646
69.0,91.5,1829.75592,0.19324
70.0,91.5,1881.04948,0.04423
71.0,91.5,1885.63048,0.03597
72.0,91.5,1888.92949,0.03926
73.0,91.5,1887.92096,0.03229
74.0,91.5,1888.92386,0.03325
75.0,91.5,1885.02327,0.03467
76.0,91.5,1871.06518,0.04806
77.0,91.5,1871.27626,1.51532
78.0,91.5,1869.37178,0.43485
-11.0,92.5,1865.96059,-0.20676
-10.0,92.5,1873.33722,1.54784
-9.0,92.5,1873.30456,-0.08898
-8.0,92.5,1866.2927,-1.92669
-7.0,92.5,1872.78824,-0.04085
-6.0,92.5,1874.96131,-0.93212
-5.0,92.5,1886.90983,-0.77513
-4.0,92.5,1883.16075,-0.13426
-3.0,92.5,1906.70553,-1.22313
-2.0,92.5,1885.70343,302.2825
-1.0,92.5,1882.75152,-0.00029
0.0,92.5,1893.54162,-1.20934
1.0,92.5,1894.51983,212.12903
2.0,92.5,1893.47657,1.93037
3.0,92.5,1896.46934,-0.39953
4.0,92.5,1933.47677,-0.09657
5.0,92.5,1911.62094,2.36306
6.0,92.5,1913.27073,1.27966
7.0,92.5,1906.69751,-3.1564
8.0,92.5,1920.05685,0.09667
9.0,92.5,1910.56622,-0.01391
10.0,92.5,1912.95551,0.23018
11.0,92.5,1901.32376,-0.22982
12.0,92.5,1880.79714,0.2392
13.0,92.5,1905.8099,0.05712
14.0,92.5,1913.87874,0.28506
15.0,92.5,1923.96091,0.96449
16.0,92.5,1932.24558,0.51654
17.0,92.5,1933.05187,0.01005
18.0,92.5,1934.13064,-0.09964
19.0,92.5,1933.43508,0.06069
20.0,92.5,1920.55883,0.06965
21.0,92.5,1922.2822,0.06736
22.0,92.5,1925.67333,0.00068
23.0,92.5,1915.25732,0.07811
24.0,92.5,1921.14633,0.07295
25.0,92.5,1933.785,0.01665
26.0,92.5,1930.0473,-0.03937
27.0,92.5,1942.54949,0.02068
28.0,92.5,1879.82505,-0.5702
29.0,92.5,1904.0105,-0.51859
31.0,92.5,1885.06215,-0.98279
32.0,92.5,1897.42818,-0.3181
33.0,92.5,1895.08625,-0.17047
34.0,92.5,1905.14495,-0.04304
35.0,92.5,1902.72565,-0.02755
36.0,92.5,1894.11131,-0.39451
37.0,92.5,1908.50119,-0.0725
38.0,92.5,1913.59346,0.00144
39.0,92.5,1912.72861,0.0024
40.0,92.5,1926.30962,0.01524
41.0,92.5,1921.82292,0.02203
42.0,92.5,1923.7801,0.01537
43.0,92.5,1927.59183,0.01163
44.0,92.5,1905.45071,0.01939
45.0,92.5,1908.69517,0.01847
46.0,92.5,1909.34846,0.01971
47.0,92.5,1899.29354,0.033
48.0,92.5,1899.28243,0.0139
49.0,92.5,1908.61871,0.01078
50.0,92.5,1890.38784,0.1163
51.0,92.5,1901.06001,0.0282
52.0,92.5,1895.84873,-0.13701
53.0,92.5,1888.01135,0.02528
54.0,92.5,1892.72295,0.02408
55.0,92.5,1870.60722,0.04327
56.0,92.5,1882.37158,0.04406
57.0,92.5,1878.72933,0.02892
58.0,92.5,1876.16873,0.01471
59.0,92.5,1873.53627,0.00424
60.0,92.5,1873.89869,0.00317
61.0,92.5,1874.80159,0.02539
62.0,92.5,1877.04262,0.02655
63.0,92.5,1881.63628,0.03698
64.0,92.5,1881.88189,0.05268
65.0,92.5,1882.05807,0.05281
66.0,92.5,1879.0412,0.05948
67.0,92.5,1881.66862,0.07863
68.0,92.5,1883.96871,0.0505
69.0,92.5,1867.70055,-3.59537
70.0,92.5,1874.57999,0.06353
71.0,92.5,1882.92796,0.03731
72.0,92.5,1887.21723,0.03477
73.0,92.5,1888.94271,0.03382
74.0,92.5,1892.85779,0.04271
75.0,92.5,1884.06052,0.02996
76.0,92.5,1872.16027,0.05356
78.0,92.5,1870.54492,0.44976
-11.0,93.5,1873.71856,-0.55138
-10.0,93.5,1873.73333,0.04241
-9.0,93.5,1871.71715,2.05644
-8.0,93.5,1892.39174,0.17182
-7.0,93.5,1877.70811,0.51695
-6.0,93.5,1888.1377,-6.25592
-5.0,93.5,1907.68827,3.04762
-4.0,93.5,1908.97321,0.0
-3.0,93.5,1878.44877,-1.16239
-2.0,93.5,1901.07745,-0.14496
-1.0,93.5,1882.22212,-0.9669
0.0,93.5,1881.27582,0.19963
1.0,93.5,1894.66457,1.57691
2.0,93.5,1871.75425,1.46284
3.0,93.5,1900.10263,0.21266
4.0,93.5,1921.60781,0.26694
5.0,93.5,1923.30735,-0.03319
6.0,93.5,1931.21609,-0.19934
7.0,93.5,1887.68874,-1.05807
8.0,93.5,1902.09158,-0.03231
9.0,93.5,1914.27169,0.47333
10.0,93.5,1910.95757,0.33412
11.0,93.5,1907.2827,-0.62285
12.0,93.5,1904.05669,0.08758
13.0,93.5,1917.94977,-0.27077
14.0,93.5,1931.61727,-0.49697
15.0,93.5,1934.81669,-0.4452
16.0,93.5,1924.43153,0.05913
17.0,93.5,1927.65344,-0.1918
18.0,93.5,1934.25667,-0.0524
19.0,93.5,1911.8584,-0.0116
20.0,93.5,1910.50345,0.0347
21.0,93.5,1924.82338,0.00458
22.0,93.5,1918.50383,0.07439
23.0,93.5,1924.36613,0.08265
24.0,93.5,1928.21374,-0.02865
25.0,93.5,1923.27706,0.01766
26.0,93.5,1928.30848,0.01378
27.0,93.5,1940.19259,0.01328
31.0,93.5,1869.65283,0.02707
32.0,93.5,1897.04908,-0.12329
33.0,93.5,1904.70441,-0.15162
34.0,93.5,1904.0258,-0.07168
35.0,93.5,1905.28105,0.03914
36.0,93.5,1910.10159,-1.10686
37.0,93.5,1911.00247,0.00134
38.0,93.5,1915.97216,0.00496
39.0,93.5,1910.31506,0.03091
40.0,93.5,1920.64497,0.02261
41.0,93.5,1920.25963,0.02033
42.0,93.5,1924.71795,0.01729
43.0,93.5,1920.8274,-0.00116
44.0,93.5,1904.14331,0.01586
45.0,93.5,1909.11871,0.02053
46.0,93.5,1898.96778,-0.09491
47.0,93.5,1899.02937,-0.11967
48.0,93.5,1909.38637,0.01555
49.0,93.5,1904.83735,0.01503
50.0,93.5,1908.41245,0.01796
51.0,93.5,1894.68627,-0.01144
52.0,93.5,1894.68238,0.01818
53.0,93.5,1878.94327,0.01654
54.0,93.5,1875.00243,0.04061
55.0,93.5,1874.03897,0.03923
56.0,93.5,1883.75063,0.03595
57.0,93.5,1879.5894,0.02403
58.0,93.5,1871.98808,0.02151
59.0,93.5,1872.91186,0.00016
60.0,93.5,1876.85899,0.01015
61.0,93.5,1877.3544,0.02709
62.0,93.5,1879.09528,0.02642
63.0,93.5,1883.33201,0.04327
64.0,93.5,1881.107,0.0575
65.0,93.5,1880.94377,0.05211
66.0,93.5,1879.3715,0.05921
67.0,93.5,1880.90713,0.42884
68.0,93.5,1884.68388,-0.6663
69.0,93.5,1869.6848,0.43335
70.0,93.5,1879.4148,0.14526
71.0,93.5,1880.49699,0.03933
72.0,93.5,1885.91084,0.03895
73.0,93.5,1888.04248,0.03257
74.0,93.5,1891.77971,0.04204
75.0,93.5,1886.03191,0.02615
76.0,93.5,1877.97466,0.04576
77.0,93.5,1873.55078,-4.89565
78.0,93.5,1865.07936,0.03914
-11.0,94.5,1870.37471,-0.11709
-10.0,94.5,1877.37345,-0.35015
-9.0,94.5,1883.19708,-0.06193
-8.0,94.5,1880.53009,-0.26849
-7.0,94.5,1885.01991,-1.40493
-5.0,94.5,1887.93516,196.92308
-4.0,94.5,1919.39632,-0.0
-3.0,94.5,1894.90505,0.62501
-2.0,94.5,1896.30147,-1.49033
-1.0,94.5,1875.21917,-1.0859
0.0,94.5,1890.65232,-0.02108
1.0,94.5,1890.24909,-0.13051
2.0,94.5,1903.37754,-12.70078
3.0,94.5,1906.26497,-9.19517
4.0,94.5,1911.967,-0.21527
5.0,94.5,1939.62245,-0.07164
6.0,94.5,1931.05368,0.1871
7.0,94.5,1899.90159,-0.47533
8.0,94.5,1908.30109,0.14314
9.0,94.5,1917.18415,-0.35643
10.0,94.5,1925.97602,-0.54443
11.0,94.5,1925.87434,-0.71829
12.0,94.5,1937.3055,-0.04843
13.0,94.5,1934.25378,-0.03206
14.0,94.5,1920.34798,-0.00795
15.0,94.5,1915.42248,-0.21756
16.0,94.5,1912.61157,0.01062
17.0,94.5,1913.23254,-0.05806
18.0,94.5,1912.35721,-0.04287
19.0,94.5,1918.82419,-0.01484
20.0,94.5,1927.40386,-0.00047
21.0,94.5,1931.7349,0.03768
22.0,94.5,1925.69614,0.05551
23.0,94.5,1921.16247,0.06779
24.0,94.5,1914.35162,0.09359
25.0,94.5,1921.7423,-0.01469
26.0,94.5,1922.88822,0.21717
27.0,94.5,1941.6529,0.02442
28.0,94.5,1931.89844,-0.01159
32.0,94.5,1880.90929,4.0
33.0,94.5,1900.56329,-0.28491
34.0,94.5,1895.48714,-0.05635
35.0,94.5,1899.3778,0.04472
36.0,94.5,1907.83767,0.05949
37.0,94.5,1918.58469,0.09263
38.0,94.5,1913.88849,-0.01416
39.0,94.5,1906.71585,0.01904
40.0,94.5,1915.03558,0.02106
41.0,94.5,1916.94001,0.01801
42.0,94.5,1919.27608,0.01659
43.0,94.5,1910.0008,-0.01052
44.0,94.5,1919.68359,0.01153
45.0,94.5,1912.67314,0.02161
46.0,94.5,1902.99221,0.00051
47.0,94.5,1907.56483,0.02736
48.0,94.5,1908.23697,0.01166
49.0,94.5,1901.38477,-0.05946
50.0,94.5,1903.77214,0.01352
51.0,94.5,1899.77872,0.01168
52.0,94.5,1901.15647,0.03976
53.0,94.5,1871.90118,0.0478
54.0,94.5,1868.06823,0.00945
55.0,94.5,1882.4379,0.06793
56.0,94.5,1885.30366,0.03472
57.0,94.5,1878.04005,0.02395
58.0,94.5,1871.32787,0.02087
59.0,94.5,1876.67564,0.00588
60.0,94.5,1879.87644,0.02154
61.0,94.5,1876.36628,0.02161
62.0,94.5,1881.77802,0.0222
63.0,94.5,1884.50485,0.03934
64.0,94.5,1879.99671,0.04629
65.0,94.5,1881.83307,0.05381
66.0,94.5,1883.06622,0.06078
67.0,94.5,1882.0196,0.18948
68.0,94.5,1881.06075,0.12834
69.0,94.5,1861.48002,2.32555
70.0,94.5,1882.4305,-1.23931
71.0,94.5,1877.10259,0.03401
72.0,94.5,1886.02138,0.0361
73.0,94.5,1887.95334,0.02925
74.0,94.5,1890.1259,0.03431
75.0,94.5,1887.50219,0.02614
76.0,94.5,1877.01228,-0.02626
77.0,94.5,1866.75816,0.04486
78.0,94.5,1843.72588,-0.78499
-11.0,95.5,1865.1922,-1.48396
-10.0,95.5,1872.7706,2.00188
-9.0,95.5,1875.7553,-2.21424
-8.0,95.5,1885.135,0.0676
-7.0,95.5,1863.50456,0.14531
-6.0,95.5,1846.6255,2.8775
-5.0,95.5,1867.32022,-20.01136
-4.0,95.5,1879.34281,-0.01233
-3.0,95.5,1887.88593,-1.05084
-2.0,95.5,1908.19296,2.35236
-1.0,95.5,1907.73522,1.18519
0.0,95.5,1911.96286,-1.62333
1.0,95.5,1902.22681,1.08844
2.0,95.5,1909.84215,-0.14751
3.0,95.5,1890.18612,-0.21469
4.0,95.5,1905.6753,-0.05513
5.0,95.5,1913.01004,-0.04272
6.0,95.5,1897.93942,-0.06203
7.0,95.5,1913.08556,-0.16822
8.0,95.5,1906.8627,0.19237
9.0,95.5,1916.15137,0.20661
10.0,95.5,1919.26884,-0.39697
11.0,95.5,1926.80963,0.11138
12.0,95.5,1936.82738,-0.25176
13.0,95.5,1929.04742,-1.02834
14.0,95.5,1919.51184,-0.30206
15.0,95.5,1926.62463,0.32144
16.0,95.5,1922.1144,0.07795
17.0,95.5,1935.19305,-0.03341
18.0,95.5,1939.9868,-0.05685
19.0,95.5,1929.81121,-0.02384
20.0,95.5,1937.30717,-0.02644
21.0,95.5,1940.34186,-0.01019
22.0,95.5,1939.00245,0.01249
23.0,95.5,1928.93287,0.05033
24.0,95.5,1918.78455,0.05228
25.0,95.5,1901.14105,-0.03411
26.0,95.5,1894.1567,-0.10381
27.0,95.5,1937.04334,0.03148
28.0,95.5,1924.53242,0.04633
32.0,95.5,1891.1515,-2.99245
33.0,95.5,1894.57233,0.4288
34.0,95.5,1893.79169,-0.06289
35.0,95.5,1891.79507,0.06949
36.0,95.5,1908.76582,-0.18813
37.0,95.5,1914.3726,0.01074
38.0,95.5,1907.17135,0.15919
39.0,95.5,1906.95582,-0.13425
40.0,95.5,1916.72814,0.01759
41.0,95.5,1917.92687,0.02133
42.0,95.5,1914.54037,0.01344
43.0,95.5,1913.57048,0.01139
44.0,95.5,1918.49401,0.01357
45.0,95.5,1905.35166,0.06465
46.0,95.5,1908.73077,0.0213
47.0,95.5,1905.71888,0.04571
48.0,95.5,1902.21942,0.01999
49.0,95.5,1896.56244,0.0234
50.0,95.5,1898.3595,0.01075
51.0,95.5,1883.07974,0.10592
52.0,95.5,1879.5531,0.02818
53.0,95.5,1875.57006,0.02768
55.0,95.5,1877.78223,0.03674
56.0,95.5,1892.73211,0.03754
57.0,95.5,1882.62598,0.01953
58.0,95.5,1870.66369,0.01335
59.0,95.5,1877.78068,0.02222
60.0,95.5,1879.02482,0.02201
61.0,95.5,1875.34063,0.01859
62.0,95.5,1882.61463,0.03144
63.0,95.5,1882.78873,0.02937
64.0,95.5,1879.41778,0.02848
65.0,95.5,1883.78597,0.04931
66.0,95.5,1883.35142,-14.80423
67.0,95.5,1878.30372,0.13173
68.0,95.5,1876.24144,0.11271
69.0,95.5,1861.95617,0.23728
70.0,95.5,1882.22105,0.06137
71.0,95.5,1877.17044,0.03601
72.0,95.5,1882.67007,0.0335
73.0,95.5,1886.63368,0.02292
74.0,95.5,1888.31969,0.03574
75.0,95.5,1886.97556,0.02553
76.0,95.5,1876.37517,0.02558
77.0,95.5,1866.31769,-0.08999
-11.0,96.5,1855.34253,0.03994
-10.0,96.5,1866.3957,0.35689
-9.0,96.5,1888.75362,-1.64095
-8.0,96.5,1862.72483,-1.03028
-7.0,96.5,1869.81088,-0.02621
-6.0,96.5,1854.41594,-2.01908
-5.0,96.5,1878.90513,0.06645
-4.0,96.5,1886.93162,0.30992
-3.0,96.5,1887.04617,1.25251
-2.0,96.5,1904.61659,2.1589
-1.0,96.5,1922.93588,-3.84
0.0,96.5,1882.98416,2.40752
1.0,96.5,1901.1317,-0.09963
2.0,96.5,1905.60793,-71.16633
3.0,96.5,1901.99432,5.27049
4.0,96.5,1898.33804,0.08295
5.0,96.5,1904.50108,-0.07375
6.0,96.5,1896.54466,-0.06684
7.0,96.5,1920.76667,0.35222
8.0,96.5,1915.47492,1.13933
9.0,96.5,1917.05475,0.47413
10.0,96.5,1923.22055,0.02628
11.0,96.5,1913.31442,0.18743
12.0,96.5,1918.39699,0.01148
13.0,96.5,1917.96381,0.68465
14.0,96.5,1918.9859,-0.28477
15.0,96.5,1924.73347,-0.66059
16.0,96.5,1927.77687,0.40375
17.0,96.5,1930.68608,0.00034
18.0,96.5,1924.90467,0.00037
19.0,96.5,1924.27197,-0.3255
20.0,96.5,1931.53705,-0.07557
21.0,96.5,1929.31075,-0.08806
22.0,96.5,1930.57909,-0.07748
23.0,96.5,1914.70709,0.03013
24.0,96.5,1919.09174,0.0564
25.0,96.5,1908.17838,-0.01745
26.0,96.5,1902.84875,0.02227
27.0,96.5,1897.89163,0.02879
28.0,96.5,1905.26051,-0.01824
32.0,96.5,1903.73831,-16.0
33.0,96.5,1897.26729,0.41727
34.0,96.5,1893.07119,-0.13025
35.0,96.5,1893.74837,-0.02117
36.0,96.5,1911.86904,-0.06385
37.0,96.5,1920.3361,-0.00089
38.0,96.5,1906.522,-0.01907
39.0,96.5,1902.34415,-0.01117
40.0,96.5,1907.72211,-0.00957
41.0,96.5,1916.79993,0.02609
42.0,96.5,1914.26959,0.0197
43.0,96.5,1913.97089,0.01369
44.0,96.5,1914.47076,0.00825
45.0,96.5,1910.7002,0.01445
46.0,96.5,1899.24907,0.02181
47.0,96.5,1903.33907,0.02176
48.0,96.5,1889.519,0.06174
49.0,96.5,1887.19657,0.01529
50.0,96.5,1896.28258,0.02194
51.0,96.5,1867.38943,-0.00408
52.0,96.5,1871.50768,-0.06924
53.0,96.5,1874.22164,-0.07089
54.0,96.5,1878.55842,-0.04336
55.0,96.5,1868.08886,0.0453
56.0,96.5,1878.58144,0.0341
57.0,96.5,1875.96786,0.03337
58.0,96.5,1870.36205,0.03616
59.0,96.5,1877.43481,0.02094
60.0,96.5,1872.08075,0.01936
61.0,96.5,1877.60555,0.01868
62.0,96.5,1882.60769,0.02203
63.0,96.5,1883.30859,0.02737
64.0,96.5,1881.15319,0.06326
65.0,96.5,1883.75427,0.03305
66.0,96.5,1880.2219,0.0836
67.0,96.5,1876.74329,0.09314
68.0,96.5,1874.63796,0.64432
69.0,96.5,1863.42981,0.08633
70.0,96.5,1873.79003,-0.06213
71.0,96.5,1877.8318,0.03261
72.0,96.5,1882.07499,0.03431
73.0,96.5,1886.67338,0.02057
74.0,96.5,1886.69806,0.03256
75.0,96.5,1886.92127,0.03323
76.0,96.5,1869.59844,0.03708
77.0,96.5,1864.45517,0.1217
-11.0,97.5,1871.41491,0.04863
-10.0,97.5,1868.80799,-0.01139
-9.0,97.5,1868.59525,0.07705
-8.0,97.5,1881.94129,-0.87843
-7.0,97.5,1876.25026,2.50653
-6.0,97.5,1837.64399,0.0
-5.0,97.5,1858.17466,0.0
-4.0,97.5,1892.52209,-102.39775
-3.0,97.5,1898.88999,0.66756
-2.0,97.5,1896.19932,0.05157
-1.0,97.5,1900.1742,1.55863
0.0,97.5,1898.65797,-0.00326
1.0,97.5,1873.17582,0.28682
2.0,97.5,1890.07727,3.8103
3.0,97.5,1895.33881,0.00039
4.0,97.5,1865.48616,0.62072
5.0,97.5,1892.05062,0.11149
6.0,97.5,1912.16381,0.62826
7.0,97.5,1923.36368,0.42918
8.0,97.5,1932.04028,0.3759
9.0,97.5,1919.79124,-0.11651
10.0,97.5,1920.24242,0.10857
11.0,97.5,1909.63047,0.23852
12.0,97.5,1885.79152,-0.24599
13.0,97.5,1905.60325,0.93196
14.0,97.5,1903.85741,0.15488
15.0,97.5,1912.55101,0.08671
16.0,97.5,1912.20199,0.36334
17.0,97.5,1927.74086,0.00451
18.0,97.5,1913.08913,-0.09128
19.0,97.5,1914.15529,-0.15124
20.0,97.5,1924.59729,-0.09891
21.0,97.5,1919.70883,-0.11238
22.0,97.5,1913.09899,-0.07062
23.0,97.5,1910.82647,-0.02786
24.0,97.5,1919.05172,-0.03145
25.0,97.5,1908.07987,-0.02988
26.0,97.5,1894.31007,-0.14956
27.0,97.5,1896.88763,-0.0715
28.0,97.5,1907.74502,-0.23021
31.0,97.5,1915.61059,-8.0
33.0,97.5,1891.09093,-0.17062
34.0,97.5,1890.53711,-0.12894
35.0,97.5,1895.45718,0.04113
36.0,97.5,1913.46667,-0.11806
37.0,97.5,1916.42418,-0.02576
38.0,97.5,1895.48695,0.13837
39.0,97.5,1906.83556,0.73912
40.0,97.5,1917.99408,0.02365
41.0,97.5,1922.43512,0.02435
42.0,97.5,1919.07012,0.01824
43.0,97.5,1916.29114,0.0063
44.0,97.5,1915.61048,0.004
45.0,97.5,1905.40405,-0.0034
46.0,97.5,1900.96182,0.02119
47.0,97.5,1897.72249,-0.00763
48.0,97.5,1882.51267,0.15591
49.0,97.5,1884.11648,0.06958
50.0,97.5,1878.66188,0.15239
51.0,97.5,1870.24498,-0.0937
52.0,97.5,1866.47367,0.0266
53.0,97.5,1870.14777,0.02867
54.0,97.5,1876.36373,0.05506
55.0,97.5,1868.47026,0.01775
56.0,97.5,1876.28111,0.0355
57.0,97.5,1873.17348,0.03054
58.0,97.5,1873.02413,0.04109
59.0,97.5,1878.85362,0.02362
60.0,97.5,1876.93778,0.00967
61.0,97.5,1876.61627,0.01692
62.0,97.5,1884.5391,0.02734
63.0,97.5,1883.25023,0.0405
64.0,97.5,1885.4269,0.06581
65.0,97.5,1886.00438,0.34037
66.0,97.5,1881.47746,0.07114
67.0,97.5,1882.48723,0.07855
68.0,97.5,1875.17635,-0.06247
69.0,97.5,1862.31292,0.52893
70.0,97.5,1874.65849,0.17721
71.0,97.5,1878.33358,0.02511
72.0,97.5,1881.85087,0.02783
73.0,97.5,1886.77254,0.01683
74.0,97.5,1886.10847,-0.23624
75.0,97.5,1887.43793,0.02541
76.0,97.5,1872.40866,0.01535
77.0,97.5,1864.00385,0.0299
-11.0,98.5,1857.66251,0.14645
-10.0,98.5,1865.21359,-0.18887
-9.0,98.5,1884.15078,4.82716
-8.0,98.5,1899.73619,-1.4926
-7.0,98.5,1897.22479,-0.85158
-6.0,98.5,1896.85338,0.39683
-5.0,98.5,1908.05183,0.33733
-4.0,98.5,1912.10955,0.01613
-3.0,98.5,1910.78404,0.3768
-2.0,98.5,1894.22903,0.70603
-1.0,98.5,1867.486,-1.35216
0.0,98.5,1885.92,0.18154
1.0,98.5,1893.59126,-2.06447
2.0,98.5,1879.73638,-0.13705
3.0,98.5,1885.26887,0.51442
4.0,98.5,1889.00994,-0.39979
5.0,98.5,1915.26029,-0.11615
6.0,98.5,1926.33126,0.00744
7.0,98.5,1922.04244,0.112
8.0,98.5,1898.537,0.02336
9.0,98.5,1905.45445,0.11885
10.0,98.5,1883.654,-0.17826
11.0,98.5,1876.07931,0.16876
12.0,98.5,1866.00873,0.05374
13.0,98.5,1889.25612,0.29531
14.0,98.5,1910.31862,-0.15253
15.0,98.5,1914.93328,-0.19322
16.0,98.5,1921.67641,-0.05989
17.0,98.5,1928.42387,-0.02658
18.0,98.5,1923.75277,-0.06855
19.0,98.5,1920.37362,-0.06934
20.0,98.5,1912.15969,-0.81137
21.0,98.5,1913.72612,-0.01779
22.0,98.5,1918.7885,-0.06711
23.0,98.5,1916.87555,-0.04273
24.0,98.5,1913.92736,0.1312
25.0,98.5,1913.84134,-0.36343
26.0,98.5,1920.53041,0.0
30.0,98.5,1889.85563,-0.67927
33.0,98.5,1890.4739,0.0985
34.0,98.5,1891.22571,-0.36216
35.0,98.5,1901.03989,0.24427
36.0,98.5,1912.93748,-0.03546
37.0,98.5,1912.64684,0.01385
38.0,98.5,1899.76551,-0.00354
39.0,98.5,1895.13684,0.02648
40.0,98.5,1919.40128,0.01964
41.0,98.5,1922.75863,0.02325
42.0,98.5,1920.46021,0.017
43.0,98.5,1913.73786,0.01022
44.0,98.5,1915.62302,0.00129
45.0,98.5,1904.33554,0.02351
46.0,98.5,1905.15406,0.02074
47.0,98.5,1889.78992,0.01739
48.0,98.5,1878.52625,-0.05538
49.0,98.5,1883.87379,-0.01406
50.0,98.5,1883.04387,0.05679
51.0,98.5,1859.0631,-0.53623
52.0,98.5,1870.25441,0.58674
53.0,98.5,1868.09687,0.42913
54.0,98.5,1873.85019,0.04543
55.0,98.5,1873.52402,0.04175
56.0,98.5,1871.93988,0.0341
57.0,98.5,1866.8319,0.02807
58.0,98.5,1873.69423,0.03588
59.0,98.5,1876.51886,0.02785
60.0,98.5,1884.80666,0.0021
61.0,98.5,1886.27375,0.03406
62.0,98.5,1884.96779,0.03271
63.0,98.5,1886.36375,0.03159
64.0,98.5,1886.6393,0.04941
65.0,98.5,1884.8784,0.06145
66.0,98.5,1882.41748,-0.10659
67.0,98.5,1882.13519,0.08181
68.0,98.5,1870.46363,-0.07247
69.0,98.5,1864.44242,0.09298
70.0,98.5,1878.66732,0.05197
71.0,98.5,1876.63514,0.02823
72.0,98.5,1880.81351,0.02337
73.0,98.5,1887.82061,0.013
74.0,98.5,1886.06149,0.02052
75.0,98.5,1888.71698,0.01878
76.0,98.5,1877.35871,0.04615
77.0,98.5,1865.32886,-0.04051
78.0,98.5,1853.6054,0.08661
-11.0,99.5,1861.54556,-0.30377
-10.0,99.5,1856.66887,-0.71714
-9.0,99.5,1872.77381,-0.00197
-8.0,99.5,1870.48776,0.92329
-7.0,99.5,1874.35005,0.34106
-6.0,99.5,1894.7264,0.25126
-5.0,99.5,1913.15217,-0.40999
-4.0,99.5,1907.19671,-0.31666
-3.0,99.5,1904.28485,-0.35116
-2.0,99.5,1895.44196,-0.07633
-1.0,99.5,1901.88197,-0.02289
0.0,99.5,1885.58947,-0.00558
1.0,99.5,1883.44645,-0.06506
2.0,99.5,1882.5004,-0.20189
3.0,99.5,1885.66032,-0.1473
4.0,99.5,1912.41232,1.5159
5.0,99.5,1917.37727,4.7934
6.0,99.5,1903.31154,-0.00822
7.0,99.5,1891.63069,-0.41467
8.0,99.5,1899.12978,-0.31301
9.0,99.5,1896.2508,-0.14415
10.0,99.5,1887.81518,0.13898
11.0,99.5,1901.55119,-0.14186
12.0,99.5,1916.7161,-0.20425
13.0,99.5,1937.75031,-0.21345
14.0,99.5,1946.28515,-0.27022
15.0,99.5,1943.84569,-0.12515
16.0,99.5,1946.95129,-0.09636
17.0,99.5,1939.67928,-0.05165
18.0,99.5,1928.52869,0.07055
19.0,99.5,1926.88483,-0.05535
20.0,99.5,1926.9858,-0.11425
21.0,99.5,1916.60475,-0.05289
22.0,99.5,1918.54107,0.18527
23.0,99.5,1913.83494,-0.19402
24.0,99.5,1920.70819,-0.2413
25.0,99.5,1917.13712,-0.37143
26.0,99.5,1902.12269,0.21861
27.0,99.5,1921.05083,0.02592
28.0,99.5,1905.02309,-0.0735
29.0,99.5,1910.01777,-0.07902
30.0,99.5,1919.37861,1.99165
31.0,99.5,1888.90285,0.84689
33.0,99.5,1883.87554,1.34577
34.0,99.5,1890.84474,0.2005
35.0,99.5,1887.99639,0.54735
36.0,99.5,1904.60036,-0.11555
37.0,99.5,1889.80868,-0.00205
38.0,99.5,1884.70326,0.13114
39.0,99.5,1907.58335,0.03825
40.0,99.5,1923.69322,0.02684
41.0,99.5,1923.20472,0.029
42.0,99.5,1921.71051,0.01625
43.0,99.5,1917.60159,0.00895
44.0,99.5,1917.87713,0.00645
45.0,99.5,1906.4213,0.01775
46.0,99.5,1905.78207,0.02111
47.0,99.5,1888.77396,0.00832
48.0,99.5,1878.62178,0.17107
49.0,99.5,1889.478,-0.01011
50.0,99.5,1889.85908,-0.02752
51.0,99.5,1883.90846,-0.03837
52.0,99.5,1877.11038,-0.11034
53.0,99.5,1881.80993,0.4912
54.0,99.5,1876.52311,0.03325
55.0,99.5,1875.64011,0.02399
56.0,99.5,1870.80837,0.04372
57.0,99.5,1867.92608,0.0235
58.0,99.5,1873.23544,0.02901
59.0,99.5,1872.65301,0.0252
60.0,99.5,1881.98721,0.00786
61.0,99.5,1885.84904,0.02866
62.0,99.5,1882.46781,0.02445
63.0,99.5,1886.26401,0.02692
64.0,99.5,1887.89051,0.03895
65.0,99.5,1885.59243,0.0537
66.0,99.5,1880.8885,0.06509
67.0,99.5,1881.04075,0.00429
68.0,99.5,1875.38634,0.02239
69.0,99.5,1876.12094,0.05572
70.0,99.5,1884.22484,0.05011
71.0,99.5,1876.89797,0.02553
72.0,99.5,1879.67152,0.01928
73.0,99.5,1885.05297,0.02839
74.0,99.5,1883.95389,0.01613
75.0,99.5,1891.48994,0.02157
76.0,99.5,1875.50551,0.02681
77.0,99.5,1875.53877,-1.67038
78.0,99.5,1865.00821,-0.16522
-11.0,100.5,1858.23363,0.15931
-10.0,100.5,1873.24572,-1.84803
-9.0,100.5,1870.05078,-0.65954
-8.0,100.5,1867.37975,-8.4028
-7.0,100.5,1875.16683,5.88852
-6.0,100.5,1900.19786,0.00938
-5.0,100.5,1901.73282,-0.78017
-4.0,100.5,1898.23617,0.04045
-3.0,100.5,1887.69337,0.63664
-2.0,100.5,1895.63798,-0.17332
-1.0,100.5,1877.69718,-1.63649
0.0,100.5,1885.58246,1.76718
1.0,100.5,1885.53598,0.00283
2.0,100.5,1888.89452,-0.01798
3.0,100.5,1906.08064,-0.07674
4.0,100.5,1911.34736,0.67656
5.0,100.5,1902.09336,4.41829
6.0,100.5,1916.07116,-0.027
7.0,100.5,1911.31506,-0.13919
8.0,100.5,1892.92111,1.17141
9.0,100.5,1901.25518,0.40624
10.0,100.5,1891.40015,-0.0939
11.0,100.5,1901.27342,-0.10937
12.0,100.5,1916.15159,-0.66043
13.0,100.5,1898.17474,0.11595
14.0,100.5,1939.59731,-0.11398
15.0,100.5,1942.89795,-0.0933
16.0,100.5,1943.33293,-0.11766
17.0,100.5,1938.96624,-0.07406
18.0,100.5,1924.02751,0.02054
19.0,100.5,1927.0983,0.07075
20.0,100.5,1931.94272,-0.06265
21.0,100.5,1913.90096,-0.10799
22.0,100.5,1919.24766,-0.18149
23.0,100.5,1919.35786,-0.57774
24.0,100.5,1907.80816,-0.12732
25.0,100.5,1914.41144,-0.2287
26.0,100.5,1897.57414,-0.10644
27.0,100.5,1904.68996,-0.44751
28.0,100.5,1846.29542,-1.22079
29.0,100.5,1919.84698,-0.153
30.0,100.5,1927.44516,-1.73254
31.0,100.5,1913.6681,-0.0
32.0,100.5,1899.62045,0.68735
33.0,100.5,1885.75257,1.95515
34.0,100.5,1897.03193,-9.34898
35.0,100.5,1897.4387,0.01986
36.0,100.5,1906.18416,-0.01833
37.0,100.5,1872.70552,0.02774
38.0,100.5,1890.71554,0.17654
39.0,100.5,1913.59095,0.02006
40.0,100.5,1927.12677,0.03014
41.0,100.5,1924.32768,0.0266
42.0,100.5,1923.81401,0.01517
43.0,100.5,1913.59307,0.01714
44.0,100.5,1915.03883,0.01873
45.0,100.5,1911.88124,0.01829
46.0,100.5,1899.89446,0.01815
47.0,100.5,1886.0939,0.02021
48.0,100.5,1879.8235,0.01275
49.0,100.5,1895.27243,1.38467
50.0,100.5,1889.28183,-0.04878
51.0,100.5,1854.84547,0.10054
52.0,100.5,1880.0934,0.09511
53.0,100.5,1859.23159,-1.73113
54.0,100.5,1880.21895,0.01587
55.0,100.5,1877.58123,0.00996
56.0,100.5,1871.39692,0.01561
57.0,100.5,1872.36604,0.0052
58.0,100.5,1870.20487,0.02939
59.0,100.5,1874.73385,0.02791
60.0,100.5,1879.0474,0.01253
61.0,100.5,1884.6358,0.03114
62.0,100.5,1883.58002,0.02644
63.0,100.5,1885.41634,0.02742
64.0,100.5,1887.12239,0.03466
65.0,100.5,1885.00974,0.04309
66.0,100.5,1881.41177,-0.01941
67.0,100.5,1880.73259,0.04385
68.0,100.5,1876.62729,0.04227
69.0,100.5,1879.31118,0.04522
70.0,100.5,1889.62723,0.0529
71.0,100.5,1878.79908,0.03575
72.0,100.5,1881.37425,0.02001
73.0,100.5,1883.14938,0.03117
74.0,100.5,1880.04435,0.01933
75.0,100.5,1883.29321,0.02885
76.0,100.5,1878.09694,0.02959
77.0,100.5,1868.73901,0.12175
78.0,100.5,1873.96458,0.02149
-11.0,101.5,1871.57778,-0.45112
-10.0,101.5,1840.28754,8.0
-9.0,101.5,1865.96742,-0.46886
-8.0,101.5,1829.58219,-0.83166
-7.0,101.5,1877.31941,0.40558
-6.0,101.5,1905.82594,-1.64828
-5.0,101.5,1894.43163,0.36882
-4.0,101.5,1890.54253,-0.11265
-3.0,101.5,1869.20612,0.22016
-2.0,101.5,1868.9683,0.07397
-1.0,101.5,1887.36165,-0.06885
0.0,101.5,1890.66252,-0.01564
1.0,101.5,1894.06012,0.01279
2.0,101.5,1899.3933,-0.05458
3.0,101.5,1897.53363,0.03977
4.0,101.5,1887.64631,-0.07397
5.0,101.5,1892.87243,-0.10318
6.0,101.5,1908.70056,0.53897
7.0,101.5,1920.76429,-0.0528
8.0,101.5,1901.56029,0.62612
9.0,101.5,1892.18674,-0.56828
10.0,101.5,1903.57088,0.27749
11.0,101.5,1898.44443,0.10167
12.0,101.5,1917.92902,0.59225
13.0,101.5,1931.31459,-0.10114
14.0,101.5,1939.14301,-0.11236
15.0,101.5,1945.66878,-0.092
16.0,101.5,1938.46499,-0.01604
17.0,101.5,1931.60851,-0.09783
18.0,101.5,1931.24931,-0.09909
19.0,101.5,1927.38715,-0.21348
20.0,101.5,1924.93479,-0.07407
21.0,101.5,1917.78113,-0.06348
22.0,101.5,1912.64694,-0.41958
23.0,101.5,1918.52681,-0.13042
24.0,101.5,1886.28831,-0.70024
25.0,101.5,1903.41811,-0.23893
26.0,101.5,1909.20168,-0.15816
27.0,101.5,1905.44253,-0.14742
28.0,101.5,1898.90424,-0.32268
30.0,101.5,1898.04145,-1.06957
32.0,101.5,1886.47582,0.08767
33.0,101.5,1902.26498,-0.09135
34.0,101.5,1895.80825,-0.07346
35.0,101.5,1891.12214,-0.02593
36.0,101.5,1898.71352,-0.07022
37.0,101.5,1897.59278,-0.11386
38.0,101.5,1894.70884,0.15569
39.0,101.5,1918.63497,0.03132
40.0,101.5,1928.71143,0.02183
41.0,101.5,1926.81816,0.01736
42.0,101.5,1924.65394,0.0098
43.0,101.5,1911.30755,0.0097
44.0,101.5,1917.08209,0.01246
45.0,101.5,1911.60407,0.01491
46.0,101.5,1899.78588,0.05063
47.0,101.5,1883.78907,0.17295
48.0,101.5,1891.78781,0.12818
49.0,101.5,1895.24869,-0.03027
50.0,101.5,1891.77952,-0.14383
51.0,101.5,1881.98499,-0.02613
52.0,101.5,1873.68968,0.00839
53.0,101.5,1870.11266,0.02161
54.0,101.5,1882.62899,0.01373
55.0,101.5,1874.09041,0.0237
56.0,101.5,1863.10538,0.02197
57.0,101.5,1866.95099,0.03377
58.0,101.5,1878.05613,0.0275
59.0,101.5,1875.26358,0.02841
60.0,101.5,1881.25277,0.02987
61.0,101.5,1881.73272,0.03483
62.0,101.5,1883.05563,0.02929
63.0,101.5,1884.70203,0.04153
64.0,101.5,1886.75564,0.0419
65.0,101.5,1884.37839,0.03512
66.0,101.5,1880.35332,0.04298
67.0,101.5,1879.42317,0.03803
68.0,101.5,1880.3777,0.03818
69.0,101.5,1884.37421,0.04013
70.0,101.5,1889.37352,0.05028
71.0,101.5,1879.79965,0.02898
72.0,101.5,1883.0248,0.01433
73.0,101.5,1881.38276,0.03374
74.0,101.5,1874.63727,0.0367
75.0,101.5,1883.75515,0.02403
76.0,101.5,1879.59403,0.01937
77.0,101.5,1874.27797,0.02107
78.0,101.5,1868.33744,-0.12181
-11.0,102.5,1876.96855,0.0
-10.0,102.5,1841.50896,2.07519
-8.0,102.5,1863.68989,-0.71966
-7.0,102.5,1846.00012,0.34655
-6.0,102.5,1831.11325,-2.62497
-5.0,102.5,1865.8468,-0.37282
-4.0,102.5,1863.54547,0.00072
-3.0,102.5,1871.71798,-0.09119
-2.0,102.5,1871.23394,-0.60258
-1.0,102.5,1882.45324,-0.64403
0.0,102.5,1879.84813,1.41297
1.0,102.5,1897.63329,-0.07912
2.0,102.5,1894.23398,0.35212
3.0,102.5,1882.93313,0.07732
4.0,102.5,1876.45858,-0.30367
5.0,102.5,1881.40342,-0.08202
6.0,102.5,1903.4839,-0.05793
7.0,102.5,1909.94129,0.64801
8.0,102.5,1903.83429,0.2059
9.0,102.5,1906.53176,-0.56158
10.0,102.5,1908.24204,-1.85423
11.0,102.5,1921.66344,-0.14914
12.0,102.5,1883.16185,0.01898
13.0,102.5,1939.55625,-0.18104
14.0,102.5,1936.1796,-0.13408
15.0,102.5,1948.83951,-0.17862
16.0,102.5,1949.11914,-0.16001
17.0,102.5,1944.9033,-0.09353
18.0,102.5,1939.09707,-0.0221
19.0,102.5,1920.19835,-0.12145
20.0,102.5,1930.10582,-0.14239
21.0,102.5,1927.03633,-0.29834
22.0,102.5,1917.25071,-4.91956
23.0,102.5,1918.8376,-0.16699
24.0,102.5,1909.90082,-0.36574
25.0,102.5,1901.96612,-0.30078
26.0,102.5,1905.42586,-0.18556
27.0,102.5,1908.86838,-0.29824
28.0,102.5,1902.0279,-0.59663
30.0,102.5,1923.64409,0.05125
32.0,102.5,1888.90566,0.22494
33.0,102.5,1894.67056,-0.08075
34.0,102.5,1905.57994,-0.14464
35.0,102.5,1892.01536,-0.04178
36.0,102.5,1901.54395,0.00153
37.0,102.5,1903.11008,-0.00922
38.0,102.5,1918.11505,0.05083
39.0,102.5,1926.47158,0.02608
40.0,102.5,1926.81469,0.01927
41.0,102.5,1925.50884,0.01285
42.0,102.5,1922.93044,0.00916
43.0,102.5,1914.65299,0.00613
44.0,102.5,1909.11498,0.01798
45.0,102.5,1913.35676,0.02338
46.0,102.5,1901.85079,0.01201
47.0,102.5,1895.40319,0.00375
48.0,102.5,1897.79268,0.0325
49.0,102.5,1893.10492,0.03212
50.0,102.5,1886.77179,0.01774
51.0,102.5,1878.78266,-0.33861
52.0,102.5,1878.30322,0.02407
53.0,102.5,1883.57617,0.02644
54.0,102.5,1883.26918,0.01706
55.0,102.5,1867.99385,0.02655
56.0,102.5,1859.9534,0.04502
57.0,102.5,1869.86407,0.03585
58.0,102.5,1870.32303,5.18065
59.0,102.5,1872.02366,0.02227
60.0,102.5,1880.76787,0.02944
61.0,102.5,1884.82976,0.03716
62.0,102.5,1882.04946,0.03641
63.0,102.5,1885.29623,0.04089
64.0,102.5,1885.9385,0.04009
65.0,102.5,1883.34197,0.04416
66.0,102.5,1882.36466,0.04395
67.0,102.5,1881.00219,0.04273
68.0,102.5,1877.99964,0.03035
69.0,102.5,1884.17615,0.0361
70.0,102.5,1885.44173,0.04259
71.0,102.5,1884.33593,0.03216
72.0,102.5,1881.32258,0.01803
73.0,102.5,1883.93663,0.03057
74.0,102.5,1882.59318,0.02652
75.0,102.5,1884.19444,0.02103
76.0,102.5,1880.89034,0.01517
77.0,102.5,1882.76107,0.01079
78.0,102.5,1874.42144,0.02881
-11.0,103.5,1870.40087,-0.22456
-10.0,103.5,1857.19146,0.38969
-9.0,103.5,1888.72728,0.41775
-8.0,103.5,1880.38264,0.11948
-7.0,103.5,1850.69292,-0.68328
-6.0,103.5,1852.38267,-9.08213
-5.0,103.5,1864.60667,-1.86027
-4.0,103.5,1874.98734,0.01645
-3.0,103.5,1878.28412,0.01811
-2.0,103.5,1882.58855,0.15706
-1.0,103.5,1889.21114,-0.19971
0.0,103.5,1864.90675,0.02595
1.0,103.5,1868.54797,0.07913
2.0,103.5,1879.98409,-0.39182
3.0,103.5,1885.51214,-1.02267
4.0,103.5,1897.65533,0.04814
5.0,103.5,1897.0074,0.12438
6.0,103.5,1891.86805,0.22967
7.0,103.5,1904.23462,-1.39894
8.0,103.5,1896.89031,-0.54685
9.0,103.5,1876.20562,-1.04262
10.0,103.5,1894.33432,0.33172
11.0,103.5,1893.92011,0.02592
12.0,103.5,1919.42093,-0.28586
13.0,103.5,1930.7216,-0.05689
14.0,103.5,1936.35479,-0.0967
15.0,103.5,1944.89942,-0.10048
16.0,103.5,1944.21668,-0.10931
17.0,103.5,1943.38143,-0.08566
18.0,103.5,1937.21287,-0.01559
19.0,103.5,1934.04546,-0.10501
20.0,103.5,1933.002,-0.12558
21.0,103.5,1929.41868,0.05559
22.0,103.5,1918.97567,0.21929
23.0,103.5,1920.9818,-0.23168
24.0,103.5,1919.04741,-0.32862
25.0,103.5,1909.10817,-0.30896
26.0,103.5,1910.00769,-0.48402
27.0,103.5,1913.39632,-0.52951
28.0,103.5,1900.88193,-1.17016
29.0,103.5,1936.53239,0.01119
30.0,103.5,1936.04439,0.0041
31.0,103.5,1938.64024,0.00484
33.0,103.5,1890.62491,-0.01448
34.0,103.5,1905.23671,0.05038
35.0,103.5,1904.27155,0.00816
36.0,103.5,1915.2164,-0.02323
37.0,103.5,1911.26646,-0.00497
38.0,103.5,1926.50315,0.02
39.0,103.5,1930.11233,0.02233
40.0,103.5,1925.95064,0.0175
41.0,103.5,1925.96943,0.01971
42.0,103.5,1923.25285,0.00603
43.0,103.5,1914.23576,0.00761
44.0,103.5,1908.90159,0.02605
45.0,103.5,1917.89728,0.02377
46.0,103.5,1904.96874,0.01086
47.0,103.5,1899.48208,0.02571
48.0,103.5,1900.22564,0.02236
49.0,103.5,1888.89776,-0.01245
50.0,103.5,1883.93526,-0.02008
51.0,103.5,1879.11156,-0.10827
52.0,103.5,1871.77156,0.05327
53.0,103.5,1888.64841,0.03591
54.0,103.5,1874.94643,0.03669
55.0,103.5,1867.40602,0.03595
56.0,103.5,1871.72416,0.05089
57.0,103.5,1869.17227,0.03891
58.0,103.5,1874.94064,0.0203
59.0,103.5,1873.82127,0.03354
60.0,103.5,1880.30008,0.02435
61.0,103.5,1883.41196,0.03391
62.0,103.5,1882.81385,0.04051
63.0,103.5,1883.88671,0.0433
64.0,103.5,1883.2996,0.05601
65.0,103.5,1881.67734,0.06222
66.0,103.5,1880.58662,0.05084
67.0,103.5,1879.97016,0.04129
68.0,103.5,1881.57285,0.04241
69.0,103.5,1883.70326,0.03549
70.0,103.5,1882.41309,0.03361
71.0,103.5,1888.0887,0.03122
72.0,103.5,1881.1902,0.03051
73.0,103.5,1884.64138,0.03988
74.0,103.5,1880.85844,0.0321
75.0,103.5,1883.23765,0.01271
76.0,103.5,1882.84729,0.015
77.0,103.5,1887.56534,0.01534
78.0,103.5,1876.13526,-0.04619
-11.0,104.5,1873.15998,0.05493
-10.0,104.5,1864.1058,-0.28094
-9.0,104.5,1882.65518,-0.21077
-8.0,104.5,1870.20196,0.82893
-7.0,104.5,1890.51486,0.01448
-6.0,104.5,1873.48239,0.08817
-5.0,104.5,1873.58813,0.08001
-4.0,104.5,1876.2131,-0.67707
-3.0,104.5,1877.49587,0.15995
-2.0,104.5,1861.52499,-0.64052
-1.0,104.5,1866.60897,1.02021
0.0,104.5,1845.03787,0.4608
1.0,104.5,1883.30475,-0.38456
2.0,104.5,1885.70205,-0.34364
3.0,104.5,1912.19328,-6.68806
4.0,104.5,1903.2099,0.47335
5.0,104.5,1886.3942,0.21206
6.0,104.5,1891.08809,0.64418
7.0,104.5,1912.11012,0.14366
8.0,104.5,1929.69353,-0.48467
9.0,104.5,1897.14937,-1.61113
10.0,104.5,1904.01625,-0.07417
11.0,104.5,1936.5833,-0.05529
12.0,104.5,1934.33613,-0.02314
13.0,104.5,1923.2446,-0.0489
14.0,104.5,1927.18439,0.07485
15.0,104.5,1941.61385,-0.08566
16.0,104.5,1941.66343,-0.0351
17.0,104.5,1941.48538,-0.02125
18.0,104.5,1930.29645,-0.03355
19.0,104.5,1923.13857,0.05986
20.0,104.5,1919.75743,-0.42275
21.0,104.5,1931.86045,-0.34285
22.0,104.5,1939.01397,0.10594
23.0,104.5,1926.57222,0.28821
24.0,104.5,1918.19984,-0.23449
25.0,104.5,1915.40717,-0.13571
26.0,104.5,1915.02312,-0.31299
27.0,104.5,1912.00709,-0.38664
28.0,104.5,1931.45385,-1.08949
29.0,104.5,1944.6765,-0.01386
30.0,104.5,1940.62641,0.00345
31.0,104.5,1942.67097,0.00519
32.0,104.5,1933.54962,-0.00691
34.0,104.5,1905.10945,0.06069
35.0,104.5,1913.03736,0.05178
36.0,104.5,1912.12344,0.0133
37.0,104.5,1921.35944,0.01543
38.0,104.5,1933.33079,0.01671
39.0,104.5,1933.30835,0.02172
40.0,104.5,1926.72323,0.02756
41.0,104.5,1924.75218,0.01694
42.0,104.5,1921.05993,0.01197
43.0,104.5,1907.2717,0.00855
44.0,104.5,1911.06468,0.00645
45.0,104.5,1914.79607,0.02197
46.0,104.5,1907.14001,0.01226
47.0,104.5,1901.4117,0.01548
48.0,104.5,1902.66143,0.00536
49.0,104.5,1896.71453,-0.00227
50.0,104.5,1891.43734,-0.01197
51.0,104.5,1874.6065,-0.04087
52.0,104.5,1871.25055,-0.08824
53.0,104.5,1887.1385,0.02765
54.0,104.5,1873.80128,0.04531
55.0,104.5,1869.35043,0.02719
56.0,104.5,1870.30138,0.03803
57.0,104.5,1871.57824,0.02957
58.0,104.5,1881.1242,0.01982
59.0,104.5,1876.87316,0.02221
60.0,104.5,1883.5159,0.01959
61.0,104.5,1884.20779,0.03652
62.0,104.5,1884.44122,0.04253
63.0,104.5,1886.09024,0.0518
64.0,104.5,1883.57806,0.06148
65.0,104.5,1882.54862,0.07135
66.0,104.5,1880.43057,0.05059
67.0,104.5,1881.14494,0.04259
68.0,104.5,1882.26744,0.0388
69.0,104.5,1882.56587,0.03903
70.0,104.5,1882.37526,0.03608
71.0,104.5,1889.63582,0.03124
72.0,104.5,1885.74839,0.03193
73.0,104.5,1884.67524,0.0383
74.0,104.5,1880.77018,0.04049
75.0,104.5,1876.45886,0.0217
76.0,104.5,1884.50703,0.02407
77.0,104.5,1884.84304,0.01924
78.0,104.5,1874.62252,-0.20205
34.0,-9.5,1912.13187,-0.00202
35.0,-9.5,1916.39219,-0.00936
36.0,-9.5,1911.84136,-0.00055
37.0,-9.5,1907.35215,0.01377
38.0,-9.5,1904.68074,0.02223
39.0,-9.5,1901.70674,0.01619
40.0,-9.5,1898.61916,0.1088
41.0,-9.5,1899.48787,-0.01575
42.0,-9.5,1892.96834,0.0204
43.0,-9.5,1890.98073,0.01788
44.0,-9.5,1900.93991,0.15415
45.0,-9.5,1896.73798,0.18246
46.0,-9.5,1897.81157,0.2723
47.0,-9.5,1893.41386,0.23002
48.0,-9.5,1895.84956,0.11713
49.0,-9.5,1883.48742,0.3816
50.0,-9.5,1893.33345,0.7494
51.0,-9.5,1862.68937,0.01984
52.0,-9.5,1886.81303,-0.03642
53.0,-9.5,1885.83921,-0.2927
54.0,-9.5,1883.99668,-0.24074
34.0,-8.5,1911.16969,0.00229
35.0,-8.5,1917.78778,-0.00483
36.0,-8.5,1913.42611,0.00074
37.0,-8.5,1907.25798,0.01772
38.0,-8.5,1909.82737,0.02184
39.0,-8.5,1911.27221,0.01685
40.0,-8.5,1902.25382,0.01268
41.0,-8.5,1896.85914,-0.02094
42.0,-8.5,1887.6618,0.02767
43.0,-8.5,1893.90956,0.09093
44.0,-8.5,1894.43415,0.06976
45.0,-8.5,1896.20744,-0.01486
46.0,-8.5,1900.68067,0.11058
47.0,-8.5,1889.90835,0.04808
48.0,-8.5,1893.7525,-0.0853
49.0,-8.5,1887.67075,-0.17969
50.0,-8.5,1896.4711,0.0
51.0,-8.5,1805.16231,-0.78027
52.0,-8.5,1891.16199,0.00667
53.0,-8.5,1890.98355,0.01873
54.0,-8.5,1888.56543,0.0204
55.0,-8.5,1879.78972,-0.44802
58.0,-8.5,1871.58987,0.70043
71.0,-8.5,1842.91227,0.15385
34.0,-7.5,1911.68034,0.00799
35.0,-7.5,1918.60525,0.00147
36.0,-7.5,1917.4591,-0.00021
37.0,-7.5,1909.77741,0.01765
38.0,-7.5,1912.17776,0.01988
39.0,-7.5,1911.25848,0.02283
40.0,-7.5,1905.92644,0.01763
41.0,-7.5,1904.21721,0.01424
42.0,-7.5,1898.10219,-0.00206
43.0,-7.5,1895.71833,0.01493
44.0,-7.5,1894.41821,0.02259
45.0,-7.5,1899.59365,0.08574
46.0,-7.5,1899.04897,0.02134
47.0,-7.5,1892.70784,0.1938
48.0,-7.5,1889.68238,-1.0438
49.0,-7.5,1891.82106,-0.27945
50.0,-7.5,1867.99039,-1.74387
52.0,-7.5,1880.57498,0.15265
53.0,-7.5,1891.00653,0.01694
54.0,-7.5,1890.54842,0.01013
55.0,-7.5,1888.55677,0.01594
56.0,-7.5,1829.7213,-24.84576
57.0,-7.5,1863.48633,-0.23885
58.0,-7.5,1870.81651,0.1349
61.0,-7.5,1809.45767,-9.9794
62.0,-7.5,1784.75886,-7.21359
71.0,-7.5,1868.64388,16.39501
34.0,-6.5,1918.64334,0.00509
35.0,-6.5,1918.40389,0.00637
36.0,-6.5,1918.04495,0.00669
37.0,-6.5,1915.56837,0.01131
38.0,-6.5,1911.18806,0.02411
39.0,-6.5,1913.02773,0.02479
40.0,-6.5,1907.92948,0.02593
41.0,-6.5,1904.4703,0.02252
42.0,-6.5,1899.50697,0.02013
43.0,-6.5,1895.77516,0.03226
44.0,-6.5,1897.51365,-0.08121
45.0,-6.5,1905.15545,0.21228
46.0,-6.5,1898.68402,0.09254
47.0,-6.5,1898.49101,-0.0739
48.0,-6.5,1893.96042,-0.39765
50.0,-6.5,1845.46181,0.2463
52.0,-6.5,1871.18403,-18.48706
53.0,-6.5,1885.26899,0.00673
54.0,-6.5,1887.55658,0.01154
55.0,-6.5,1883.11115,0.01242
56.0,-6.5,1864.21848,0.48431
57.0,-6.5,1856.07325,-0.14597
58.0,-6.5,1869.66633,0.01179
59.0,-6.5,1871.64679,-0.02763
61.0,-6.5,1788.66126,-11.60827
62.0,-6.5,1808.86226,1.6995
34.0,-5.5,1913.77584,-0.00137
35.0,-5.5,1913.10227,0.00378
36.0,-5.5,1905.73212,0.01836
37.0,-5.5,1919.68798,0.01872
38.0,-5.5,1913.21532,0.02148
39.0,-5.5,1913.2479,0.01601
40.0,-5.5,1908.38309,0.0174
41.0,-5.5,1908.84919,0.01847
42.0,-5.5,1909.00797,0.0226
43.0,-5.5,1895.74569,0.02067
44.0,-5.5,1892.68706,0.11687
45.0,-5.5,1908.80912,0.29293
46.0,-5.5,1903.81229,0.52728
47.0,-5.5,1901.92897,-0.06211
48.0,-5.5,1889.63441,-0.38567
49.0,-5.5,1864.41643,-0.06481
50.0,-5.5,1870.24579,0.34674
51.0,-5.5,1862.93431,0.06168
52.0,-5.5,1866.82275,0.07553
53.0,-5.5,1792.6516,-0.0938
54.0,-5.5,1859.31163,0.02162
55.0,-5.5,1852.09151,2.41175
56.0,-5.5,1856.38516,0.47993
57.0,-5.5,1855.38155,0.99673
58.0,-5.5,1869.50868,-0.27883
59.0,-5.5,1868.17296,-0.01684
34.0,-4.5,1910.24195,0.03512
35.0,-4.5,1891.97572,0.05654
36.0,-4.5,1916.81574,0.01799
37.0,-4.5,1911.89219,0.00853
38.0,-4.5,1913.64896,0.01815
39.0,-4.5,1909.91232,0.01692
40.0,-4.5,1911.56999,0.08981
41.0,-4.5,1908.26778,0.02061
42.0,-4.5,1907.89497,0.02641
43.0,-4.5,1896.19676,0.02218
44.0,-4.5,1896.47763,-0.03917
45.0,-4.5,1904.76401,0.01808
46.0,-4.5,1902.39119,0.00875
47.0,-4.5,1896.1532,0.01257
48.0,-4.5,1883.67552,-3.01883
49.0,-4.5,1894.57636,-0.25747
50.0,-4.5,1880.1496,-0.29293
51.0,-4.5,1877.10801,-0.08223
52.0,-4.5,1879.89186,-5.85984
53.0,-4.5,1857.35934,0.31411
54.0,-4.5,1858.38198,0.31806
55.0,-4.5,1875.18177,-0.15043
56.0,-4.5,1882.43871,-0.16485
57.0,-4.5,1880.33939,0.30962
58.0,-4.5,1883.96112,0.01322
59.0,-4.5,1870.38453,-0.06338
34.0,-3.5,1922.02677,0.00695
35.0,-3.5,1917.60182,0.01038
36.0,-3.5,1917.69793,0.02159
37.0,-3.5,1909.29304,0.00511
38.0,-3.5,1914.78582,0.01877
39.0,-3.5,1919.41716,0.01324
40.0,-3.5,1917.43094,0.01415
41.0,-3.5,1906.09343,0.01304
42.0,-3.5,1902.84109,0.0242
43.0,-3.5,1896.46876,0.03038
44.0,-3.5,1898.23855,0.00903
45.0,-3.5,1902.37697,0.03053
46.0,-3.5,1901.64183,0.02205
47.0,-3.5,1895.12068,0.0364
48.0,-3.5,1889.73717,-0.00386
49.0,-3.5,1885.03027,-0.01236
50.0,-3.5,1896.75169,-26.56612
51.0,-3.5,1884.72923,-0.47211
52.0,-3.5,1889.82054,0.0282
53.0,-3.5,1886.75071,0.0274
54.0,-3.5,1874.28514,0.17436
55.0,-3.5,1884.78211,-0.09184
56.0,-3.5,1888.30499,-0.00184
57.0,-3.5,1882.97109,0.06028
58.0,-3.5,1880.70995,0.03588
59.0,-3.5,1878.68066,0.20546
34.0,-2.5,1923.15266,0.0046
35.0,-2.5,1913.33561,0.00794
36.0,-2.5,1918.50074,0.02052
37.0,-2.5,1921.08689,0.00653
38.0,-2.5,1917.18276,0.01065
39.0,-2.5,1918.80402,0.00949
40.0,-2.5,1913.61792,0.01151
41.0,-2.5,1905.64058,0.01748
42.0,-2.5,1903.44873,0.01612
43.0,-2.5,1891.08087,0.01171
44.0,-2.5,1899.7119,0.02646
45.0,-2.5,1894.44715,0.01903
46.0,-2.5,1900.34686,0.01456
47.0,-2.5,1885.25614,-0.19992
48.0,-2.5,1901.5318,0.01445
49.0,-2.5,1871.72254,0.0737
50.0,-2.5,1861.94607,0.54923
51.0,-2.5,1893.28558,0.02978
52.0,-2.5,1895.63906,0.02494
53.0,-2.5,1893.54757,0.0169
54.0,-2.5,1891.59555,0.01647
55.0,-2.5,1889.10517,0.01923
56.0,-2.5,1882.22848,0.0223
57.0,-2.5,1882.77106,-0.06932
58.0,-2.5,1886.27776,0.03059
59.0,-2.5,1865.62992,-3.33603
60.0,-2.5,1849.38784,-0.33674
34.0,-1.5,1925.04327,0.00606
35.0,-1.5,1911.58238,0.00104
36.0,-1.5,1917.16078,-0.01739
37.0,-1.5,1912.34418,-0.00654
38.0,-1.5,1922.66197,0.00552
39.0,-1.5,1920.53697,0.01095
40.0,-1.5,1908.79216,0.01748
41.0,-1.5,1909.57217,0.02113
42.0,-1.5,1914.10696,0.00913
43.0,-1.5,1897.71144,0.01356
44.0,-1.5,1890.06069,0.00845
45.0,-1.5,1887.73357,0.00068
46.0,-1.5,1882.22381,0.24023
47.0,-1.5,1905.45307,0.01573
48.0,-1.5,1903.17668,0.02156
49.0,-1.5,1888.60787,-0.111
50.0,-1.5,1877.67979,0.01096
51.0,-1.5,1891.3539,0.02486
52.0,-1.5,1896.93056,0.02705
53.0,-1.5,1896.90091,0.02193
54.0,-1.5,1894.99203,0.01465
55.0,-1.5,1878.86017,0.01854
56.0,-1.5,1853.55634,0.09353
57.0,-1.5,1842.39645,-3.21706
58.0,-1.5,1868.66251,-0.43225
59.0,-1.5,1845.96494,0.36957
60.0,-1.5,1864.65036,0.07389
61.0,-1.5,1865.30623,-1.10966
34.0,-0.5,1925.5306,0.00595
35.0,-0.5,1919.9231,-0.0079
36.0,-0.5,1915.45492,0.0061
37.0,-0.5,1919.64141,-0.0003
38.0,-0.5,1912.17256,0.00735
39.0,-0.5,1905.91679,0.02164
40.0,-0.5,1908.48457,0.01439
41.0,-0.5,1915.50422,0.01556
42.0,-0.5,1911.88272,0.01852
43.0,-0.5,1897.04795,0.01342
44.0,-0.5,1895.02862,0.00854
45.0,-0.5,1900.13053,0.00226
46.0,-0.5,1908.3683,0.00916
47.0,-0.5,1904.69857,0.01474
48.0,-0.5,1902.42321,0.02027
49.0,-0.5,1894.00363,0.02299
50.0,-0.5,1890.23067,0.07567
51.0,-0.5,1891.0502,0.21981
52.0,-0.5,1897.42746,0.02851
53.0,-0.5,1900.23113,0.03095
54.0,-0.5,1887.90167,0.04328
55.0,-0.5,1847.4864,0.11467
60.0,-0.5,1849.61169,0.64833
61.0,-0.5,1856.32788,-8.91592
34.0,0.5,1922.5438,0.00674
35.0,0.5,1918.4107,-0.00173
36.0,0.5,1922.20733,0.00346
37.0,0.5,1920.50084,0.01349
38.0,0.5,1916.84981,0.015
39.0,0.5,1904.55905,0.00399
40.0,0.5,1902.06633,0.00182
41.0,0.5,1906.55482,0.00928
42.0,0.5,1914.91245,0.00777
43.0,0.5,1896.95975,0.01878
44.0,0.5,1902.61499,0.0155
45.0,0.5,1899.94638,0.01184
46.0,0.5,1901.38206,0.01101
47.0,0.5,1901.51186,0.00684
48.0,0.5,1899.20428,0.01225
49.0,0.5,1895.59388,0.01879
50.0,0.5,1896.83678,0.02084
51.0,0.5,1894.11627,0.02194
52.0,0.5,1899.90707,0.03626
53.0,0.5,1884.51835,0.0436
54.0,0.5,1847.58107,7.71429
34.0,1.5,1919.53138,0.00349
35.0,1.5,1920.01315,0.00042
36.0,1.5,1918.43289,-0.03727
37.0,1.5,1917.54371,0.01303
38.0,1.5,1917.64492,0.01721
39.0,1.5,1900.98981,0.02122
40.0,1.5,1909.71999,0.01278
41.0,1.5,1909.1814,0.00908
42.0,1.5,1910.51182,0.01204
43.0,1.5,1899.09753,0.02143
44.0,1.5,1899.7994,0.01613
45.0,1.5,1893.89674,0.01301
46.0,1.5,1893.68585,0.01718
47.0,1.5,1898.20142,0.0118
48.0,1.5,1900.25312,0.01576
49.0,1.5,1899.22828,0.0243
50.0,1.5,1895.51307,0.02283
51.0,1.5,1882.38284,0.05651
52.0,1.5,1871.531,0.05121
53.0,1.5,1877.62219,0.2531
34.0,2.5,1922.08385,0.00493
35.0,2.5,1921.78944,0.00203
36.0,2.5,1920.37101,-0.00173
37.0,2.5,1918.39853,0.01675
38.0,2.5,1916.97497,0.01558
39.0,2.5,1908.67747,0.01846
40.0,2.5,1902.00982,0.02499
41.0,2.5,1907.36795,0.01817
42.0,2.5,1906.03998,0.00655
43.0,2.5,1905.64083,-0.00424
44.0,2.5,1896.32733,0.02028
45.0,2.5,1890.09788,0.01832
46.0,2.5,1891.06948,0.0213
47.0,2.5,1898.09029,0.01266
48.0,2.5,1896.10484,0.01481
49.0,2.5,1901.01529,0.02103
50.0,2.5,1907.2499,0.01357
51.0,2.5,1907.32854,-0.01594
52.0,2.5,1785.96103,0.18093
53.0,2.5,1772.01707,-0.00977
34.0,3.5,1927.06782,0.00403
35.0,3.5,1921.66446,-0.00033
36.0,3.5,1922.6158,-0.02837
37.0,3.5,1915.01104,0.01628
38.0,3.5,1916.93562,0.01354
39.0,3.5,1911.60973,0.01885
40.0,3.5,1900.72195,0.02193
41.0,3.5,1909.0605,0.02408
42.0,3.5,1896.76574,0.00824
43.0,3.5,1888.44601,-0.14203
44.0,3.5,1902.4361,0.01556
45.0,3.5,1891.75179,0.02469
46.0,3.5,1896.47473,0.023
47.0,3.5,1896.40353,0.0151
48.0,3.5,1899.87385,0.01615
49.0,3.5,1902.05304,0.01844
50.0,3.5,1904.84851,0.01214
51.0,3.5,1906.78186,0.02132
52.0,3.5,1890.22015,0.22647
34.0,4.5,1930.30611,0.00125
35.0,4.5,1925.83694,0.00567
36.0,4.5,1923.07369,0.00484
37.0,4.5,1907.1256,0.01315
38.0,4.5,1916.4804,0.01038
39.0,4.5,1913.43293,0.01708
40.0,4.5,1904.36455,0.01649
41.0,4.5,1907.42239,0.0181
42.0,4.5,1906.47,0.01762
43.0,4.5,1894.47424,0.01798
44.0,4.5,1907.01223,0.0095
45.0,4.5,1898.65745,0.01175
46.0,4.5,1900.41331,0.02005
47.0,4.5,1897.43911,0.02048
48.0,4.5,1898.63638,0.01236
49.0,4.5,1904.93316,0.01631
50.0,4.5,1895.39706,0.01383
51.0,4.5,1904.11869,0.01561
52.0,4.5,1899.65772,0.03663
53.0,4.5,1890.86389,0.03687
59.0,4.5,1853.39381,1.36289
60.0,4.5,1857.52005,-1.68086
61.0,4.5,1856.91278,-2.0838
62.0,4.5,1837.82998,-0.30841
34.0,5.5,1933.37625,-0.00059
35.0,5.5,1929.08217,0.00691
36.0,5.5,1918.91473,0.01043
37.0,5.5,1904.54785,0.01178
38.0,5.5,1917.35145,0.01291
39.0,5.5,1914.99101,0.00985
40.0,5.5,1910.10036,0.01935
41.0,5.5,1906.4694,0.01543
42.0,5.5,1906.35829,0.00351
43.0,5.5,1901.27547,0.01907
44.0,5.5,1905.92424,0.00728
45.0,5.5,1900.46694,0.01029
46.0,5.5,1897.51393,-0.04151
47.0,5.5,1896.69048,0.01926
48.0,5.5,1898.39543,0.01496
49.0,5.5,1896.89733,0.02086
50.0,5.5,1890.08152,0.02414
51.0,5.5,1901.09598,0.01953
52.0,5.5,1901.77149,0.03157
53.0,5.5,1892.71132,0.02609
54.0,5.5,1885.88395,0.04839
58.0,5.5,1850.20332,1.08948
59.0,5.5,1872.86526,-0.00309
60.0,5.5,1860.64233,-0.05776
61.0,5.5,1858.057,-0.13245
62.0,5.5,1824.88942,0.03605
63.0,5.5,1843.40428,0.67246
34.0,6.5,1933.58286,0.00463
35.0,6.5,1924.52206,0.01205
36.0,6.5,1917.25639,0.0104
37.0,6.5,1905.70904,0.01118
38.0,6.5,1916.04849,0.01279
39.0,6.5,1913.30738,0.01354
40.0,6.5,1912.5764,0.01853
41.0,6.5,1910.67488,0.02408
42.0,6.5,1908.92745,0.01898
43.0,6.5,1901.7706,0.01465
44.0,6.5,1904.92589,0.00329
45.0,6.5,1896.78538,0.03157
46.0,6.5,1878.64883,0.02327
47.0,6.5,1890.15005,0.02223
48.0,6.5,1894.37272,0.01552
49.0,6.5,1896.73058,0.02697
50.0,6.5,1888.14692,0.0241
51.0,6.5,1896.92669,0.02832
52.0,6.5,1899.41705,0.03069
53.0,6.5,1901.18649,0.03379
54.0,6.5,1893.69332,0.10793
58.0,6.5,1869.07693,-0.30333
59.0,6.5,1884.91457,-0.66297
60.0,6.5,1836.54687,-1.83909
62.0,6.5,1836.48307,-0.35228
63.0,6.5,1841.1711,-0.06963
34.0,7.5,1937.41814,-0.00247
35.0,7.5,1924.14326,0.01255
36.0,7.5,1915.8883,0.02281
37.0,7.5,1907.16965,0.0117
38.0,7.5,1915.59611,0.00448
39.0,7.5,1912.62338,0.00518
40.0,7.5,1909.83135,0.01452
41.0,7.5,1909.0792,0.0135
42.0,7.5,1909.64408,0.00387
43.0,7.5,1904.73706,0.01049
44.0,7.5,1891.96087,0.00835
45.0,7.5,1915.13739,0.01235
46.0,7.5,1920.74423,0.04304
47.0,7.5,1896.28848,0.02942
48.0,7.5,1898.48018,0.01376
49.0,7.5,1891.63375,0.0248
50.0,7.5,1891.46311,0.02811
51.0,7.5,1887.84043,0.03503
52.0,7.5,1898.59894,0.03817
53.0,7.5,1902.87657,0.03289
54.0,7.5,1895.55539,-0.00906
55.0,7.5,1885.20821,0.09201
56.0,7.5,1849.13558,-5.19989
57.0,7.5,1859.94735,-0.07846
58.0,7.5,1876.15481,0.1265
59.0,7.5,1888.18493,-0.32694
60.0,7.5,1877.85406,-0.53835
61.0,7.5,1892.99088,-7.52327
63.0,7.5,1849.58338,28.73855
64.0,7.5,1840.11626,0.31657
34.0,8.5,1928.27308,0.00964
35.0,8.5,1924.7423,0.01534
36.0,8.5,1916.01606,0.01751
37.0,8.5,1904.41022,0.00835
38.0,8.5,1913.60319,0.00475
39.0,8.5,1905.84235,0.00275
40.0,8.5,1904.75231,0.01229
41.0,8.5,1900.63745,0.00895
42.0,8.5,1889.18131,0.00478
43.0,8.5,1903.42182,0.00899
44.0,8.5,1891.97428,-0.0014
45.0,8.5,1915.00703,0.01115
46.0,8.5,1904.30307,0.00952
47.0,8.5,1897.59808,0.02523
48.0,8.5,1893.30227,0.02951
49.0,8.5,1895.52853,0.02822
50.0,8.5,1896.90741,0.03683
51.0,8.5,1887.98463,0.04036
52.0,8.5,1897.54477,0.02826
53.0,8.5,1900.31545,0.031
54.0,8.5,1893.4235,0.00922
55.0,8.5,1891.48115,-0.00625
56.0,8.5,1894.93528,0.02639
57.0,8.5,1884.42599,0.00729
58.0,8.5,1859.94237,0.03211
59.0,8.5,1878.2438,0.01512
60.0,8.5,1874.53052,-5.56952
61.0,8.5,1879.20889,0.08945
62.0,8.5,1882.22209,-0.0
63.0,8.5,1856.902,-0.11503
64.0,8.5,1856.54004,-0.07242
34.0,9.5,1934.39234,0.01029
35.0,9.5,1925.93851,0.01452
36.0,9.5,1920.64963,0.01207
37.0,9.5,1912.5284,0.01361
38.0,9.5,1911.84476,0.01071
39.0,9.5,1906.63116,0.00445
40.0,9.5,1892.29378,-0.00594
41.0,9.5,1894.54833,0.01832
42.0,9.5,1894.62792,0.00565
43.0,9.5,1893.16663,0.00657
44.0,9.5,1892.7878,-0.02197
45.0,9.5,1922.26649,0.00927
46.0,9.5,1923.69871,0.01452
47.0,9.5,1889.96,0.02102
48.0,9.5,1891.67396,0.0344
49.0,9.5,1893.44998,0.03596
50.0,9.5,1892.95524,0.05865
51.0,9.5,1892.54576,0.03508
52.0,9.5,1895.57465,0.03139
53.0,9.5,1896.88749,0.03322
54.0,9.5,1901.6858,0.02166
55.0,9.5,1896.21207,0.01827
56.0,9.5,1895.90654,0.02332
57.0,9.5,1890.19499,0.01763
58.0,9.5,1857.71357,0.13492
59.0,9.5,1864.87341,-0.01637
60.0,9.5,1878.49996,-0.03726
61.0,9.5,1872.96644,-0.01373
62.0,9.5,1863.72217,-0.73595
63.0,9.5,1863.39664,-0.09913
64.0,9.5,1847.19831,-0.21204
34.0,10.5,1906.60733,0.01598
35.0,10.5,1920.90208,0.01533
36.0,10.5,1907.99206,0.01517
37.0,10.5,1904.72263,0.01618
38.0,10.5,1913.56823,0.00189
39.0,10.5,1912.51356,0.01818
40.0,10.5,1911.76223,0.01072
41.0,10.5,1912.50657,0.01567
42.0,10.5,1906.68101,0.00256
43.0,10.5,1892.42936,-0.00121
44.0,10.5,1906.56343,0.01386
45.0,10.5,1923.76736,0.0114
46.0,10.5,1908.10675,0.01079
48.0,10.5,1891.1469,0.03042
49.0,10.5,1896.5888,0.04147
50.0,10.5,1898.27226,0.04712
51.0,10.5,1894.34388,0.03637
52.0,10.5,1895.39832,0.02721
53.0,10.5,1895.3015,0.03005
54.0,10.5,1896.09165,-0.04182
55.0,10.5,1882.75499,-0.05689
56.0,10.5,1878.49672,0.02995
57.0,10.5,1872.73728,-0.00932
58.0,10.5,1873.69948,-0.04616
59.0,10.5,1865.80117,-0.206
60.0,10.5,1877.2047,-0.00827
61.0,10.5,1881.18094,-0.08992
62.0,10.5,1876.06963,0.12074
63.0,10.5,1869.02754,-0.02803
64.0,10.5,1863.10836,-0.00405
65.0,10.5,1845.20218,1.18235
34.0,11.5,1909.88409,0.01975
35.0,11.5,1899.9229,0.01238
36.0,11.5,1906.62526,0.01854
37.0,11.5,1899.65197,0.0185
38.0,11.5,1912.29865,0.0151
39.0,11.5,1911.56913,0.02205
40.0,11.5,1913.14623,0.00179
41.0,11.5,1912.52522,-0.00271
42.0,11.5,1901.75772,0.01495
43.0,11.5,1909.08542,0.02292
44.0,11.5,1912.01497,0.01314
45.0,11.5,1922.41073,0.00991
46.0,11.5,1917.96705,0.02166
48.0,11.5,1893.13486,0.0316
49.0,11.5,1895.213,0.04136
50.0,11.5,1890.93786,0.04077
51.0,11.5,1894.54268,0.03404
52.0,11.5,1898.1164,0.03404
53.0,11.5,1897.73735,0.02841
54.0,11.5,1886.0657,0.05103
55.0,11.5,1887.05535,-0.09085
56.0,11.5,1879.63946,0.0548
57.0,11.5,1837.87603,0.17459
58.0,11.5,1872.92324,-0.00307
59.0,11.5,1878.7125,-0.03075
60.0,11.5,1880.98865,0.0011
61.0,11.5,1875.99342,-0.00956
62.0,11.5,1873.8563,0.03313
63.0,11.5,1870.92651,0.03834
64.0,11.5,1864.34973,0.01491
65.0,11.5,1839.18344,-0.26344
66.0,11.5,1821.83484,-8.10158
34.0,12.5,1913.53333,0.00654
35.0,12.5,1912.44475,0.0348
36.0,12.5,1908.24099,0.00831
37.0,12.5,1907.24755,0.0007
38.0,12.5,1905.12588,0.01285
39.0,12.5,1911.23839,0.00885
40.0,12.5,1910.51336,0.0018
41.0,12.5,1907.53941,0.01372
42.0,12.5,1909.21946,0.0179
43.0,12.5,1910.35273,0.02308
44.0,12.5,1900.57192,0.03685
45.0,12.5,1890.75298,0.04152
46.0,12.5,1911.82206,0.0144
47.0,12.5,1868.47839,0.0
48.0,12.5,1894.50724,0.03546
49.0,12.5,1897.17831,0.04039
50.0,12.5,1887.0233,0.03977
51.0,12.5,1894.98034,0.04117
52.0,12.5,1895.78294,0.0273
53.0,12.5,1896.84869,0.02297
54.0,12.5,1894.96564,0.01769
55.0,12.5,1869.0043,0.09633
56.0,12.5,1886.34902,0.02813
57.0,12.5,1884.29357,0.0382
58.0,12.5,1886.78287,0.01645
59.0,12.5,1872.41587,-0.01599
60.0,12.5,1873.97093,-0.00042
61.0,12.5,1874.94866,0.02516
62.0,12.5,1873.64141,0.16097
63.0,12.5,1869.10601,3.58498
64.0,12.5,1863.59631,0.12164
65.0,12.5,1847.75308,-0.00817
66.0,12.5,1826.17615,0.16764
67.0,12.5,1829.95573,0.16487
68.0,12.5,1767.29255,-3.58053
34.0,13.5,1918.07392,0.0075
35.0,13.5,1915.86416,0.01134
36.0,13.5,1911.13973,0.00063
37.0,13.5,1906.48576,0.00674
38.0,13.5,1902.73296,0.01483
39.0,13.5,1912.2526,0.01043
40.0,13.5,1910.17951,0.01217
41.0,13.5,1904.0681,0.01843
42.0,13.5,1910.48027,-0.08779
43.0,13.5,1900.7993,0.02481
44.0,13.5,1898.1907,0.02832
45.0,13.5,1890.71003,0.03421
46.0,13.5,1894.87006,0.01474
47.0,13.5,1886.18681,0.03741
48.0,13.5,1897.94948,0.03707
49.0,13.5,1890.70383,0.04084
50.0,13.5,1893.23927,0.03859
51.0,13.5,1892.97183,0.02946
52.0,13.5,1892.88751,0.02242
53.0,13.5,1894.44296,0.01723
54.0,13.5,1891.17455,0.0289
55.0,13.5,1882.91125,0.05256
56.0,13.5,1894.30271,0.01718
57.0,13.5,1884.47042,0.01668
58.0,13.5,1889.77257,0.02317
59.0,13.5,1871.84264,0.0425
60.0,13.5,1877.40649,0.00827
61.0,13.5,1876.15421,0.01073
62.0,13.5,1869.46498,0.00264
63.0,13.5,1865.01978,0.02621
64.0,13.5,1863.98653,0.27038
65.0,13.5,1857.80589,-0.92756
66.0,13.5,1837.69653,2.90421
67.0,13.5,1820.46649,-1.3829
68.0,13.5,1824.73927,3.71049
34.0,14.5,1915.87888,0.00728
35.0,14.5,1916.92395,0.01857
36.0,14.5,1908.05253,0.0138
37.0,14.5,1912.2814,0.01343
38.0,14.5,1895.51545,0.02587
39.0,14.5,1909.84905,0.02882
40.0,14.5,1906.97642,0.01812
41.0,14.5,1907.80425,0.01981
42.0,14.5,1898.71897,0.0259
43.0,14.5,1900.35551,0.03604
44.0,14.5,1892.53123,0.02328
45.0,14.5,1865.18321,0.01632
46.0,14.5,1898.66061,0.02854
47.0,14.5,1895.48998,0.02019
48.0,14.5,1898.4449,0.04008
49.0,14.5,1889.49375,0.03339
50.0,14.5,1897.63165,0.03345
51.0,14.5,1894.5807,0.02422
52.0,14.5,1894.22125,0.02605
53.0,14.5,1897.76597,0.0285
54.0,14.5,1880.94918,0.02432
55.0,14.5,1870.54263,-0.36877
56.0,14.5,1881.18184,0.05295
57.0,14.5,1882.21864,0.02257
58.0,14.5,1879.81317,0.02604
59.0,14.5,1876.12049,0.02384
60.0,14.5,1873.19637,0.02127
61.0,14.5,1875.52189,0.00804
62.0,14.5,1871.01189,-0.00556
63.0,14.5,1859.57849,0.00723
64.0,14.5,1859.00873,0.13329
65.0,14.5,1865.84127,-0.49955
66.0,14.5,1851.28453,-0.66979
67.0,14.5,1835.57943,-2.16441
68.0,14.5,1804.28864,0.6322
69.0,14.5,1802.13705,-0.48106
-41.0,110.5,1823.9019,-4.0
-40.0,110.5,1829.10529,-0.64107
-39.0,110.5,1860.07509,0.0
-38.0,110.5,1835.16603,0.0
-37.0,110.5,1856.93424,0.58096
-36.0,110.5,1848.59435,-0.09153
-35.0,110.5,1844.50402,0.29426
-34.0,110.5,1849.25276,-0.90028
-33.0,110.5,1844.34693,-0.0316
-32.0,110.5,1841.30735,-0.21733
-31.0,110.5,1846.43039,0.09699
-30.0,110.5,1847.19648,0.00048
-29.0,110.5,1844.16981,0.25963
-28.0,110.5,1847.13122,0.91177
-27.0,110.5,1841.36587,0.03833
-26.0,110.5,1850.29599,-0.05368
-25.0,110.5,1849.55701,-0.02428
-24.0,110.5,1855.84074,0.02487
-23.0,110.5,1852.67471,0.38663
-22.0,110.5,1863.12421,-1.53737
-21.0,110.5,1868.48459,-0.10064
-20.0,110.5,1864.57779,-0.1429
-19.0,110.5,1862.36629,-0.11517
-18.0,110.5,1865.00745,-0.02352
-17.0,110.5,1870.42529,-0.42963
-16.0,110.5,1877.5734,0.41028
-15.0,110.5,1887.41668,-0.09547
-14.0,110.5,1876.61136,-0.08299
-13.0,110.5,1872.37045,0.93165
-12.0,110.5,1873.02489,-0.87014
-40.0,111.5,1843.34429,3.11901
-39.0,111.5,1839.17255,5.00763
-38.0,111.5,1837.93103,-1.88377
-37.0,111.5,1853.58571,0.69487
-36.0,111.5,1839.00085,0.11658
-35.0,111.5,1843.13774,0.57182
-34.0,111.5,1848.36154,-0.37551
-33.0,111.5,1842.97298,0.4737
-32.0,111.5,1846.54661,0.35933
-31.0,111.5,1850.35586,-0.25537
-30.0,111.5,1849.54582,-0.08747
-29.0,111.5,1838.96057,0.47446
-28.0,111.5,1840.1096,0.40757
-27.0,111.5,1843.90664,0.14815
-26.0,111.5,1844.23767,0.13201
-25.0,111.5,1847.34262,0.17847
-24.0,111.5,1851.17561,0.15173
-23.0,111.5,1852.02387,0.16449
-22.0,111.5,1859.59841,-1.1585
-21.0,111.5,1877.12988,0.07807
-20.0,111.5,1865.89857,-0.15437
-19.0,111.5,1852.40134,0.07872
-18.0,111.5,1855.90852,-0.48407
-17.0,111.5,1861.41656,-0.07952
-16.0,111.5,1877.29561,-0.55929
-15.0,111.5,1869.21163,0.97617
-14.0,111.5,1887.573,-0.52253
-13.0,111.5,1865.32679,-0.00257
-12.0,111.5,1877.59093,-0.24529
-40.0,112.5,1853.72088,-0.0
-39.0,112.5,1848.82755,-0.87706
-38.0,112.5,1849.99408,-1.65408
-37.0,112.5,1852.15649,0.3636
-36.0,112.5,1854.89791,-0.12785
-35.0,112.5,1856.04721,0.63577
-34.0,112.5,1851.15656,0.21408
-33.0,112.5,1843.27389,0.2998
-32.0,112.5,1849.01128,-0.09823
-31.0,112.5,1844.48051,-0.0709
-30.0,112.5,1837.42652,0.06971
-29.0,112.5,1840.00062,0.09066
-28.0,112.5,1840.40102,0.0348
-27.0,112.5,1841.247,0.09553
-26.0,112.5,1842.85854,0.05829
-25.0,112.5,1845.93871,-0.06364
-24.0,112.5,1848.26381,0.01703
-23.0,112.5,1852.48677,-0.16527
-22.0,112.5,1857.61083,-0.06962
-21.0,112.5,1868.50359,-0.03736
-20.0,112.5,1865.12041,0.36297
-19.0,112.5,1868.25476,-0.18696
-18.0,112.5,1875.00593,-0.10176
-17.0,112.5,1867.04124,1.50445
-16.0,112.5,1872.04884,-0.92094
-15.0,112.5,1862.51153,-0.53305
-14.0,112.5,1879.9968,0.07015
-13.0,112.5,1880.94374,-0.46092
-12.0,112.5,1885.5148,0.47854
-39.0,113.5,1832.30046,-1.07311
-38.0,113.5,1851.7826,1.36699
-37.0,113.5,1852.87564,0.26115
-36.0,113.5,1859.86113,0.21961
-35.0,113.5,1855.5813,0.00797
-34.0,113.5,1842.46031,0.44677
-33.0,113.5,1842.5788,0.29763
-32.0,113.5,1846.32139,0.13682
-31.0,113.5,1838.3869,0.23244
-30.0,113.5,1837.73744,0.06627
-29.0,113.5,1837.72452,0.10182
-28.0,113.5,1836.4088,0.04146
-27.0,113.5,1842.49805,0.03615
-26.0,113.5,1840.00673,0.02165
-25.0,113.5,1850.35425,0.01021
-24.0,113.5,1865.40066,-0.02873
-23.0,113.5,1860.2727,-0.07595
-22.0,113.5,1855.95264,0.02847
-21.0,113.5,1866.77403,-0.02677
-20.0,113.5,1872.95987,-0.2065
-19.0,113.5,1868.17414,-0.66545
-18.0,113.5,1864.84031,-0.31767
-17.0,113.5,1870.98597,0.05845
-16.0,113.5,1876.07824,-0.47565
-15.0,113.5,1874.44175,-0.08639
-14.0,113.5,1863.785,0.42282
-13.0,113.5,1880.48837,0.7424
-12.0,113.5,1880.66554,0.14616
-40.0,114.5,1833.08697,-0.19326
-39.0,114.5,1844.45521,-1.53991
-38.0,114.5,1855.51955,0.05689
-37.0,114.5,1851.55851,-0.23478
-36.0,114.5,1864.44429,0.16022
-35.0,114.5,1852.3228,0.39115
-34.0,114.5,1832.50287,0.23112
-33.0,114.5,1841.35751,0.12679
-32.0,114.5,1841.63862,0.15264
-31.0,114.5,1836.10499,0.09453
-30.0,114.5,1831.85161,0.10357
-29.0,114.5,1839.94874,0.02024
-28.0,114.5,1855.9647,0.01118
-27.0,114.5,1867.04766,0.01336
-26.0,114.5,1870.89671,0.01089
-25.0,114.5,1881.01843,0.01471
-24.0,114.5,1883.5982,0.01034
-23.0,114.5,1884.40437,0.00797
-22.0,114.5,1857.90692,-0.00209
-21.0,114.5,1866.5081,-0.22521
-20.0,114.5,1870.87125,-0.28319
-19.0,114.5,1864.93795,-0.36222
-18.0,114.5,1872.94586,-0.37659
-17.0,114.5,1875.83129,-0.18973
-16.0,114.5,1884.86086,-0.20784
-15.0,114.5,1885.61997,-0.25421
-14.0,114.5,1868.25054,-0.21081
-13.0,114.5,1863.09685,0.54271
-12.0,114.5,1885.54887,-0.41036
-40.0,115.5,1852.27829,1.00721
-39.0,115.5,1859.79486,1.85861
-38.0,115.5,1856.95742,0.23789
-37.0,115.5,1857.22733,-0.74137
-36.0,115.5,1858.71983,-0.37843
-35.0,115.5,1838.72414,-0.13564
-34.0,115.5,1828.84975,0.00407
-33.0,115.5,1835.93121,0.01346
-32.0,115.5,1836.46902,0.04717
-31.0,115.5,1852.36193,-0.0098
-30.0,115.5,1864.36603,0.0025
-29.0,115.5,1866.34514,0.00482
-28.0,115.5,1867.28614,0.00814
-27.0,115.5,1871.12983,0.01448
-26.0,115.5,1874.1882,0.01629
-25.0,115.5,1880.77521,0.01487
-24.0,115.5,1883.34238,0.01573
-23.0,115.5,1880.40428,0.01641
-22.0,115.5,1880.90833,0.01566
-21.0,115.5,1859.93721,-0.03517
-20.0,115.5,1869.67846,-0.03834
-19.0,115.5,1872.06739,-0.15266
-18.0,115.5,1870.96047,-0.31338
-17.0,115.5,1868.64241,-0.15027
-16.0,115.5,1873.65628,-0.19282
-15.0,115.5,1875.55029,-0.20213
-14.0,115.5,1861.15977,0.17546
-13.0,115.5,1869.50329,0.15801
-12.0,115.5,1889.35856,0.06093
-39.0,116.5,1844.33273,-3.58621
-38.0,116.5,1855.8792,2.85728
-37.0,116.5,1855.22364,-1.72285
-36.0,116.5,1856.11516,-1.86066
-35.0,116.5,1831.32117,0.01614
-34.0,116.5,1841.88335,0.01012
-33.0,116.5,1844.37049,0.01121
-32.0,116.5,1851.17067,0.00324
-31.0,116.5,1859.01203,-0.00255
-30.0,116.5,1862.39049,0.00133
-29.0,116.5,1862.17085,0.00587
-28.0,116.5,1870.29433,0.00795
-27.0,116.5,1875.63882,0.01195
-26.0,116.5,1877.25968,0.0138
-25.0,116.5,1880.764,0.01595
-24.0,116.5,1877.63954,0.01669
-23.0,116.5,1877.64035,0.02095
-22.0,116.5,1872.66682,0.02229
-21.0,116.5,1874.27423,-0.00481
-20.0,116.5,1868.66725,-0.12539
-19.0,116.5,1866.13203,-0.24365
-18.0,116.5,1872.093,0.14933
-17.0,116.5,1870.10355,-0.18251
-16.0,116.5,1870.80639,-0.66207
-15.0,116.5,1871.83256,1.68224
-14.0,116.5,1884.17778,0.05755
-13.0,116.5,1897.72502,0.03462
-12.0,116.5,1888.88321,-0.11914
-39.0,117.5,1855.05688,-1.48405
-38.0,117.5,1840.35283,1.60311
-37.0,117.5,1836.46088,-0.13434
-36.0,117.5,1854.37432,1.20432
-35.0,117.5,1847.51469,0.35489
-34.0,117.5,1853.55612,0.00141
-33.0,117.5,1856.38737,0.00335
-32.0,117.5,1860.33979,0.00144
-31.0,117.5,1864.10934,-0.00937
-30.0,117.5,1862.09042,0.00163
-29.0,117.5,1863.80028,0.00556
-28.0,117.5,1868.49228,0.01035
-27.0,117.5,1872.69282,0.01256
-26.0,117.5,1878.1263,0.01415
-25.0,117.5,1877.00536,0.01632
-24.0,117.5,1876.40355,0.0179
-23.0,117.5,1874.21538,0.02517
-22.0,117.5,1872.2471,0.02898
-21.0,117.5,1873.11567,0.01696
-20.0,117.5,1861.11589,-0.16065
-19.0,117.5,1863.54665,0.09611
-18.0,117.5,1869.38843,0.08282
-17.0,117.5,1875.30682,-0.29417
-16.0,117.5,1876.88394,-0.39669
-15.0,117.5,1863.14418,0.35158
-14.0,117.5,1882.34267,-0.65693
-13.0,117.5,1881.6889,-0.58498
-12.0,117.5,1891.24124,-0.14983
-39.0,118.5,1856.13863,0.26445
-38.0,118.5,1850.11569,0.96996
-37.0,118.5,1851.87588,0.34435
-36.0,118.5,1850.61228,0.36087
-35.0,118.5,1841.67906,-0.08914
-34.0,118.5,1857.19768,-0.0002
-33.0,118.5,1858.28096,0.00602
-32.0,118.5,1860.30432,0.00439
-31.0,118.5,1863.05564,0.00013
-30.0,118.5,1856.7947,0.00822
-29.0,118.5,1860.4977,0.01097
-28.0,118.5,1866.66411,0.01362
-27.0,118.5,1871.16794,0.0146
-26.0,118.5,1873.06802,0.01377
-25.0,118.5,1871.59501,0.0161
-24.0,118.5,1873.20693,0.01729
-23.0,118.5,1869.25557,0.02532
-22.0,118.5,1875.02487,0.02814
-21.0,118.5,1881.80037,0.02485
-20.0,118.5,1869.6783,-0.13743
-19.0,118.5,1861.83115,-0.17152
-18.0,118.5,1867.03231,-0.05355
-17.0,118.5,1863.47029,-0.00904
-16.0,118.5,1867.25052,-0.85292
-15.0,118.5,1876.64378,-0.7144
-14.0,118.5,1868.52428,-0.44716
-13.0,118.5,1886.84047,-1.28715
-12.0,118.5,1904.41354,-0.40927
-40.0,119.5,1856.16679,0.58771
-39.0,119.5,1858.597,0.78623
-38.0,119.5,1842.30769,0.40598
-37.0,119.5,1848.34322,0.49409
-36.0,119.5,1852.85021,0.58451
-35.0,119.5,1848.55986,-0.56459
-34.0,119.5,1845.07327,0.00163
-33.0,119.5,1855.77069,0.00784
-32.0,119.5,1856.51835,0.00907
-31.0,119.5,1859.42966,0.00511
-30.0,119.5,1857.15056,0.00873
-29.0,119.5,1863.00169,0.00687
-28.0,119.5,1865.58528,0.01106
-27.0,119.5,1864.97117,0.01428
-26.0,119.5,1865.80938,0.01645
-25.0,119.5,1872.0408,0.01671
-24.0,119.5,1871.0135,0.02025
-23.0,119.5,1868.50279,0.02606
-22.0,119.5,1875.45671,0.03003
-21.0,119.5,1878.24485,0.02559
-20.0,119.5,1870.1974,-0.03556
-19.0,119.5,1859.21013,-0.07897
-18.0,119.5,1858.17515,0.36164
-17.0,119.5,1854.33053,-2.79782
-16.0,119.5,1852.00781,-0.26326
-15.0,119.5,1885.01892,-1.04242
-14.0,119.5,1887.07326,-0.97656
-13.0,119.5,1890.0456,0.26789
-12.0,119.5,1882.21871,0.20974
-40.0,120.5,1845.76589,0.92695
-39.0,120.5,1852.86462,1.40973
-38.0,120.5,1822.55669,8.0
-37.0,120.5,1825.97356,2.40016
-36.0,120.5,1850.95611,0.63936
-35.0,120.5,1847.17232,0.41143
-34.0,120.5,1841.29555,0.01781
-33.0,120.5,1853.92764,0.00389
-32.0,120.5,1854.54043,0.00045
-31.0,120.5,1856.18975,0.00324
-30.0,120.5,1857.80042,0.00865
-29.0,120.5,1862.6787,0.01353
-28.0,120.5,1866.16817,0.01842
-27.0,120.5,1867.89216,0.01701
-26.0,120.5,1870.24429,0.01741
-25.0,120.5,1872.07358,0.01904
-24.0,120.5,1873.47248,0.02282
-23.0,120.5,1873.88393,0.03008
-22.0,120.5,1870.75851,0.03198
-21.0,120.5,1876.21558,0.02621
-20.0,120.5,1877.66536,0.01344
-19.0,120.5,1864.09157,-0.16321
-18.0,120.5,1863.67111,0.01604
-17.0,120.5,1865.46483,-0.29484
-16.0,120.5,1864.59411,-0.25288
-15.0,120.5,1881.06033,-0.22179
-14.0,120.5,1876.11549,-0.30527
-13.0,120.5,1884.36273,-0.3324
-12.0,120.5,1881.45204,-1.23269
-40.0,121.5,1851.5693,-0.0
-39.0,121.5,1835.22867,2.87537
-37.0,121.5,1819.1834,1.26858
-36.0,121.5,1835.38178,-0.36147
-35.0,121.5,1838.7464,0.23931
-34.0,121.5,1845.93711,0.1463
-33.0,121.5,1855.22468,-0.0039
-32.0,121.5,1855.25823,0.00319
-31.0,121.5,1858.35166,0.00757
-30.0,121.5,1858.4144,0.00997
-29.0,121.5,1862.5291,0.0171
-28.0,121.5,1866.3037,0.01615
-27.0,121.5,1868.8761,0.01631
-26.0,121.5,1870.00901,0.01687
-25.0,121.5,1870.15069,0.01938
-24.0,121.5,1873.57035,0.02389
-23.0,121.5,1875.70635,0.03423
-22.0,121.5,1875.47418,0.02643
-21.0,121.5,1878.40961,0.0275
-20.0,121.5,1879.90731,0.02642
-19.0,121.5,1869.60621,0.00344
-18.0,121.5,1865.2356,-0.25582
-17.0,121.5,1867.51948,-0.19524
-16.0,121.5,1866.58034,-0.03623
-15.0,121.5,1879.08889,-0.40575
-14.0,121.5,1866.53079,-0.58108
-13.0,121.5,1875.95833,0.42041
-12.0,121.5,1876.73489,-0.34235
-39.0,122.5,1832.88684,1.688
-38.0,122.5,1828.59735,0.57848
-37.0,122.5,1827.95377,0.562
-36.0,122.5,1833.5641,-1.30909
-35.0,122.5,1833.66559,0.88531
-34.0,122.5,1849.32425,0.13812
-33.0,122.5,1852.29767,0.00751
-32.0,122.5,1852.88991,0.0145
-31.0,122.5,1860.74862,0.01376
-30.0,122.5,1860.27408,0.01239
-29.0,122.5,1862.71888,0.0162
-28.0,122.5,1865.60181,0.01361
-27.0,122.5,1867.99848,0.01443
-26.0,122.5,1872.17341,0.01237
-25.0,122.5,1870.30212,0.01833
-24.0,122.5,1873.01546,0.01775
-23.0,122.5,1874.26271,0.02253
-22.0,122.5,1877.57239,0.03275
-21.0,122.5,1876.34819,0.02488
-20.0,122.5,1881.30561,0.02369
-19.0,122.5,1881.80547,0.03171
-18.0,122.5,1872.89713,0.0301
-17.0,122.5,1869.20735,-0.01715
-16.0,122.5,1875.70815,-0.25667
-15.0,122.5,1887.11218,-0.45065
-14.0,122.5,1888.34513,-0.7967
-13.0,122.5,1882.90889,1.25568
-12.0,122.5,1867.22676,1.70906
-38.0,123.5,1830.23507,1.04885
-37.0,123.5,1835.518,1.58004
-36.0,123.5,1830.85537,0.00239
-35.0,123.5,1840.67854,0.17926
-34.0,123.5,1845.55719,0.14071
-33.0,123.5,1856.52937,0.0119
-32.0,123.5,1856.12171,0.01593
-31.0,123.5,1862.3835,0.01388
-30.0,123.5,1866.62834,0.01162
-29.0,123.5,1866.57041,0.01123
-28.0,123.5,1867.78806,0.00938
-27.0,123.5,1866.80001,0.00759
-26.0,123.5,1867.37327,0.01155
-25.0,123.5,1869.52342,0.01655
-24.0,123.5,1872.26637,0.02194
-23.0,123.5,1875.15705,0.03046
-22.0,123.5,1875.73128,0.02518
-21.0,123.5,1873.82037,0.01947
-20.0,123.5,1879.11682,0.01667
-19.0,123.5,1882.07727,0.02154
-18.0,123.5,1879.68605,0.03224
-17.0,123.5,1857.73462,0.00874
-16.0,123.5,1850.4987,0.15669
-15.0,123.5,1860.30639,1.02859
-14.0,123.5,1860.4109,4.83902
-13.0,123.5,1876.5248,6.17871
-12.0,123.5,1854.67154,5.59528
-41.0,124.5,1755.75715,-3.48578
-40.0,124.5,1768.01734,-0.65259
-39.0,124.5,1853.17402,1.57156
-38.0,124.5,1852.61611,0.77945
-37.0,124.5,1838.3983,0.02866
-36.0,124.5,1838.02019,0.0286
-35.0,124.5,1846.9309,0.65034
-34.0,124.5,1847.3115,0.08714
-33.0,124.5,1847.08731,-0.06436
-32.0,124.5,1858.37121,0.01159
-31.0,124.5,1861.08929,0.01302
-30.0,124.5,1862.84538,0.0121
-29.0,124.5,1862.73598,0.00763
-28.0,124.5,1863.42329,0.00458
-27.0,124.5,1864.26701,0.00923
-26.0,124.5,1864.30224,0.01127
-25.0,124.5,1863.64778,0.0122
-24.0,124.5,1865.51707,0.02117
-23.0,124.5,1870.56917,0.02813
-22.0,124.5,1874.8627,0.02355
-21.0,124.5,1878.49542,0.02395
-20.0,124.5,1878.31182,0.01221
-19.0,124.5,1880.75501,0.01291
-18.0,124.5,1880.68057,0.02339
-17.0,124.5,1879.40974,0.02845
-16.0,124.5,1856.53993,0.06818
-15.0,124.5,1855.43174,0.14931
-14.0,124.5,1866.84446,0.79257
-13.0,124.5,1871.87558,0.79138
-12.0,124.5,1874.05825,0.66076
-39.0,125.5,1849.34919,3.33919
-38.0,125.5,1839.99591,6.35944
-37.0,125.5,1833.26591,-0.06479
-36.0,125.5,1837.77302,0.73709
-35.0,125.5,1839.13005,1.18658
-34.0,125.5,1848.50269,0.05908
-33.0,125.5,1845.38738,0.12931
-32.0,125.5,1856.18834,0.0136
-31.0,125.5,1865.39561,0.00589
-30.0,125.5,1862.23895,0.00158
-29.0,125.5,1866.41051,0.00656
-28.0,125.5,1864.88034,0.00814
-27.0,125.5,1862.63716,0.01018
-26.0,125.5,1862.02131,0.01401
-25.0,125.5,1866.39182,0.01722
-24.0,125.5,1861.77668,0.01965
-23.0,125.5,1862.70862,0.02367
-22.0,125.5,1874.64603,0.02317
-21.0,125.5,1878.66665,0.01762
-20.0,125.5,1879.38649,0.0203
-19.0,125.5,1879.20913,0.02139
-18.0,125.5,1882.57856,0.02584
-17.0,125.5,1880.19123,0.02796
-16.0,125.5,1879.26167,0.03053
-15.0,125.5,1872.36552,0.02979
-14.0,125.5,1861.9741,-0.05066
-13.0,125.5,1849.67897,0.14871
-12.0,125.5,1858.19638,0.48725
-39.0,126.5,1852.95206,2.18848
-38.0,126.5,1822.65665,0.0
-37.0,126.5,1826.2592,0.10982
-36.0,126.5,1834.91628,0.05936
-35.0,126.5,1838.20392,-0.15799
-34.0,126.5,1844.38311,0.57143
-33.0,126.5,1841.26251,0.09332
-32.0,126.5,1855.25753,-0.05029
-31.0,126.5,1862.32043,0.00121
-30.0,126.5,1866.67344,-0.00235
-29.0,126.5,1867.80472,0.01248
-28.0,126.5,1865.14705,0.01314
-27.0,126.5,1866.88532,0.01476
-26.0,126.5,1865.43807,0.01769
-25.0,126.5,1868.08851,0.01758
-24.0,126.5,1871.77516,0.02224
-23.0,126.5,1873.22355,0.02533
-22.0,126.5,1875.18069,0.01943
-21.0,126.5,1877.16641,0.0222
-20.0,126.5,1877.85493,0.01621
-19.0,126.5,1877.63137,0.01887
-18.0,126.5,1880.47148,0.02769
-17.0,126.5,1881.91666,0.02847
-16.0,126.5,1879.97674,0.0263
-15.0,126.5,1878.87823,0.02301
-14.0,126.5,1870.84373,0.08129
-13.0,126.5,1898.74631,0.44462
-12.0,126.5,1893.94826,-0.02134
-40.0,127.5,1844.13463,-0.60606
-39.0,127.5,1839.43572,-0.0
-38.0,127.5,1846.42524,0.48219
-37.0,127.5,1829.7381,0.45153
-36.0,127.5,1842.66305,-0.43774
-35.0,127.5,1846.38447,-0.40892
-34.0,127.5,1846.82628,-0.02176
-33.0,127.5,1841.29112,-0.0308
-32.0,127.5,1851.80851,-0.00124
-31.0,127.5,1863.83841,-0.00066
-30.0,127.5,1868.28753,0.0085
-29.0,127.5,1865.8769,0.01417
-28.0,127.5,1865.09429,0.01553
-27.0,127.5,1869.13959,0.01767
-26.0,127.5,1869.38778,0.0167
-25.0,127.5,1873.72297,0.01474
-24.0,127.5,1875.13447,0.01932
-23.0,127.5,1876.36987,0.01893
-22.0,127.5,1873.60005,0.01538
-21.0,127.5,1874.12861,0.02212
-20.0,127.5,1877.08758,0.02171
-19.0,127.5,1876.14018,0.02675
-18.0,127.5,1877.92585,0.0266
-17.0,127.5,1881.92329,0.02847
-16.0,127.5,1882.48196,0.02829
-15.0,127.5,1882.37113,0.02662
-14.0,127.5,1861.378,0.05229
-13.0,127.5,1854.62999,-1.18466
-12.0,127.5,1851.10313,0.61925
-38.0,128.5,1856.56471,-0.59388
-37.0,128.5,1850.45389,-2.47118
-36.0,128.5,1852.50567,-0.10272
-35.0,128.5,1847.80235,-0.70345
-34.0,128.5,1848.10951,0.03035
-33.0,128.5,1844.85088,0.22547
-32.0,128.5,1845.07336,0.01952
-31.0,128.5,1866.41141,0.00168
-30.0,128.5,1868.81934,0.00502
-29.0,128.5,1865.54136,0.01358
-28.0,128.5,1867.36595,0.01616
-27.0,128.5,1866.98437,0.01428
-26.0,128.5,1867.12592,0.01463
-25.0,128.5,1871.15413,0.01528
-24.0,128.5,1873.38566,0.01534
-23.0,128.5,1873.03038,0.01872
-22.0,128.5,1874.22931,0.03
-21.0,128.5,1874.72507,0.0216
-20.0,128.5,1876.31261,0.0225
-19.0,128.5,1875.48811,0.02993
-18.0,128.5,1875.53625,0.02435
-17.0,128.5,1878.94455,0.02468
-16.0,128.5,1875.54911,0.02728
-15.0,128.5,1865.01406,0.00331
-14.0,128.5,1864.22993,-0.49993
-13.0,128.5,1864.90061,-7.15861
-12.0,128.5,1868.82504,0.87217
-39.0,129.5,1858.48781,3.85313
-38.0,129.5,1838.08416,-2.36851
-37.0,129.5,1853.28944,-0.48323
-36.0,129.5,1851.39384,0.10727
-35.0,129.5,1847.49131,-0.45831
-34.0,129.5,1847.58764,0.41558
-33.0,129.5,1845.76056,0.10464
-32.0,129.5,1840.11562,-0.0744
-31.0,129.5,1864.17142,0.00256
-30.0,129.5,1867.27035,0.00138
-29.0,129.5,1865.34229,0.01347
-28.0,129.5,1866.7361,0.01469
-27.0,129.5,1867.45641,0.0164
-26.0,129.5,1867.37222,0.01491
-25.0,129.5,1872.22854,0.01526
-24.0,129.5,1874.33948,0.01617
-23.0,129.5,1873.21526,0.01816
-22.0,129.5,1875.86886,0.02473
-21.0,129.5,1874.54973,0.02632
-20.0,129.5,1872.16281,0.02117
-19.0,129.5,1874.37467,0.03517
-18.0,129.5,1873.93343,0.02895
-17.0,129.5,1877.72987,0.02958
-16.0,129.5,1878.96472,0.03163
-15.0,129.5,1868.59795,-0.04626
-14.0,129.5,1852.34242,-0.14884
-13.0,129.5,1861.03072,0.33721
-12.0,129.5,1868.85774,0.05167
-41.0,130.5,1851.16196,0.0
-40.0,130.5,1856.37522,4.0
-39.0,130.5,1848.91716,2.65655
-38.0,130.5,1859.46869,0.10573
-37.0,130.5,1854.32236,-0.60141
-36.0,130.5,1854.29682,0.30305
-35.0,130.5,1844.94458,-0.77696
-34.0,130.5,1841.46617,0.35215
-33.0,130.5,1840.98261,0.01203
-32.0,130.5,1842.6959,-0.05387
-31.0,130.5,1863.88959,0.00051
-30.0,130.5,1868.6855,0.00509
-29.0,130.5,1866.73996,0.01376
-28.0,130.5,1865.03215,0.01459
-27.0,130.5,1867.21138,0.01616
-26.0,130.5,1869.60114,0.01567
-25.0,130.5,1873.36626,0.01659
-24.0,130.5,1874.30537,0.01619
-23.0,130.5,1872.28429,0.01925
-22.0,130.5,1873.32462,0.02594
-21.0,130.5,1872.90306,0.04016
-20.0,130.5,1874.25254,0.02837
-19.0,130.5,1874.49402,0.03208
-18.0,130.5,1874.26478,0.02607
-17.0,130.5,1877.05915,0.0261
-16.0,130.5,1878.09386,0.03215
-15.0,130.5,1877.07475,0.03069
-14.0,130.5,1873.64906,0.02482
-13.0,130.5,1867.7318,-0.0227
-12.0,130.5,1866.38872,0.04083
-40.0,131.5,1864.35992,1.602
-39.0,131.5,1857.63677,-1.8861
-38.0,131.5,1856.63408,1.03832
-37.0,131.5,1854.93494,0.24227
-36.0,131.5,1847.98662,0.90263
-35.0,131.5,1837.1451,-0.0246
-34.0,131.5,1838.62673,0.5065
-33.0,131.5,1836.9506,-0.11798
-32.0,131.5,1837.00284,-0.09282
-31.0,131.5,1864.24231,0.0007
-30.0,131.5,1866.21478,0.01258
-29.0,131.5,1866.84562,0.0136
-28.0,131.5,1867.53339,0.01704
-27.0,131.5,1866.95313,0.01765
-26.0,131.5,1867.80505,0.00712
-25.0,131.5,1871.56638,0.01615
-24.0,131.5,1869.42535,0.01801
-23.0,131.5,1871.14668,0.02507
-22.0,131.5,1869.59502,0.02893
-21.0,131.5,1871.50574,0.03022
-20.0,131.5,1876.53691,0.02831
-19.0,131.5,1875.16469,0.03203
-18.0,131.5,1877.73981,0.02733
-17.0,131.5,1876.6038,0.01888
-16.0,131.5,1874.54968,0.02274
-15.0,131.5,1874.24024,0.03371
-14.0,131.5,1875.80089,0.02696
-13.0,131.5,1876.54932,0.02366
-12.0,131.5,1869.38357,0.09305
-39.0,132.5,1836.53375,8.0
-38.0,132.5,1841.97303,-0.53333
-37.0,132.5,1835.84165,0.02729
-36.0,132.5,1831.64143,1.25869
-35.0,132.5,1837.91767,0.17598
-34.0,132.5,1838.03168,-0.19737
-33.0,132.5,1837.35238,-0.17192
-32.0,132.5,1850.04398,-0.03806
-31.0,132.5,1862.90219,0.01514
-30.0,132.5,1863.77423,0.01656
-29.0,132.5,1864.73853,0.01171
-28.0,132.5,1867.24363,0.01651
-27.0,132.5,1867.18544,0.01866
-26.0,132.5,1866.62308,0.01241
-25.0,132.5,1872.44943,0.01352
-24.0,132.5,1867.17483,0.01865
-23.0,132.5,1868.36644,0.01994
-22.0,132.5,1870.8847,0.0139
-21.0,132.5,1873.17588,0.0209
-20.0,132.5,1879.48931,0.03678
-19.0,132.5,1879.59578,0.02794
-18.0,132.5,1877.99837,0.01788
-17.0,132.5,1875.1959,0.01696
-16.0,132.5,1873.64666,0.0261
-15.0,132.5,1873.6908,0.03282
-14.0,132.5,1877.61675,0.0273
-13.0,132.5,1873.59865,0.02481
-12.0,132.5,1867.63905,0.1657
-38.0,133.5,1813.69308,-0.0
-36.0,133.5,1833.6608,0.02275
-35.0,133.5,1839.19685,-0.50751
-34.0,133.5,1836.32322,-0.06289
-33.0,133.5,1835.03572,-0.05172
-32.0,133.5,1855.47894,-0.04243
-31.0,133.5,1864.09134,0.02021
-30.0,133.5,1865.58406,0.01322
-29.0,133.5,1862.29952,0.01381
-28.0,133.5,1861.73608,0.01481
-27.0,133.5,1867.40879,0.00991
-26.0,133.5,1868.61745,0.01378
-25.0,133.5,1875.79581,0.01517
-24.0,133.5,1871.93434,0.01348
-23.0,133.5,1869.79408,0.01106
-22.0,133.5,1870.34298,0.01272
-21.0,133.5,1873.88019,0.01875
-20.0,133.5,1877.86219,0.02459
-19.0,133.5,1876.47897,0.01615
-18.0,133.5,1874.6097,0.01144
-17.0,133.5,1872.01621,0.0225
-16.0,133.5,1874.06139,0.02291
-15.0,133.5,1876.65498,0.02904
-14.0,133.5,1876.1844,0.03534
-13.0,133.5,1876.54644,0.0416
-12.0,133.5,1865.59168,0.04299
-38.0,134.5,1855.11384,-0.0
-37.0,134.5,1837.77297,-0.22054
-36.0,134.5,1834.87789,-0.1612
-35.0,134.5,1833.68233,0.00432
-34.0,134.5,1831.12159,-0.78478
-33.0,134.5,1849.86204,0.00483
-32.0,134.5,1865.00617,0.0143
-31.0,134.5,1864.79387,0.01571
-30.0,134.5,1866.65665,0.00944
-29.0,134.5,1869.09788,0.01476
-28.0,134.5,1868.93868,0.00647
-27.0,134.5,1869.28631,0.00848
-26.0,134.5,1870.84672,0.01164
-25.0,134.5,1877.50109,0.0113
-24.0,134.5,1871.04671,0.0102
-23.0,134.5,1868.80268,0.01015
-22.0,134.5,1873.29016,0.01751
-21.0,134.5,1876.22851,0.01571
-20.0,134.5,1874.46329,0.01728
-19.0,134.5,1874.03496,0.02139
-18.0,134.5,1871.62857,0.02219
-17.0,134.5,1870.46287,0.0251
-16.0,134.5,1875.25602,0.02655
-15.0,134.5,1878.50432,0.02322
-14.0,134.5,1874.45465,0.02917
-13.0,134.5,1871.1131,0.04863
-12.0,134.5,1860.89569,-1.76918
-39.0,135.5,1827.49558,-2.25879
-38.0,135.5,1836.83173,-1.79707
-37.0,135.5,1839.98698,-0.3084
-36.0,135.5,1834.79802,-0.49091
-35.0,135.5,1831.73636,0.04631
-34.0,135.5,1848.15406,0.01556
-33.0,135.5,1860.73771,0.00468
-32.0,135.5,1860.03193,0.01236
-31.0,135.5,1865.80612,0.01329
-30.0,135.5,1867.10022,0.01171
-29.0,135.5,1870.6098,0.00585
-28.0,135.5,1872.77961,0.00878
-27.0,135.5,1874.08411,0.00481
-26.0,135.5,1877.75823,0.01075
-25.0,135.5,1878.85726,0.01238
-24.0,135.5,1873.35883,0.01126
-23.0,135.5,1872.37143,0.00881
-22.0,135.5,1873.7617,0.01352
-21.0,135.5,1876.41088,0.01498
-20.0,135.5,1873.7202,0.01833
-19.0,135.5,1872.99316,0.0239
-18.0,135.5,1873.55849,0.01982
-17.0,135.5,1873.53843,0.02011
-16.0,135.5,1878.58716,0.01769
-15.0,135.5,1861.45709,0.08304
-14.0,135.5,1859.43176,0.13827
-13.0,135.5,1865.72571,0.06197
-12.0,135.5,1849.50793,-0.01557
-40.0,136.5,1826.41228,1.10887
-39.0,136.5,1837.12129,2.49575
-38.0,136.5,1842.13451,3.88155
-37.0,136.5,1844.26932,-0.14616
-36.0,136.5,1827.94172,0.05448
-35.0,136.5,1816.56467,-0.4165
-34.0,136.5,1844.33984,0.14775
-33.0,136.5,1859.63002,0.01108
-32.0,136.5,1860.07798,0.01629
-31.0,136.5,1869.07756,0.01826
-30.0,136.5,1869.38216,0.00917
-29.0,136.5,1870.05874,0.00049
-28.0,136.5,1873.4939,0.0076
-27.0,136.5,1877.37696,0.00533
-26.0,136.5,1878.80722,0.01415
-25.0,136.5,1879.8546,0.01135
-24.0,136.5,1878.83981,0.01234
-23.0,136.5,1875.91026,0.01122
-22.0,136.5,1876.14183,0.01162
-21.0,136.5,1877.31885,0.0123
-20.0,136.5,1874.39477,0.01084
-19.0,136.5,1874.04536,0.01127
-18.0,136.5,1872.10539,0.02344
-17.0,136.5,1875.89371,0.01379
-16.0,136.5,1866.89002,0.01786
-15.0,136.5,1863.25153,-0.17309
-14.0,136.5,1825.8138,0.88842
-13.0,136.5,1841.21539,0.04251
-12.0,136.5,1831.44126,0.06838
-40.0,137.5,1824.30192,0.0
-39.0,137.5,1844.16715,1.24317
-38.0,137.5,1846.06522,-3.46603
-37.0,137.5,1846.24573,0.35682
-36.0,137.5,1833.99903,0.04368
-35.0,137.5,1835.65264,-0.12372
-34.0,137.5,1837.59159,-0.02204
-33.0,137.5,1844.06546,0.01403
-32.0,137.5,1864.70711,0.01257
-31.0,137.5,1862.42144,0.00803
-30.0,137.5,1868.02401,0.0057
-29.0,137.5,1852.33898,-0.01174
-28.0,137.5,1868.3679,0.00731
-27.0,137.5,1878.48248,0.0064
-26.0,137.5,1877.61546,0.00807
-25.0,137.5,1880.46207,0.00828
-24.0,137.5,1879.34169,0.01518
-23.0,137.5,1878.33694,0.00669
-22.0,137.5,1875.47013,0.01272
-21.0,137.5,1875.11083,0.00544
-20.0,137.5,1875.33807,0.00706
-19.0,137.5,1874.53082,0.01407
-18.0,137.5,1874.12675,0.01548
-17.0,137.5,1873.40322,0.02016
-16.0,137.5,1857.93886,-0.00079
-15.0,137.5,1870.18612,-0.7218
-14.0,137.5,1829.95146,-0.32018
-13.0,137.5,1858.1692,-0.29755
-12.0,137.5,1828.79695,0.08449
-39.0,138.5,1841.8845,-2.64828
-38.0,138.5,1842.96993,2.63761
-37.0,138.5,1832.23012,-0.24615
-36.0,138.5,1827.22976,-0.10751
-35.0,138.5,1834.38785,-0.09497
-34.0,138.5,1854.89078,0.00032
-33.0,138.5,1857.46673,-0.00502
-32.0,138.5,1862.2639,-0.00644
-31.0,138.5,1865.09724,0.01372
-30.0,138.5,1867.72457,0.00135
-29.0,138.5,1871.5801,-0.0029
-28.0,138.5,1875.15973,0.00637
-27.0,138.5,1872.77154,0.01212
-26.0,138.5,1876.38907,0.00908
-25.0,138.5,1876.28498,0.01005
-24.0,138.5,1878.28794,0.0132
-23.0,138.5,1877.97966,0.0099
-22.0,138.5,1874.95237,0.00508
-21.0,138.5,1875.9579,0.00417
-20.0,138.5,1872.67954,0.01199
-19.0,138.5,1875.77127,0.0123
-18.0,138.5,1873.84636,0.00933
-17.0,138.5,1863.57692,0.04291
-16.0,138.5,1863.52979,0.23129
-15.0,138.5,1882.8696,-0.35473
-14.0,138.5,1835.55355,1.05814
-13.0,138.5,1873.02143,0.54842
-12.0,138.5,1878.0255,1.14286
-40.0,139.5,1818.84471,5.32827
-38.0,139.5,1821.30138,12.70719
-37.0,139.5,1821.19083,0.2497
-36.0,139.5,1843.14436,-0.00151
-35.0,139.5,1859.12817,0.00712
-34.0,139.5,1863.65661,0.01189
-33.0,139.5,1862.74114,0.00278
-32.0,139.5,1865.70679,0.00393
-31.0,139.5,1865.35863,-0.00766
-30.0,139.5,1865.98501,-0.003
-29.0,139.5,1869.65145,-0.00242
-28.0,139.5,1873.0676,0.00538
-27.0,139.5,1871.84501,0.01264
-26.0,139.5,1873.88998,0.01572
-25.0,139.5,1874.76445,0.00633
-24.0,139.5,1871.73774,0.00922
-23.0,139.5,1877.55484,0.01179
-22.0,139.5,1876.20708,0.01026
-21.0,139.5,1871.07683,0.01174
-20.0,139.5,1869.34385,0.01574
-19.0,139.5,1870.792,0.01798
-18.0,139.5,1872.19857,0.01986
-17.0,139.5,1833.87594,-0.17532
-16.0,139.5,1839.60153,3.13848
-15.0,139.5,1880.57213,-0.32241
-14.0,139.5,1882.22417,-1.87943
-13.0,139.5,1872.00392,-0.24562
-12.0,139.5,1879.35638,-0.17984
-40.0,140.5,1799.33533,-0.0
-39.0,140.5,1813.6664,0.0
-38.0,140.5,1832.61317,10.63587
-37.0,140.5,1848.7664,0.01345
-36.0,140.5,1854.71722,0.00792
-35.0,140.5,1862.40697,0.00711
-34.0,140.5,1860.00626,0.02277
-33.0,140.5,1861.55915,0.01386
-32.0,140.5,1867.57736,0.01243
-31.0,140.5,1871.00372,0.00073
-30.0,140.5,1871.16346,-0.009
-29.0,140.5,1871.54783,-0.00538
-28.0,140.5,1868.03138,0.00389
-27.0,140.5,1871.74759,0.00616
-26.0,140.5,1872.93328,0.01677
-25.0,140.5,1871.61978,0.02568
-24.0,140.5,1875.29974,0.01669
-23.0,140.5,1875.12526,0.0182
-22.0,140.5,1871.86242,0.0155
-21.0,140.5,1869.90325,0.01373
-20.0,140.5,1872.21724,0.01594
-19.0,140.5,1870.71772,0.01903
-18.0,140.5,1870.56394,0.01951
-17.0,140.5,1862.29651,0.13715
-16.0,140.5,1862.56997,0.70491
-15.0,140.5,1874.76292,-0.53536
-14.0,140.5,1866.76182,-0.21607
-13.0,140.5,1857.03252,-0.72512
-12.0,140.5,1887.82489,-0.39582
-38.0,141.5,1838.69315,0.01044
-37.0,141.5,1849.73446,0.01058
-36.0,141.5,1854.52826,0.01498
-35.0,141.5,1856.54397,0.02639
-34.0,141.5,1861.91926,0.00198
-33.0,141.5,1862.84132,0.01243
-32.0,141.5,1866.54833,0.01537
-31.0,141.5,1867.44886,-2e-05
-30.0,141.5,1870.45287,-0.00199
-29.0,141.5,1867.2907,-0.00178
-28.0,141.5,1864.07954,0.01461
-27.0,141.5,1867.50548,0.01485
-26.0,141.5,1867.44379,0.02151
-25.0,141.5,1875.35059,0.01316
-24.0,141.5,1871.20689,0.01584
-23.0,141.5,1871.83341,0.0187
-22.0,141.5,1866.54196,0.01581
-21.0,141.5,1871.73454,0.02196
-20.0,141.5,1872.123,0.02248
-19.0,141.5,1870.98509,0.01814
-18.0,141.5,1870.72572,0.02699
-17.0,141.5,1871.52217,0.02163
-16.0,141.5,1861.48162,0.16422
-15.0,141.5,1854.83185,-0.1277
-14.0,141.5,1855.53699,0.10451
-13.0,141.5,1860.99693,-0.01415
-12.0,141.5,1873.50249,-0.12861
-39.0,142.5,1815.95148,-0.02616
-38.0,142.5,1848.41357,0.00713
-37.0,142.5,1850.65816,5e-05
-36.0,142.5,1855.72197,0.00661
-35.0,142.5,1858.5029,0.01154
-34.0,142.5,1860.2213,0.02178
-33.0,142.5,1863.39441,0.0198
-32.0,142.5,1865.60237,0.0181
-31.0,142.5,1867.09878,0.0094
-30.0,142.5,1868.74055,0.00386
-29.0,142.5,1860.77158,0.01244
-28.0,142.5,1868.41558,0.01731
-27.0,142.5,1868.84835,0.02039
-26.0,142.5,1864.21253,0.02269
-25.0,142.5,1869.17432,0.01772
-24.0,142.5,1868.38331,0.01756
-23.0,142.5,1868.7346,0.01843
-22.0,142.5,1868.25696,0.01793
-21.0,142.5,1870.55817,0.02538
-20.0,142.5,1870.64974,0.01806
-19.0,142.5,1870.72447,0.01286
-18.0,142.5,1871.80287,0.02558
-17.0,142.5,1869.68457,0.03146
-16.0,142.5,1869.65838,0.02792
-15.0,142.5,1865.83526,0.01047
-14.0,142.5,1865.56645,0.02402
-13.0,142.5,1870.8364,0.0354
-12.0,142.5,1864.41714,-0.02791
-40.0,143.5,1828.34904,-0.05726
-39.0,143.5,1823.01913,0.00919
-38.0,143.5,1848.39281,0.00766
-37.0,143.5,1851.06935,0.01172
-36.0,143.5,1853.89955,0.01836
-35.0,143.5,1856.33368,0.01914
-34.0,143.5,1858.76647,0.02088
-33.0,143.5,1861.47265,0.02421
-32.0,143.5,1863.50479,0.02611
-31.0,143.5,1864.64917,0.0168
-30.0,143.5,1865.21707,0.00601
-29.0,143.5,1867.83689,0.01145
-28.0,143.5,1868.28018,0.01926
-27.0,143.5,1870.03832,0.01989
-26.0,143.5,1870.97308,0.02319
-25.0,143.5,1868.30565,0.02021
-24.0,143.5,1868.75783,0.02066
-23.0,143.5,1868.28268,0.0185
-22.0,143.5,1868.029,0.02233
-21.0,143.5,1872.09796,0.02188
-20.0,143.5,1867.66105,0.01722
-19.0,143.5,1865.96651,0.01574
-18.0,143.5,1870.2357,0.02735
-17.0,143.5,1871.18421,0.0285
-16.0,143.5,1867.6832,0.00294
-15.0,143.5,1870.00776,0.00052
-14.0,143.5,1851.72474,0.01451
-13.0,143.5,1848.24634,-0.0398
-12.0,143.5,1830.94968,-0.50455
-42.0,144.5,1812.80799,0.48865
-41.0,144.5,1816.46985,0.06822
-40.0,144.5,1796.50505,-0.79556
-39.0,144.5,1818.57175,-0.66096
-38.0,144.5,1842.78825,0.01972
-37.0,144.5,1846.48614,0.02046
-36.0,144.5,1851.53293,0.02365
-35.0,144.5,1857.24866,0.02412
-34.0,144.5,1859.71778,0.03593
-33.0,144.5,1860.00846,0.03013
-32.0,144.5,1861.72635,0.02898
-31.0,144.5,1865.41533,0.0229
-30.0,144.5,1865.95175,0.0201
-29.0,144.5,1864.48478,0.02706
-28.0,144.5,1864.7855,0.02235
-27.0,144.5,1867.11668,0.02245
-26.0,144.5,1867.10152,0.02519
-25.0,144.5,1863.02138,0.02403
-24.0,144.5,1868.93849,0.02935
-23.0,144.5,1867.99174,0.01884
-22.0,144.5,1869.04749,0.01534
-21.0,144.5,1870.25738,0.01387
-20.0,144.5,1866.86309,0.02006
-19.0,144.5,1869.12423,0.02095
-18.0,144.5,1870.06941,0.02381
-17.0,144.5,1872.32122,0.02257
-16.0,144.5,1864.49449,-0.00267
-15.0,144.5,1866.41134,0.00454
-14.0,144.5,1852.31097,-0.21757
-13.0,144.5,1883.29453,2.52255
-12.0,144.5,1881.85765,-0.04226
-43.0,145.5,1803.91258,0.09636
-42.0,145.5,1806.35692,0.03358
-41.0,145.5,1816.53677,0.06917
-40.0,145.5,1804.73111,1.4092
-39.0,145.5,1813.15186,-0.16623
-38.0,145.5,1845.03688,0.02922
-37.0,145.5,1847.08108,0.01876
-36.0,145.5,1850.84494,0.02426
-35.0,145.5,1856.28837,0.03036
-34.0,145.5,1860.88347,0.03399
-33.0,145.5,1856.64144,0.03553
-32.0,145.5,1858.99296,0.03024
-31.0,145.5,1860.23299,0.02594
-30.0,145.5,1866.05103,0.02397
-29.0,145.5,1863.17433,0.0322
-28.0,145.5,1864.60223,0.03357
-27.0,145.5,1864.89505,0.02914
-26.0,145.5,1863.21275,0.02945
-25.0,145.5,1866.58603,0.0311
-24.0,145.5,1868.15695,0.02151
-23.0,145.5,1869.4273,0.0134
-22.0,145.5,1869.81098,0.01184
-21.0,145.5,1867.56156,0.0147
-20.0,145.5,1867.01633,0.01901
-19.0,145.5,1867.86229,0.02082
-18.0,145.5,1864.15196,0.03885
-17.0,145.5,1850.56129,0.18464
-16.0,145.5,1823.85316,0.02932
-15.0,145.5,1817.08679,-0.16936
-14.0,145.5,1866.82231,-0.58466
-13.0,145.5,1862.83788,-0.60685
-12.0,145.5,1876.71867,-0.22495
-44.0,146.5,1793.91131,0.19545
-43.0,146.5,1810.90721,0.26556
-42.0,146.5,1832.4828,0.01902
-41.0,146.5,1825.06892,0.02651
-39.0,146.5,1832.50383,-0.11044
-38.0,146.5,1841.83035,0.0636
-37.0,146.5,1842.27095,0.03594
-36.0,146.5,1850.21911,0.01722
-35.0,146.5,1854.95048,0.01626
-34.0,146.5,1857.58378,0.01927
-33.0,146.5,1858.86548,0.02338
-32.0,146.5,1860.57719,0.02797
-31.0,146.5,1861.0359,0.02969
-30.0,146.5,1864.47477,0.03222
-29.0,146.5,1862.5522,0.03479
-28.0,146.5,1863.66523,0.03656
-27.0,146.5,1861.13108,0.0346
-26.0,146.5,1865.04499,0.03263
-25.0,146.5,1864.90899,0.02687
-24.0,146.5,1866.51908,0.01475
-23.0,146.5,1867.21153,0.01354
-22.0,146.5,1867.00545,0.0188
-21.0,146.5,1870.33689,0.02006
-20.0,146.5,1870.03357,0.01951
-19.0,146.5,1842.65726,-0.00441
-18.0,146.5,1827.26983,0.18003
-17.0,146.5,1846.74998,-0.43351
-16.0,146.5,1873.35275,1.58969
-15.0,146.5,1868.72221,-0.54695
-14.0,146.5,1856.26629,-0.16995
-13.0,146.5,1831.0643,1.40917
-12.0,146.5,1862.03475,6.43267
-44.0,147.5,1800.13,-0.16461
-43.0,147.5,1818.15056,0.79118
-42.0,147.5,1842.87342,0.0434
-41.0,147.5,1832.90047,0.02995
-40.0,147.5,1815.71336,0.17014
-39.0,147.5,1831.39417,0.2176
-38.0,147.5,1835.4308,0.03166
-37.0,147.5,1848.17566,-0.01019
-36.0,147.5,1845.7252,0.01084
-35.0,147.5,1851.36403,0.01128
-34.0,147.5,1854.94196,0.00958
-33.0,147.5,1856.51983,0.01766
-32.0,147.5,1859.28291,0.0213
-31.0,147.5,1862.39091,0.0254
-30.0,147.5,1862.45435,0.03718
-29.0,147.5,1861.14699,0.04093
-28.0,147.5,1865.48437,0.0373
-27.0,147.5,1866.09453,0.03499
-26.0,147.5,1862.16641,0.03178
-25.0,147.5,1859.3201,0.01861
-24.0,147.5,1866.9658,0.01965
-23.0,147.5,1867.61613,0.02567
-22.0,147.5,1870.79678,0.02457
-21.0,147.5,1871.56141,0.02017
-20.0,147.5,1860.5692,0.01445
-19.0,147.5,1860.83544,0.30251
-18.0,147.5,1871.94796,-0.96127
-17.0,147.5,1870.03073,-0.06056
-16.0,147.5,1868.79263,0.46042
-15.0,147.5,1856.96261,-5.01713
-14.0,147.5,1840.03741,-0.19259
-13.0,147.5,1860.47605,-0.91579
-12.0,147.5,1882.54569,0.31124
-43.0,148.5,1786.97825,-0.12624
-42.0,148.5,1791.45587,0.01189
-41.0,148.5,1809.56152,0.20476
-40.0,148.5,1821.8723,-0.10765
-39.0,148.5,1848.91383,-5.53617
-38.0,148.5,1831.4786,0.45814
-37.0,148.5,1846.98413,0.01131
-36.0,148.5,1845.72175,0.00612
-35.0,148.5,1844.97673,0.01759
-34.0,148.5,1849.65158,0.01284
-33.0,148.5,1851.7906,0.02372
-32.0,148.5,1856.16558,0.02693
-31.0,148.5,1858.23843,0.03157
-30.0,148.5,1859.76892,0.0394
-29.0,148.5,1862.97324,0.03849
-28.0,148.5,1865.64491,0.03921
-27.0,148.5,1867.12935,0.03696
-26.0,148.5,1864.66005,0.03023
-25.0,148.5,1860.8736,0.02257
-24.0,148.5,1865.92149,0.01727
-23.0,148.5,1869.33923,0.0221
-22.0,148.5,1872.2998,0.01735
-21.0,148.5,1858.90018,0.01835
-20.0,148.5,1834.87344,-0.47654
-19.0,148.5,1874.12848,-0.11304
-18.0,148.5,1878.34927,0.69277
-17.0,148.5,1874.81847,-0.35945
-16.0,148.5,1868.72235,-0.9704
-15.0,148.5,1842.72403,-1.36639
-14.0,148.5,1845.55112,-0.44942
-13.0,148.5,1860.05506,-2.84791
-12.0,148.5,1873.63048,0.74437
-41.0,149.5,1823.1274,2.57751
-40.0,149.5,1819.12408,-0.58537
-38.0,149.5,1823.94651,0.04196
-37.0,149.5,1838.49034,0.02803
-36.0,149.5,1845.62732,0.03493
-35.0,149.5,1849.00075,0.02776
-34.0,149.5,1846.28784,0.026
-33.0,149.5,1850.33781,0.0249
-32.0,149.5,1853.16388,0.02968
-31.0,149.5,1849.83289,0.03249
-30.0,149.5,1859.60277,0.03169
-29.0,149.5,1862.65216,0.03814
-28.0,149.5,1865.0888,0.03354
-27.0,149.5,1865.67613,0.02985
-26.0,149.5,1864.18798,0.02072
-25.0,149.5,1863.70389,0.01657
-24.0,149.5,1866.8357,0.02656
-23.0,149.5,1868.22447,0.02968
-22.0,149.5,1837.10425,0.0461
-21.0,149.5,1812.24855,0.1795
-20.0,149.5,1825.60032,-0.35256
-19.0,149.5,1863.38602,-0.06691
-18.0,149.5,1871.96559,0.02341
-17.0,149.5,1866.69617,-0.19254
-16.0,149.5,1839.30365,-0.8732
-15.0,149.5,1845.17314,-1.52535
-14.0,149.5,1858.50251,0.04463
-13.0,149.5,1847.91241,0.13047
-12.0,149.5,1873.15532,0.35517
-41.0,150.5,1817.5943,8.0
-38.0,150.5,1819.37113,-0.35635
-37.0,150.5,1808.69514,-0.19836
-36.0,150.5,1812.25683,-0.20038
-35.0,150.5,1825.33703,0.04362
-34.0,150.5,1843.73302,0.02662
-33.0,150.5,1841.94267,0.03518
-32.0,150.5,1853.73574,0.03309
-31.0,150.5,1856.08007,0.02905
-30.0,150.5,1856.31546,0.03201
-29.0,150.5,1860.79731,0.02761
-28.0,150.5,1861.46887,0.03219
-27.0,150.5,1861.67051,0.02356
-26.0,150.5,1859.15003,0.02181
-25.0,150.5,1864.97833,0.01648
-24.0,150.5,1867.63385,0.02531
-23.0,150.5,1843.8114,0.08457
-22.0,150.5,1815.95972,0.10819
-21.0,150.5,1861.57323,-0.30233
-20.0,150.5,1845.66364,0.03606
-19.0,150.5,1872.08656,-0.36774
-18.0,150.5,1875.28672,-0.15278
-17.0,150.5,1865.80927,-0.05881
-16.0,150.5,1865.50439,0.29705
-15.0,150.5,1865.2224,0.46656
-14.0,150.5,1870.83111,0.06442
-13.0,150.5,1874.79328,0.44272
-12.0,150.5,1868.94275,0.00853
-37.0,151.5,1812.3352,1.19651
-36.0,151.5,1830.565,-0.0
-35.0,151.5,1842.28212,-0.79405
-34.0,151.5,1829.12924,-0.03618
-33.0,151.5,1840.63091,-0.00778
-32.0,151.5,1854.88572,0.02497
-31.0,151.5,1855.72359,0.02758
-30.0,151.5,1854.78789,0.03421
-29.0,151.5,1858.72284,0.03504
-28.0,151.5,1859.74,0.02659
-27.0,151.5,1861.91634,0.02258
-26.0,151.5,1859.29677,0.02676
-25.0,151.5,1860.56436,0.02201
-24.0,151.5,1843.05163,0.04079
-23.0,151.5,1849.58931,0.2572
-22.0,151.5,1867.10134,-0.90712
-21.0,151.5,1861.91921,0.11977
-20.0,151.5,1872.26703,0.11422
-19.0,151.5,1874.60989,0.27302
-18.0,151.5,1872.06129,-0.83349
-17.0,151.5,1868.68211,-2.67827
-16.0,151.5,1851.47355,0.13602
-15.0,151.5,1860.91633,0.02701
-14.0,151.5,1856.04745,-0.36057
-13.0,151.5,1855.18184,-0.4181
-12.0,151.5,1849.53521,-0.08426
-37.0,152.5,1806.91465,5.0
-36.0,152.5,1859.0979,-0.72423
-35.0,152.5,1859.40865,-0.05138
-34.0,152.5,1857.49832,-0.15404
-33.0,152.5,1849.02624,-0.20217
-32.0,152.5,1829.09793,-0.02959
-31.0,152.5,1843.6245,0.07854
-30.0,152.5,1844.05692,0.03589
-29.0,152.5,1849.98023,0.02789
-28.0,152.5,1856.69951,0.01883
-27.0,152.5,1854.81085,0.0205
-26.0,152.5,1852.44069,0.02646
-25.0,152.5,1839.57825,-0.06191
-24.0,152.5,1852.87557,-0.32247
-23.0,152.5,1865.26582,0.11945
-22.0,152.5,1859.01932,-0.17058
-21.0,152.5,1851.23632,0.45024
-20.0,152.5,1867.5389,-0.48219
-19.0,152.5,1869.31021,-1.04317
-18.0,152.5,1873.73736,-0.29083
-17.0,152.5,1861.75149,-11.00012
-16.0,152.5,1866.74875,0.09523
-15.0,152.5,1848.66497,0.10962
-14.0,152.5,1863.36266,-0.22695
-13.0,152.5,1843.23873,0.09506
-12.0,152.5,1860.29024,0.55886
-39.0,153.5,1853.92065,8.0
-38.0,153.5,1854.02544,4.01136
-37.0,153.5,1846.39338,-1.37843
-36.0,153.5,1848.88002,1.15445
-35.0,153.5,1856.44062,-0.06832
-34.0,153.5,1854.01726,0.96721
-33.0,153.5,1857.17105,0.05009
-32.0,153.5,1855.78524,-0.06503
-31.0,153.5,1838.59135,0.00682
-30.0,153.5,1840.37588,-0.08477
-29.0,153.5,1836.77191,0.00201
-28.0,153.5,1831.79212,-0.57179
-27.0,153.5,1826.68609,0.24466
-26.0,153.5,1845.05001,-0.01371
-25.0,153.5,1847.5293,0.0421
-24.0,153.5,1866.8753,0.27901
-23.0,153.5,1858.06921,1.64353
-22.0,153.5,1859.37793,-0.07762
-21.0,153.5,1868.6594,-0.17772
-20.0,153.5,1874.09002,-0.10813
-19.0,153.5,1875.03422,-1.59482
-18.0,153.5,1877.25246,-1.06854
-17.0,153.5,1868.94941,0.31348
-16.0,153.5,1846.61616,0.56802
-15.0,153.5,1849.80002,0.98969
-14.0,153.5,1833.99734,-0.16462
-13.0,153.5,1850.538,-0.2301
-12.0,153.5,1852.27908,0.36677
-37.0,154.5,1831.81164,-4.0
-36.0,154.5,1839.2213,6.18301
-35.0,154.5,1848.42248,0.09888
-34.0,154.5,1852.77644,0.0309
-33.0,154.5,1851.17656,-0.40757
-32.0,154.5,1850.30015,-0.24653
-31.0,154.5,1862.18917,-0.13351
-30.0,154.5,1864.06538,-1.68672
-29.0,154.5,1864.69506,-0.92441
-28.0,154.5,1858.18472,0.24055
-27.0,154.5,1859.76291,0.06491
-26.0,154.5,1867.6442,-0.05058
-25.0,154.5,1866.53451,0.71697
-24.0,154.5,1875.12408,1.29777
-23.0,154.5,1870.68692,-0.17875
-22.0,154.5,1866.23906,-0.04194
-21.0,154.5,1850.57917,0.02131
-20.0,154.5,1869.67227,0.21662
-19.0,154.5,1860.75642,0.81742
-18.0,154.5,1867.26879,-1.1535
-17.0,154.5,1862.48347,-0.63074
-16.0,154.5,1878.17904,-0.84962
-15.0,154.5,1854.47599,-0.42428
-14.0,154.5,1871.228,0.03316
-13.0,154.5,1861.94613,-0.45008
-12.0,154.5,1864.24006,1.6122
-38.0,155.5,1837.58962,1.93131
-37.0,155.5,1837.66832,-1.5146
-36.0,155.5,1841.9303,-1.41788
-35.0,155.5,1845.27309,2.23323
-34.0,155.5,1859.40139,-0.2104
-33.0,155.5,1853.70009,-0.83748
-32.0,155.5,1852.38002,-0.71892
-31.0,155.5,1854.72223,-0.35365
-30.0,155.5,1855.88031,-2.02327
-29.0,155.5,1861.59971,-1.51418
-28.0,155.5,1858.22751,-0.7553
-27.0,155.5,1847.39199,-0.07616
-26.0,155.5,1853.57988,0.11316
-25.0,155.5,1865.11561,-0.08678
-24.0,155.5,1866.27356,-0.11235
-23.0,155.5,1865.38647,-0.39521
-22.0,155.5,1866.24881,-0.07326
-21.0,155.5,1865.36731,-0.17679
-20.0,155.5,1875.68413,-0.71735
-19.0,155.5,1877.43557,-0.21157
-18.0,155.5,1887.5163,-0.58924
-17.0,155.5,1880.57079,0.45647
-16.0,155.5,1884.83079,-8.0
-15.0,155.5,1869.75649,2.44848
-14.0,155.5,1871.14016,-1.53846
-13.0,155.5,1857.96393,1.6257
-12.0,155.5,1856.66824,1.06119
-39.0,156.5,1840.37269,-2.67064
-38.0,156.5,1835.51588,0.63317
-37.0,156.5,1844.54288,-2.42202
-36.0,156.5,1853.13497,-2.83799
-35.0,156.5,1853.04272,-2.47902
-34.0,156.5,1860.9823,-0.34791
-33.0,156.5,1852.02469,0.04244
-32.0,156.5,1854.74509,-0.29694
-31.0,156.5,1852.62057,-0.59098
-30.0,156.5,1857.20202,-1.21175
-29.0,156.5,1859.1629,-0.02352
-28.0,156.5,1858.99093,0.08801
-27.0,156.5,1856.43016,-0.51074
-26.0,156.5,1858.24645,-0.04882
-25.0,156.5,1865.00312,-2.17806
-24.0,156.5,1864.61488,0.38657
-23.0,156.5,1870.00097,0.55017
-22.0,156.5,1868.91801,0.32273
-21.0,156.5,1865.58845,0.2047
-20.0,156.5,1869.95833,0.62148
-19.0,156.5,1871.37873,0.00597
-18.0,156.5,1873.06766,0.70305
-17.0,156.5,1876.80603,1.32994
-16.0,156.5,1871.45492,0.13644
-15.0,156.5,1871.70014,-0.02834
-14.0,156.5,1873.2118,1.13593
-13.0,156.5,1875.84532,-0.41079
-12.0,156.5,1887.38455,-0.13361
-39.0,157.5,1842.97105,-1.35776
-38.0,157.5,1831.54054,0.23169
-37.0,157.5,1852.53702,0.79631
-36.0,157.5,1850.95312,0.12444
-35.0,157.5,1852.50542,-0.17905
-34.0,157.5,1855.12641,0.59676
-33.0,157.5,1853.55071,0.03425
-32.0,157.5,1855.70429,0.4227
-31.0,157.5,1850.616,-0.21859
-30.0,157.5,1851.78942,-1.79038
-29.0,157.5,1849.42137,-0.031
-28.0,157.5,1850.78262,-0.03776
-27.0,157.5,1855.97905,-0.06388
-26.0,157.5,1861.59097,-0.19335
-25.0,157.5,1857.38763,-0.26258
-24.0,157.5,1865.00758,-0.23279
-23.0,157.5,1864.09749,-0.31708
-22.0,157.5,1865.27251,-0.34389
-21.0,157.5,1858.01805,-0.14632
-20.0,157.5,1869.50613,0.85293
-19.0,157.5,1870.13843,0.15553
-18.0,157.5,1869.18902,-0.02358
-17.0,157.5,1872.35141,-0.5421
-16.0,157.5,1873.37057,-0.00948
-15.0,157.5,1868.58061,-0.01444
-14.0,157.5,1873.32578,-0.57244
-13.0,157.5,1881.85946,-0.12539
-12.0,157.5,1881.93408,-0.44872
-39.0,158.5,1823.07169,0.17436
-38.0,158.5,1854.2029,2.01717
-37.0,158.5,1847.84132,-1.60262
-36.0,158.5,1841.59238,-1.69605
-35.0,158.5,1844.09175,1.34677
-34.0,158.5,1850.88618,1.05027
-33.0,158.5,1848.38784,-0.42426
-32.0,158.5,1853.16463,0.13499
-31.0,158.5,1853.31266,0.03533
-30.0,158.5,1854.8104,0.13807
-29.0,158.5,1855.6911,0.17548
-28.0,158.5,1854.91636,0.4359
-27.0,158.5,1854.63034,0.06411
-26.0,158.5,1858.82399,0.31016
-25.0,158.5,1860.37949,0.74759
-24.0,158.5,1866.93384,-0.4514
-23.0,158.5,1848.40037,-1.86396
-22.0,158.5,1868.19794,0.16254
-21.0,158.5,1868.27469,-0.33209
-20.0,158.5,1874.22605,-0.44266
-19.0,158.5,1878.2014,0.52605
-18.0,158.5,1870.1294,0.26802
-17.0,158.5,1872.92754,0.45002
-16.0,158.5,1870.15682,-0.54132
-15.0,158.5,1868.46117,0.21488
-14.0,158.5,1859.74303,-1.25998
-13.0,158.5,1865.05828,-0.53674
-12.0,158.5,1864.15907,1.38796
-39.0,159.5,1849.19084,2.54493
-38.0,159.5,1857.25721,0.34386
-37.0,159.5,1847.32123,1.08411
-36.0,159.5,1846.47981,0.67348
-35.0,159.5,1845.96355,0.14523
-34.0,159.5,1849.49503,-0.17972
-33.0,159.5,1843.37272,0.14266
-32.0,159.5,1845.32662,0.24291
-31.0,159.5,1852.89072,0.36686
-30.0,159.5,1849.32458,0.51152
-29.0,159.5,1856.38116,0.14241
-28.0,159.5,1852.37154,0.54401
-27.0,159.5,1860.88264,-0.21828
-26.0,159.5,1864.61187,-2.28343
-25.0,159.5,1856.35099,-0.14422
-24.0,159.5,1856.71923,0.17961
-23.0,159.5,1868.41704,0.48695
-22.0,159.5,1868.74391,-0.13333
-21.0,159.5,1873.98382,0.77073
-20.0,159.5,1876.44385,0.37807
-19.0,159.5,1869.48652,5.39069
-18.0,159.5,1865.86776,2.93919
-17.0,159.5,1873.05609,0.27994
-16.0,159.5,1869.65547,0.79518
-15.0,159.5,1878.85616,0.34354
-14.0,159.5,1865.62593,0.35685
-13.0,159.5,1841.94943,0.27495
-12.0,159.5,1848.17783,-1.99087
-38.0,160.5,1856.09289,-0.65306
-37.0,160.5,1850.98928,1.92593
-36.0,160.5,1840.33281,-1.97545
-35.0,160.5,1845.99287,0.12565
-34.0,160.5,1849.98842,-0.36084
-33.0,160.5,1849.51593,-0.18101
-32.0,160.5,1851.45269,0.54288
-31.0,160.5,1840.41494,0.49712
-30.0,160.5,1845.10476,0.73209
-29.0,160.5,1842.82583,0.29758
-28.0,160.5,1852.17132,-0.56276
-27.0,160.5,1857.15661,0.07829
-26.0,160.5,1859.77433,-0.68812
-25.0,160.5,1860.5272,-0.81933
-24.0,160.5,1846.01145,0.08919
-23.0,160.5,1856.59627,1.40345
-22.0,160.5,1868.20048,0.01895
-21.0,160.5,1872.37634,0.05852
-20.0,160.5,1870.64924,-0.29495
-19.0,160.5,1852.36042,-0.25482
-18.0,160.5,1849.28205,0.20714
-17.0,160.5,1868.82842,-0.82433
-16.0,160.5,1862.39557,1.08336
-15.0,160.5,1858.68386,0.21799
-14.0,160.5,1875.28337,5.12789
-13.0,160.5,1844.40052,-1.73981
-12.0,160.5,1829.16065,0.00571
-38.0,161.5,1835.09704,4.0
-37.0,161.5,1864.01575,0.0
-36.0,161.5,1874.10217,-0.00757
-35.0,161.5,1846.99244,0.08637
-34.0,161.5,1843.51809,1.59526
-33.0,161.5,1863.98099,-0.16096
-32.0,161.5,1838.22516,0.35122
-31.0,161.5,1841.73498,0.05083
-30.0,161.5,1846.05917,0.34064
-29.0,161.5,1855.72322,0.05729
-28.0,161.5,1853.76202,-0.41373
-27.0,161.5,1854.69336,0.40145
-26.0,161.5,1856.63775,-0.07349
-25.0,161.5,1849.20756,0.47931
-24.0,161.5,1850.81116,0.00405
-23.0,161.5,1852.93429,-7.98094
-22.0,161.5,1870.37017,-2.2385
-21.0,161.5,1871.75483,-0.5118
-20.0,161.5,1868.98456,0.31949
-19.0,161.5,1870.30885,-1.0909
-18.0,161.5,1849.52559,-0.09485
-17.0,161.5,1861.05133,0.09768
-16.0,161.5,1868.16481,-0.80669
-15.0,161.5,1865.39895,0.18854
-14.0,161.5,1863.6423,0.76883
-13.0,161.5,1872.1886,-2.06811
-12.0,161.5,1860.91139,-0.06914
-40.0,162.5,1836.922,-0.0
-39.0,162.5,1839.93154,0.0
-38.0,162.5,1855.09534,0.66881
-37.0,162.5,1867.39577,0.23354
-36.0,162.5,1875.87239,0.84286
-35.0,162.5,1819.72834,-0.36799
-34.0,162.5,1829.06405,-0.50574
-33.0,162.5,1831.02755,-0.37105
-32.0,162.5,1842.21521,0.54723
-31.0,162.5,1847.53832,0.14066
-30.0,162.5,1855.13815,0.30071
-29.0,162.5,1848.00241,-1.04727
-28.0,162.5,1856.07322,-0.82191
-27.0,162.5,1856.07816,0.11418
-26.0,162.5,1856.18745,-0.29129
-25.0,162.5,1853.98337,-0.44298
-24.0,162.5,1861.4925,-0.17184
-23.0,162.5,1869.86794,0.6254
-22.0,162.5,1869.94777,0.74751
-21.0,162.5,1860.692,-0.91487
-20.0,162.5,1868.51028,-0.51916
-19.0,162.5,1871.90848,-0.83975
-18.0,162.5,1862.78574,0.53827
-17.0,162.5,1880.44144,-1.31213
-16.0,162.5,1872.76493,-0.17708
-15.0,162.5,1874.60919,-1.52511
-14.0,162.5,1866.49078,0.99023
-13.0,162.5,1872.79587,-0.44902
-12.0,162.5,1870.81977,-0.14902
-40.0,163.5,1829.18397,-0.0
-39.0,163.5,1854.09991,-1.60373
-38.0,163.5,1857.35894,-2.68322
-37.0,163.5,1862.30747,-0.63293
-36.0,163.5,1861.42912,-2.84953
-35.0,163.5,1828.02199,0.92392
-34.0,163.5,1835.87916,-0.36399
-33.0,163.5,1840.32901,-0.4563
-32.0,163.5,1853.84645,0.52384
-31.0,163.5,1852.22379,-0.35748
-30.0,163.5,1853.30344,0.12511
-29.0,163.5,1854.17144,0.26889
-28.0,163.5,1846.10387,-1.44507
-27.0,163.5,1865.47053,-0.14978
-26.0,163.5,1860.73708,-0.10592
-25.0,163.5,1863.75295,-0.01052
-24.0,163.5,1869.32405,-1.19979
-23.0,163.5,1864.73482,-0.63458
-22.0,163.5,1859.38432,-1.07912
-21.0,163.5,1863.49261,-0.60607
-20.0,163.5,1849.16163,-0.31127
-19.0,163.5,1854.0893,0.05852
-18.0,163.5,1847.14967,0.36814
-17.0,163.5,1867.70589,-1.26496
-16.0,163.5,1873.66059,-0.54646
-15.0,163.5,1863.77486,0.48048
-14.0,163.5,1878.09956,0.16525
-13.0,163.5,1857.11123,-0.12794
-12.0,163.5,1857.99033,-0.00194
-39.0,164.5,1853.85903,-0.96805
-38.0,164.5,1857.92657,-0.63977
-37.0,164.5,1851.69126,1.27097
-36.0,164.5,1818.50409,3.86263
-35.0,164.5,1838.71604,-0.54092
-34.0,164.5,1838.60547,-0.31667
-33.0,164.5,1851.67533,-0.42249
-32.0,164.5,1854.19261,0.3419
-31.0,164.5,1847.42863,-0.56421
-30.0,164.5,1872.09538,-0.06305
-29.0,164.5,1853.28942,-0.68798
-28.0,164.5,1850.90393,-0.9247
-27.0,164.5,1863.03975,0.21101
-26.0,164.5,1853.45694,-0.92675
-25.0,164.5,1868.29253,-0.99406
-24.0,164.5,1874.8346,0.08284
-23.0,164.5,1867.04599,-0.27722
-22.0,164.5,1862.63865,-0.11718
-21.0,164.5,1845.06968,-0.04353
-20.0,164.5,1843.1732,-0.19368
-19.0,164.5,1856.30016,-0.58227
-18.0,164.5,1845.34127,-1.9171
-17.0,164.5,1855.02008,0.72033
-16.0,164.5,1872.08182,1.97229
-15.0,164.5,1865.17863,1.69665
-14.0,164.5,1869.44215,1.22704
-13.0,164.5,1855.8249,0.13941
-12.0,164.5,1857.45731,1.93566
-38.0,165.5,1842.47849,-0.0
-37.0,165.5,1846.50923,-0.0
-36.0,165.5,1843.54225,-1.12281
-35.0,165.5,1845.96543,0.29012
-34.0,165.5,1845.77901,-0.48344
-33.0,165.5,1849.99669,0.28753
-32.0,165.5,1853.04094,0.06012
-31.0,165.5,1846.58747,-0.07142
-30.0,165.5,1866.68294,0.49297
-29.0,165.5,1856.61156,-1.28056
-28.0,165.5,1855.15161,-0.56391
-27.0,165.5,1850.94748,-1.83994
-26.0,165.5,1865.94419,-0.37307
-25.0,165.5,1864.6224,0.09261
-24.0,165.5,1864.32555,0.1527
-23.0,165.5,1869.42153,0.07729
-22.0,165.5,1857.60486,-0.0615
-21.0,165.5,1835.88058,-0.22828
-20.0,165.5,1858.25581,0.31186
-19.0,165.5,1865.83735,0.31007
-18.0,165.5,1869.39072,-0.06254
-17.0,165.5,1873.5833,2.62564
-16.0,165.5,1868.5182,-0.27296
-15.0,165.5,1870.84646,-0.74101
-14.0,165.5,1859.14562,0.53599
-13.0,165.5,1857.99968,-0.59698
-12.0,165.5,1859.90909,2.78299
-46.0,166.5,1746.46965,-6.44687
-45.0,166.5,1761.89748,-4.0
-37.0,166.5,1846.57649,-0.1979
-36.0,166.5,1849.74998,0.35349
-35.0,166.5,1856.28474,0.14661
-34.0,166.5,1856.94508,0.51794
-33.0,166.5,1843.8625,0.01039
-32.0,166.5,1853.25705,-0.87386
-31.0,166.5,1852.05322,-0.08646
-30.0,166.5,1852.37149,-0.51064
-29.0,166.5,1858.00698,1.10298
-28.0,166.5,1853.75913,-0.62192
-27.0,166.5,1857.38664,0.54989
-26.0,166.5,1863.82588,0.14347
-25.0,166.5,1864.11009,-0.65153
-24.0,166.5,1865.47756,-0.16923
-23.0,166.5,1862.76825,-0.27749
-22.0,166.5,1827.58323,0.18161
-21.0,166.5,1853.39137,-0.04018
-20.0,166.5,1861.53029,-0.34568
-19.0,166.5,1868.30987,-0.03394
-18.0,166.5,1862.47583,-0.54328
-17.0,166.5,1867.3683,0.67923
-16.0,166.5,1867.53067,-0.05485
-15.0,166.5,1836.6215,0.24332
-14.0,166.5,1861.04203,-0.12632
-13.0,166.5,1846.12117,-1.05717
-12.0,166.5,1842.73324,-1.54833
-47.0,167.5,1780.35136,0.35255
-46.0,167.5,1808.5156,0.03345
-45.0,167.5,1797.63289,0.06079
-44.0,167.5,1783.07817,-0.20834
-38.0,167.5,1856.74911,-1.40808
-37.0,167.5,1855.26471,0.3833
-36.0,167.5,1855.58176,0.3679
-35.0,167.5,1860.31404,0.87508
-34.0,167.5,1876.47034,-1.77239
-33.0,167.5,1842.8137,-0.93535
-32.0,167.5,1852.07475,0.57136
-31.0,167.5,1844.08441,3.65515
-30.0,167.5,1811.8205,2.97202
-29.0,167.5,1830.67746,0.54673
-28.0,167.5,1844.73846,0.67943
-27.0,167.5,1843.28115,-1.03475
-26.0,167.5,1866.95701,0.07064
-25.0,167.5,1868.9652,-0.38109
-24.0,167.5,1859.44684,-0.19248
-23.0,167.5,1828.6492,0.27671
-22.0,167.5,1852.3029,0.07136
-21.0,167.5,1827.40478,-0.01635
-20.0,167.5,1866.81508,-0.3525
-19.0,167.5,1873.69338,0.22631
-18.0,167.5,1854.79762,-0.38438
-17.0,167.5,1855.6977,0.37185
-16.0,167.5,1818.94119,-0.38335
-15.0,167.5,1821.16924,1.07597
-14.0,167.5,1800.44646,0.22562
-13.0,167.5,1823.88036,0.39806
-12.0,167.5,1870.03863,0.23807
-47.0,168.5,1798.11589,0.27842
-46.0,168.5,1827.01372,0.01228
-45.0,168.5,1794.93982,0.10604
-44.0,168.5,1773.29751,-2.35043
-40.0,168.5,1832.19256,1.44523
-39.0,168.5,1841.30915,-0.03819
-38.0,168.5,1850.99162,0.36499
-37.0,168.5,1852.69786,0.46319
-36.0,168.5,1852.55367,-0.08251
-35.0,168.5,1851.41889,-0.4076
-34.0,168.5,1847.5275,-0.52616
-33.0,168.5,1834.75682,-0.27425
-32.0,168.5,1844.46583,0.73344
-31.0,168.5,1853.21835,-0.33581
-30.0,168.5,1827.41301,0.96366
-29.0,168.5,1836.95485,1.11518
-28.0,168.5,1842.3378,0.98477
-27.0,168.5,1853.09295,0.5126
-26.0,168.5,1864.19297,0.14023
-25.0,168.5,1871.03782,-0.66692
-24.0,168.5,1869.1548,-0.59368
-23.0,168.5,1869.81698,-0.83511
-22.0,168.5,1855.65156,-0.07649
-21.0,168.5,1853.45353,-0.09889
-20.0,168.5,1858.84006,0.16989
-19.0,168.5,1861.68894,0.27357
-18.0,168.5,1834.62298,0.3667
-17.0,168.5,1817.56508,-0.87144
-16.0,168.5,1788.33002,-1.46388
-15.0,168.5,1783.65709,-0.7199
-14.0,168.5,1864.15665,0.29279
-12.0,168.5,1820.13994,0.0442
-47.0,169.5,1816.7517,0.02538
-46.0,169.5,1827.90864,0.04328
-45.0,169.5,1828.46787,0.00188
-44.0,169.5,1798.30869,0.22006
-43.0,169.5,1794.42205,-0.09077
-40.0,169.5,1824.39286,-1.48841
-39.0,169.5,1837.76041,1.50015
-38.0,169.5,1837.01127,1.49448
-37.0,169.5,1845.09038,0.91839
-36.0,169.5,1842.03981,-0.0914
-35.0,169.5,1849.3496,-1.17942
-34.0,169.5,1843.34358,-0.38212
-33.0,169.5,1831.26006,0.20703
-32.0,169.5,1846.26372,0.7087
-31.0,169.5,1843.64464,0.85704
-30.0,169.5,1839.30617,1.39729
-29.0,169.5,1830.39201,0.9833
-28.0,169.5,1838.97392,0.81397
-27.0,169.5,1856.20034,0.04339
-26.0,169.5,1866.06182,-0.33341
-25.0,169.5,1869.72466,0.27908
-24.0,169.5,1866.9674,-0.06374
-23.0,169.5,1867.04217,0.38847
-22.0,169.5,1873.0725,-2.90079
-21.0,169.5,1867.84957,-1.67894
-20.0,169.5,1841.3276,-0.65449
-19.0,169.5,1836.99632,-0.46554
-18.0,169.5,1883.95605,0.51695
-17.0,169.5,1872.55748,1.52836
-16.0,169.5,1827.55553,0.0
-15.0,169.5,1872.50606,-2.19594
-14.0,169.5,1849.71747,0.17571
-13.0,169.5,1879.17886,1.71602
-12.0,169.5,1863.90975,-2.66667
-46.0,170.5,1815.99808,-0.04031
-45.0,170.5,1828.14335,0.01105
-44.0,170.5,1826.50949,0.00934
-43.0,170.5,1804.43422,-0.04257
-42.0,170.5,1828.79517,-8.0
-39.0,170.5,1823.52786,1.65517
-38.0,170.5,1816.65604,-1.02182
-37.0,170.5,1835.40591,1.15618
-36.0,170.5,1831.14651,-0.124
-35.0,170.5,1837.31937,0.07937
-34.0,170.5,1843.33991,0.46677
-33.0,170.5,1834.93917,0.76838
-32.0,170.5,1836.93217,0.89062
-31.0,170.5,1832.79023,0.90154
-30.0,170.5,1834.56639,0.00675
-29.0,170.5,1839.48352,1.21412
-28.0,170.5,1837.10173,1.21281
-27.0,170.5,1854.24116,0.49766
-26.0,170.5,1863.71392,-1.38339
-25.0,170.5,1854.85729,-0.21807
-24.0,170.5,1865.55373,0.80211
-23.0,170.5,1865.58624,0.91965
-22.0,170.5,1866.76052,-0.90341
-21.0,170.5,1868.42244,0.38434
-20.0,170.5,1871.10116,-0.53685
-19.0,170.5,1882.44302,-0.44507
-18.0,170.5,1884.97164,0.95808
-17.0,170.5,1870.88057,2.18182
-16.0,170.5,1864.93135,1.42413
-15.0,170.5,1862.555,0.25263
-14.0,170.5,1863.1937,0.4291
-13.0,170.5,1861.02338,0.15118
-12.0,170.5,1863.98462,3.40252
-45.0,171.5,1799.84622,-0.01543
-44.0,171.5,1833.78185,0.01658
-43.0,171.5,1822.65757,-0.07415
-42.0,171.5,1813.22165,0.0726
-41.0,171.5,1791.90733,-0.57578
-39.0,171.5,1817.41505,0.0
-38.0,171.5,1835.63745,0.127
-37.0,171.5,1837.70916,-1.45129
-36.0,171.5,1841.75895,-0.68612
-35.0,171.5,1846.44892,0.249
-34.0,171.5,1848.08503,-0.35083
-33.0,171.5,1846.68914,-0.24124
-32.0,171.5,1852.54008,0.47313
-31.0,171.5,1851.69486,0.9433
-30.0,171.5,1858.27278,0.12853
-29.0,171.5,1859.0006,0.51586
-28.0,171.5,1851.10857,0.56916
-27.0,171.5,1855.51,-0.25956
-26.0,171.5,1862.44754,-0.12701
-25.0,171.5,1867.50482,0.2282
-24.0,171.5,1866.47328,-0.20522
-23.0,171.5,1853.03078,0.86081
-22.0,171.5,1859.53522,-0.27314
-21.0,171.5,1853.84403,1.31607
-20.0,171.5,1879.65208,1.08172
-19.0,171.5,1883.66034,-0.1012
-18.0,171.5,1879.46739,-0.23318
-17.0,171.5,1855.96404,1.44466
-16.0,171.5,1841.26438,-0.05148
-15.0,171.5,1851.77362,0.49692
-14.0,171.5,1855.03489,0.10144
-13.0,171.5,1861.02697,-0.20956
-12.0,171.5,1867.17187,0.87745
-44.0,172.5,1821.25843,-3.36629
-43.0,172.5,1826.39798,0.00183
-42.0,172.5,1831.8916,-0.02357
-41.0,172.5,1813.46285,-0.01115
-40.0,172.5,1787.75525,-0.08254
-39.0,172.5,1833.80814,0.44939
-38.0,172.5,1840.53336,0.86114
-37.0,172.5,1844.40499,-0.23433
-36.0,172.5,1843.18807,0.00463
-35.0,172.5,1838.39378,0.07674
-34.0,172.5,1842.27018,0.22185
-33.0,172.5,1856.96466,0.13908
-32.0,172.5,1847.07245,0.48321
-31.0,172.5,1855.57819,0.13991
-30.0,172.5,1860.89929,0.2168
-29.0,172.5,1863.61114,-0.61356
-28.0,172.5,1854.42278,1.4636
-27.0,172.5,1861.32703,0.22591
-26.0,172.5,1847.05178,0.43066
-25.0,172.5,1862.63755,-0.06771
-24.0,172.5,1872.85228,-0.3546
-23.0,172.5,1858.766,1.16484
-22.0,172.5,1862.26535,0.22084
-21.0,172.5,1860.4043,1.18952
-20.0,172.5,1861.4406,0.56735
-19.0,172.5,1876.56825,0.96474
-18.0,172.5,1874.98029,0.28221
-17.0,172.5,1834.17629,-0.03417
-16.0,172.5,1860.96159,-6.09786
-15.0,172.5,1863.1038,-0.80935
-14.0,172.5,1855.37459,-0.00217
-13.0,172.5,1867.77765,-0.78461
-12.0,172.5,1886.34701,1.10378
-44.0,173.5,1741.15242,-0.15788
-43.0,173.5,1784.6917,0.31667
-42.0,173.5,1813.49509,-0.00433
-41.0,173.5,1789.85994,-1.14401
-40.0,173.5,1803.98034,1.06707
-39.0,173.5,1822.52356,-0.09111
-38.0,173.5,1840.5698,0.30793
-37.0,173.5,1835.90013,-0.2479
-36.0,173.5,1837.20427,0.36072
-35.0,173.5,1828.63379,-0.42267
-34.0,173.5,1849.6648,-0.06166
-33.0,173.5,1856.26099,0.13746
-32.0,173.5,1854.85819,0.80179
-31.0,173.5,1853.95313,0.45448
-30.0,173.5,1844.66755,-0.6936
-29.0,173.5,1859.76499,0.13249
-28.0,173.5,1855.6117,-0.07009
-27.0,173.5,1860.64838,-0.08273
-26.0,173.5,1860.0769,-0.15067
-25.0,173.5,1868.28386,-0.37589
-24.0,173.5,1871.30557,-0.24227
-23.0,173.5,1862.841,-0.25634
-22.0,173.5,1875.98027,0.70596
-21.0,173.5,1867.63903,0.17659
-20.0,173.5,1870.56463,0.85402
-19.0,173.5,1867.54418,-0.02209
-18.0,173.5,1867.61077,-0.5294
-17.0,173.5,1858.52188,-0.37057
-16.0,173.5,1863.40018,-0.10229
-15.0,173.5,1855.74666,-0.36814
-14.0,173.5,1856.65449,-0.0
-12.0,173.5,1873.48948,1.1292
-42.0,174.5,1781.01102,-0.028
-41.0,174.5,1780.58375,0.12116
-40.0,174.5,1816.75012,0.10327
-39.0,174.5,1824.79827,-0.01266
-38.0,174.5,1822.05284,0.28949
-37.0,174.5,1828.27015,-0.23386
-36.0,174.5,1825.19488,-0.08806
-35.0,174.5,1833.41851,-0.20309
-34.0,174.5,1845.32417,-0.21125
-33.0,174.5,1846.47482,0.426
-32.0,174.5,1850.61642,0.64418
-31.0,174.5,1854.19283,0.32976
-30.0,174.5,1845.7615,0.3256
-29.0,174.5,1854.68696,0.88311
-28.0,174.5,1853.40172,-0.10079
-27.0,174.5,1853.42869,-0.05034
-26.0,174.5,1870.8427,-0.0051
-25.0,174.5,1861.46173,-0.14614
-24.0,174.5,1863.99778,-0.62353
-23.0,174.5,1866.32435,0.3263
-22.0,174.5,1872.58001,0.67515
-21.0,174.5,1868.93911,0.73488
-20.0,174.5,1867.3951,0.15933
-19.0,174.5,1846.29077,-2.14446
-18.0,174.5,1866.10455,-1.93399
-17.0,174.5,1859.36043,-0.40908
-16.0,174.5,1873.38549,3.10635
-15.0,174.5,1862.3633,0.0
-14.0,174.5,1858.7768,-0.0
-13.0,174.5,1870.92928,0.0
-12.0,174.5,1885.95239,4.41379
-42.0,175.5,1782.371,0.05336
-41.0,175.5,1825.80174,0.01977
-40.0,175.5,1831.78877,0.02462
-39.0,175.5,1828.66593,0.02285
-38.0,175.5,1842.34717,0.01993
-37.0,175.5,1823.57882,0.05088
-36.0,175.5,1825.33539,-0.06535
-35.0,175.5,1841.99767,0.14958
-34.0,175.5,1849.3267,0.29011
-33.0,175.5,1851.49521,0.55682
-32.0,175.5,1850.78976,0.90832
-31.0,175.5,1843.02387,0.71048
-30.0,175.5,1841.36911,1.30634
-29.0,175.5,1849.10234,0.54058
-28.0,175.5,1855.0832,0.61017
-27.0,175.5,1848.78842,-2.2171
-26.0,175.5,1854.46781,-0.83701
-25.0,175.5,1860.95857,0.17812
-24.0,175.5,1867.40224,0.73172
-23.0,175.5,1869.71948,-0.21189
-22.0,175.5,1853.70043,0.03097
-20.0,175.5,1862.84149,-5.27835
-19.0,175.5,1849.39139,-7.08899
-18.0,175.5,1870.61894,-1.92347
-17.0,175.5,1869.83485,-1.49888
-16.0,175.5,1861.26828,-0.68702
-15.0,175.5,1865.11399,-0.12207
-14.0,175.5,1873.15402,0.61886
-13.0,175.5,1851.2325,1.56948
-12.0,175.5,1864.22754,0.07925
-41.0,176.5,1798.87446,0.00195
-40.0,176.5,1830.61063,0.01329
-39.0,176.5,1833.11539,0.01166
-38.0,176.5,1830.6339,-0.00264
-37.0,176.5,1831.74996,0.14364
-36.0,176.5,1842.10486,0.24107
-35.0,176.5,1847.7708,0.36923
-34.0,176.5,1855.79479,0.64464
-33.0,176.5,1849.27991,0.79273
-32.0,176.5,1845.53676,0.03921
-31.0,176.5,1838.90869,-0.32265
-30.0,176.5,1842.84085,-0.30981
-29.0,176.5,1843.64265,0.3625
-28.0,176.5,1851.34459,0.34268
-27.0,176.5,1842.6494,-2.65872
-26.0,176.5,1849.94166,-0.95498
-25.0,176.5,1863.63631,-1.26766
-24.0,176.5,1863.36156,0.54112
-23.0,176.5,1866.19686,-0.00323
-22.0,176.5,1870.13971,-0.75841
-21.0,176.5,1868.56407,-0.80497
-19.0,176.5,1866.86664,-0.94644
-18.0,176.5,1859.83997,-0.13852
-17.0,176.5,1874.04293,0.05236
-16.0,176.5,1853.07958,-0.52838
-15.0,176.5,1865.41425,-0.21769
-14.0,176.5,1854.94552,-0.54701
-13.0,176.5,1864.94008,-0.19938
-12.0,176.5,1859.69458,-0.29059
-40.0,177.5,1767.19647,20.91052
-39.0,177.5,1822.37692,-0.00408
-38.0,177.5,1827.88935,0.40588
-37.0,177.5,1843.54257,0.79951
-36.0,177.5,1851.38718,0.41347
-35.0,177.5,1851.29591,0.22818
-34.0,177.5,1853.04035,-0.97903
-33.0,177.5,1847.71924,-0.04418
-32.0,177.5,1824.18447,-1.09411
-31.0,177.5,1841.427,-0.33623
-30.0,177.5,1853.76939,-0.70361
-29.0,177.5,1847.48832,-0.66449
-28.0,177.5,1859.27489,-0.25752
-27.0,177.5,1854.53448,0.20427
-26.0,177.5,1855.8742,-1.06491
-25.0,177.5,1857.9889,1.97107
-24.0,177.5,1867.92391,-0.37385
-23.0,177.5,1875.98865,0.64486
-21.0,177.5,1873.38881,3.41784
-20.0,177.5,1874.19841,0.0
-19.0,177.5,1860.80614,1.8106
-18.0,177.5,1829.09725,0.1761
-17.0,177.5,1845.45511,-0.62084
-16.0,177.5,1871.60392,0.11752
-15.0,177.5,1852.83063,1.1155
-14.0,177.5,1864.60996,-1.67619
-13.0,177.5,1861.36355,-1.16111
-12.0,177.5,1847.45265,-0.79203
-40.0,178.5,1844.94704,2.57718
-39.0,178.5,1834.06671,0.61207
-38.0,178.5,1820.41361,-0.4328
-37.0,178.5,1852.91303,0.09962
-36.0,178.5,1854.33335,0.59164
-35.0,178.5,1855.79302,0.65274
-34.0,178.5,1841.9566,1.75503
-33.0,178.5,1848.6191,-0.24739
-32.0,178.5,1842.95869,0.31814
-31.0,178.5,1854.26059,0.02885
-30.0,178.5,1853.35298,0.65
-29.0,178.5,1854.6285,0.29662
-28.0,178.5,1850.61124,-0.07755
-27.0,178.5,1858.01153,0.18091
-26.0,178.5,1856.35934,0.20717
-25.0,178.5,1863.43266,-0.14518
-24.0,178.5,1863.1619,-0.25347
-23.0,178.5,1861.50717,-0.02526
-22.0,178.5,1859.42236,1.11628
-21.0,178.5,1873.365,-0.22363
-20.0,178.5,1864.92419,-1.11713
-19.0,178.5,1835.7983,0.75661
-18.0,178.5,1810.61011,-0.00739
-17.0,178.5,1817.07449,0.16391
-16.0,178.5,1875.92057,-1.7318
-15.0,178.5,1863.14807,16.0
-14.0,178.5,1857.66537,0.17518
-13.0,178.5,1853.05883,-0.80215
-12.0,178.5,1860.95992,-0.21837
-39.0,179.5,1841.70056,-1.94421
-38.0,179.5,1843.63997,-1.43526
-37.0,179.5,1829.2031,-0.97787
-36.0,179.5,1842.27921,-0.42969
-35.0,179.5,1833.89083,0.98258
-34.0,179.5,1836.65143,-0.28806
-33.0,179.5,1860.22695,-0.0751
-32.0,179.5,1860.59663,0.27727
-31.0,179.5,1845.54326,0.14493
-30.0,179.5,1845.47518,0.59995
-29.0,179.5,1850.02299,0.45249
-28.0,179.5,1849.4232,0.64665
-27.0,179.5,1845.56447,1.76234
-26.0,179.5,1855.0668,0.43506
-25.0,179.5,1848.802,-0.33036
-24.0,179.5,1854.82257,0.09814
-23.0,179.5,1863.59051,0.16641
-22.0,179.5,1860.74925,0.84241
-20.0,179.5,1870.6275,-2.2513
-19.0,179.5,1858.50892,-0.40733
-18.0,179.5,1845.09839,-0.01381
-17.0,179.5,1783.36749,0.0758
-16.0,179.5,1781.93099,0.21245
-14.0,179.5,1882.22734,2.14324
-13.0,179.5,1868.1335,0.22048
-12.0,179.5,1876.59982,-1.05006
-35.0,-17.5,1864.38235,-0.18002
-34.0,-17.5,1866.79783,-1.70803
-33.0,-17.5,1866.8533,-0.06523
-32.0,-17.5,1873.45752,0.01478
-31.0,-17.5,1868.54737,0.71199
-30.0,-17.5,1874.57878,-0.06842
-29.0,-17.5,1868.02715,0.10287
-28.0,-17.5,1877.34088,-0.6189
-27.0,-17.5,1886.43499,-0.57798
-26.0,-17.5,1877.46016,-0.27029
-25.0,-17.5,1869.76129,-0.61366
-24.0,-17.5,1879.76369,-0.00047
-23.0,-17.5,1881.04451,0.29287
-22.0,-17.5,1874.50086,0.73217
-21.0,-17.5,1880.77604,2.87282
-20.0,-17.5,1894.6836,0.06167
-19.0,-17.5,1897.29768,-0.03697
-18.0,-17.5,1891.54385,-0.17042
-17.0,-17.5,1889.2627,0.36404
-16.0,-17.5,1883.68786,0.27635
-15.0,-17.5,1897.36866,0.23538
-14.0,-17.5,1903.61563,-0.15139
-13.0,-17.5,1905.24668,0.09399
-12.0,-17.5,1908.93413,-0.07628
-11.0,-17.5,1904.93929,0.27364
-10.0,-17.5,1909.2214,0.16423
-9.0,-17.5,1901.99571,-0.07508
-8.0,-17.5,1902.82435,0.29544
-7.0,-17.5,1905.75039,0.06768
-6.0,-17.5,1908.08195,-0.01496
-5.0,-17.5,1904.38621,-0.07671
-4.0,-17.5,1907.26003,-0.05334
-3.0,-17.5,1900.40013,-0.08794
-2.0,-17.5,1904.60515,0.0808
-1.0,-17.5,1910.25337,0.00742
0.0,-17.5,1911.035,0.07969
1.0,-17.5,1909.43839,0.17791
2.0,-17.5,1911.47687,-0.29881
3.0,-17.5,1909.94348,0.17691
4.0,-17.5,1920.23824,-0.10065
5.0,-17.5,1924.90767,0.73288
6.0,-17.5,1933.76097,-0.83171
-35.0,-16.5,1859.65961,0.01504
-34.0,-16.5,1857.8261,-0.13103
-33.0,-16.5,1859.64586,0.07465
-32.0,-16.5,1871.19257,0.86749
-31.0,-16.5,1864.45312,0.501
-30.0,-16.5,1864.13927,0.4143
-29.0,-16.5,1862.12318,0.25226
-28.0,-16.5,1867.58502,-0.42
-27.0,-16.5,1871.02778,0.08214
-26.0,-16.5,1873.98885,0.42981
-25.0,-16.5,1883.76378,-0.12828
-24.0,-16.5,1880.15611,0.1681
-23.0,-16.5,1881.80892,0.05558
-22.0,-16.5,1893.52421,0.33523
-21.0,-16.5,1886.07461,-0.03745
-20.0,-16.5,1893.17223,0.21924
-19.0,-16.5,1894.18856,-0.48903
-18.0,-16.5,1897.97724,-0.04177
-17.0,-16.5,1898.75332,0.17418
-16.0,-16.5,1897.04795,0.14955
-15.0,-16.5,1897.37189,0.20298
-14.0,-16.5,1901.64304,0.26483
-13.0,-16.5,1904.30746,0.47677
-12.0,-16.5,1912.66218,-0.1931
-11.0,-16.5,1918.23763,0.16187
-10.0,-16.5,1915.49975,0.01976
-9.0,-16.5,1908.36198,-0.03926
-8.0,-16.5,1900.37776,0.08129
-7.0,-16.5,1898.67552,-0.0318
-6.0,-16.5,1899.12748,-0.13488
-5.0,-16.5,1905.22884,-0.07569
-4.0,-16.5,1909.58873,-0.16681
-3.0,-16.5,1900.48848,-0.05243
-2.0,-16.5,1905.06901,-0.00408
-1.0,-16.5,1910.43386,-0.00599
0.0,-16.5,1913.14452,0.01368
1.0,-16.5,1914.84457,-0.13752
2.0,-16.5,1910.49416,0.06475
3.0,-16.5,1906.46363,0.10093
4.0,-16.5,1928.22134,0.28517
5.0,-16.5,1931.58802,-0.68358
6.0,-16.5,1929.01926,-0.24945
-35.0,-15.5,1845.64792,-1.9589
-34.0,-15.5,1853.10327,2.62469
-33.0,-15.5,1876.5504,1.03271
-32.0,-15.5,1877.2496,0.4063
-31.0,-15.5,1869.05474,0.72597
-30.0,-15.5,1865.30025,0.46273
-29.0,-15.5,1863.76379,-0.19526
-28.0,-15.5,1871.21451,0.05914
-27.0,-15.5,1872.42161,0.19564
-26.0,-15.5,1879.15642,0.38852
-25.0,-15.5,1879.33453,0.36383
-24.0,-15.5,1877.43036,0.54917
-23.0,-15.5,1883.94785,0.38405
-22.0,-15.5,1894.85304,0.05299
-21.0,-15.5,1887.92857,0.01321
-20.0,-15.5,1895.15841,-0.66334
-19.0,-15.5,1894.53217,-0.24734
-18.0,-15.5,1891.07574,0.09439
-17.0,-15.5,1892.53938,-0.02796
-16.0,-15.5,1903.50562,-0.13257
-15.0,-15.5,1904.98583,-0.06983
-14.0,-15.5,1905.96982,-0.03129
-13.0,-15.5,1911.16287,-0.01596
-12.0,-15.5,1909.67338,-0.05376
-11.0,-15.5,1903.66048,0.30249
-10.0,-15.5,1905.14667,-0.43308
-9.0,-15.5,1912.48078,0.02358
-8.0,-15.5,1906.4647,-0.09685
-7.0,-15.5,1906.17966,-0.10815
-6.0,-15.5,1913.24849,0.05529
-5.0,-15.5,1912.73237,-0.04493
-4.0,-15.5,1916.8683,0.02537
-3.0,-15.5,1911.92066,-0.10587
-2.0,-15.5,1914.53647,-0.06067
-1.0,-15.5,1917.90943,-0.00534
0.0,-15.5,1911.61963,-0.14867
1.0,-15.5,1909.78595,-1.4347
2.0,-15.5,1901.87659,-0.59829
3.0,-15.5,1908.94989,-1.71048
4.0,-15.5,1911.01341,3.0563
5.0,-15.5,1925.32152,0.56942
6.0,-15.5,1928.76359,-0.23525
-35.0,-14.5,1846.62678,-0.24732
-34.0,-14.5,1859.56963,-0.24261
-33.0,-14.5,1868.65653,-1.06741
-32.0,-14.5,1880.05581,-0.43117
-31.0,-14.5,1870.09177,0.14791
-30.0,-14.5,1864.91515,0.05567
-29.0,-14.5,1865.49863,-0.10572
-28.0,-14.5,1871.03463,0.30654
-27.0,-14.5,1876.96096,0.20803
-26.0,-14.5,1874.27932,0.41192
-25.0,-14.5,1875.09272,0.34467
-24.0,-14.5,1881.08068,-0.01462
-23.0,-14.5,1881.56421,0.3344
-22.0,-14.5,1877.46389,0.18336
-21.0,-14.5,1887.73294,-0.18127
-20.0,-14.5,1894.54984,-0.38442
-19.0,-14.5,1892.54137,0.10302
-18.0,-14.5,1889.74669,-0.16087
-17.0,-14.5,1897.43094,0.28248
-16.0,-14.5,1903.47253,0.05616
-15.0,-14.5,1898.27061,0.08765
-14.0,-14.5,1902.93154,0.07351
-13.0,-14.5,1902.88206,0.33315
-12.0,-14.5,1906.43513,-0.22906
-11.0,-14.5,1907.71755,0.05065
-10.0,-14.5,1906.07022,0.17888
-9.0,-14.5,1906.23906,-0.42376
-8.0,-14.5,1904.21648,-0.18301
-7.0,-14.5,1902.56212,-0.12753
-6.0,-14.5,1906.07444,0.07384
-5.0,-14.5,1911.68613,0.21471
-4.0,-14.5,1913.98769,-0.0723
-3.0,-14.5,1911.00383,0.00514
-2.0,-14.5,1909.44425,0.00446
-1.0,-14.5,1911.73959,-0.19938
0.0,-14.5,1910.51174,-0.27359
1.0,-14.5,1906.76117,-0.0244
2.0,-14.5,1901.65559,-0.03882
3.0,-14.5,1906.36548,-0.09381
4.0,-14.5,1904.14253,-0.13148
5.0,-14.5,1905.9604,-1.11045
6.0,-14.5,1917.35049,-0.00943
-35.0,-13.5,1853.00426,0.2938
-34.0,-13.5,1863.32653,-0.11102
-33.0,-13.5,1875.13345,0.27829
-32.0,-13.5,1869.87022,0.09703
-31.0,-13.5,1868.69274,-0.35138
-30.0,-13.5,1861.94531,-0.2677
-29.0,-13.5,1865.22359,0.00486
-28.0,-13.5,1873.30295,0.33212
-27.0,-13.5,1878.72776,0.39935
-26.0,-13.5,1879.80383,0.53845
-25.0,-13.5,1875.42221,-0.51122
-24.0,-13.5,1880.2102,0.21053
-23.0,-13.5,1880.46476,-0.08536
-22.0,-13.5,1882.50858,-0.33295
-21.0,-13.5,1888.72558,-0.04752
-20.0,-13.5,1883.61683,0.19718
-19.0,-13.5,1888.22715,-0.11294
-18.0,-13.5,1899.66915,0.05496
-17.0,-13.5,1898.99912,0.12499
-16.0,-13.5,1898.43955,-0.22852
-15.0,-13.5,1901.32738,-0.23177
-14.0,-13.5,1896.98174,-0.04872
-13.0,-13.5,1902.44956,-0.25804
-12.0,-13.5,1909.81481,-0.04482
-11.0,-13.5,1909.9758,0.21678
-10.0,-13.5,1915.50704,0.11383
-9.0,-13.5,1907.32139,0.05272
-8.0,-13.5,1903.51825,-0.11686
-7.0,-13.5,1897.35175,-0.0511
-6.0,-13.5,1908.42002,0.02095
-5.0,-13.5,1909.7456,0.04531
-4.0,-13.5,1905.98075,-0.2833
-3.0,-13.5,1911.92483,0.14522
-2.0,-13.5,1909.81944,0.16263
-1.0,-13.5,1914.13702,-0.08381
0.0,-13.5,1920.03497,0.06196
1.0,-13.5,1923.83756,-0.10945
2.0,-13.5,1917.48428,-0.21486
3.0,-13.5,1922.27162,-42.19687
4.0,-13.5,1908.63763,0.23214
5.0,-13.5,1914.80355,0.14223
6.0,-13.5,1916.62437,-0.29757
-35.0,-12.5,1857.24019,0.25148
-34.0,-12.5,1860.61653,0.70102
-33.0,-12.5,1860.42695,0.03416
-32.0,-12.5,1864.90758,-0.58408
-31.0,-12.5,1866.83566,-0.48611
-30.0,-12.5,1876.11853,-0.00846
-29.0,-12.5,1882.20262,0.21802
-28.0,-12.5,1880.77848,0.11478
-27.0,-12.5,1879.99675,-0.0489
-26.0,-12.5,1870.66818,0.11592
-25.0,-12.5,1876.32436,-0.1444
-24.0,-12.5,1882.1682,-0.03742
-23.0,-12.5,1885.48517,-0.05767
-22.0,-12.5,1888.59165,-0.14983
-21.0,-12.5,1891.31973,-0.02357
-20.0,-12.5,1890.74956,-0.01885
-19.0,-12.5,1891.84754,0.34835
-18.0,-12.5,1893.68751,-0.01508
-17.0,-12.5,1895.6026,0.17487
-16.0,-12.5,1899.72647,-0.19358
-15.0,-12.5,1902.48677,-0.27408
-14.0,-12.5,1903.66174,-0.51754
-13.0,-12.5,1905.27545,-0.59479
-12.0,-12.5,1912.10163,-0.0008
-11.0,-12.5,1906.54528,0.11262
-10.0,-12.5,1909.67343,-0.02792
-9.0,-12.5,1908.34531,0.08187
-8.0,-12.5,1909.50815,0.0348
-7.0,-12.5,1907.90425,0.04762
-6.0,-12.5,1912.96004,0.03665
-5.0,-12.5,1911.87864,0.12108
-4.0,-12.5,1906.79726,0.08063
-3.0,-12.5,1910.06622,-0.02557
-2.0,-12.5,1906.30405,0.09111
-1.0,-12.5,1911.65113,-0.02487
0.0,-12.5,1914.68632,-0.05197
1.0,-12.5,1917.87309,-0.1949
2.0,-12.5,1908.09502,-0.08947
3.0,-12.5,1907.78865,-129.95605
4.0,-12.5,1900.56221,0.26974
5.0,-12.5,1891.988,0.32827
6.0,-12.5,1916.23912,0.97035
-35.0,-11.5,1856.40737,0.33416
-34.0,-11.5,1862.86734,0.06246
-33.0,-11.5,1863.84155,-0.27584
-32.0,-11.5,1861.70279,-0.17743
-31.0,-11.5,1859.89465,0.20979
-30.0,-11.5,1871.59408,0.19699
-29.0,-11.5,1874.30809,0.29873
-28.0,-11.5,1872.97347,0.22595
-27.0,-11.5,1869.85042,0.01574
-26.0,-11.5,1870.37088,0.22277
-25.0,-11.5,1882.32261,0.49782
-24.0,-11.5,1888.5151,-0.15202
-23.0,-11.5,1886.86342,0.08368
-22.0,-11.5,1893.14987,-0.18347
-21.0,-11.5,1894.13599,-0.09615
-20.0,-11.5,1895.15903,0.06435
-19.0,-11.5,1894.09105,0.15799
-18.0,-11.5,1892.88342,0.1245
-17.0,-11.5,1895.59332,-0.04912
-16.0,-11.5,1897.42837,-0.42416
-15.0,-11.5,1902.93536,0.00652
-14.0,-11.5,1906.35988,-0.11292
-13.0,-11.5,1904.58535,0.1524
-12.0,-11.5,1916.00014,0.01174
-11.0,-11.5,1916.7408,0.35796
-10.0,-11.5,1915.6179,0.10492
-9.0,-11.5,1914.62486,-0.02637
-8.0,-11.5,1915.75309,0.04959
-7.0,-11.5,1909.21542,0.14996
-6.0,-11.5,1909.15712,0.00547
-5.0,-11.5,1905.56066,-0.06307
-4.0,-11.5,1906.46834,0.06292
-3.0,-11.5,1909.05687,0.05286
-2.0,-11.5,1913.89266,-0.00803
-1.0,-11.5,1918.50902,0.13508
0.0,-11.5,1912.44802,0.03399
1.0,-11.5,1910.21589,-0.06532
2.0,-11.5,1910.19104,-0.13882
3.0,-11.5,1917.26855,-0.6944
4.0,-11.5,1893.05256,-0.10982
5.0,-11.5,1897.95998,-0.06311
6.0,-11.5,1921.67621,-0.0191
-35.0,-10.5,1864.36581,0.03996
-34.0,-10.5,1868.05988,-0.08518
-33.0,-10.5,1860.87077,-0.35346
-32.0,-10.5,1846.52779,0.53675
-31.0,-10.5,1862.13454,-0.53378
-30.0,-10.5,1866.94079,0.22022
-29.0,-10.5,1865.44712,0.04157
-28.0,-10.5,1870.28318,-0.79776
-27.0,-10.5,1878.42143,0.03851
-26.0,-10.5,1878.83799,0.30889
-25.0,-10.5,1885.72791,0.08693
-24.0,-10.5,1890.35389,-0.03189
-23.0,-10.5,1883.4809,0.3746
-22.0,-10.5,1885.00086,-0.05945
-21.0,-10.5,1894.15026,-0.54215
-20.0,-10.5,1894.15438,0.06638
-19.0,-10.5,1890.77285,0.11158
-18.0,-10.5,1889.69912,0.06082
-17.0,-10.5,1902.61327,0.03885
-16.0,-10.5,1902.99962,-0.26264
-15.0,-10.5,1909.01051,0.04338
-14.0,-10.5,1905.19083,-0.29337
-13.0,-10.5,1904.59535,-0.0582
-12.0,-10.5,1912.75235,0.11822
-11.0,-10.5,1908.35573,0.13712
-10.0,-10.5,1914.19356,0.07282
-9.0,-10.5,1912.49269,-0.14064
-8.0,-10.5,1911.10585,0.00925
-7.0,-10.5,1907.06635,0.08048
-6.0,-10.5,1906.21781,-0.20108
-5.0,-10.5,1909.18149,-0.02484
-4.0,-10.5,1909.57313,-0.04693
-3.0,-10.5,1912.18941,0.12255
-2.0,-10.5,1914.93245,0.02365
-1.0,-10.5,1911.78244,0.09715
0.0,-10.5,1910.56915,-0.01516
1.0,-10.5,1907.59398,-0.12331
2.0,-10.5,1907.27763,-0.18356
3.0,-10.5,1898.37798,0.06584
4.0,-10.5,1909.31881,23.22465
5.0,-10.5,1917.18798,18.28785
6.0,-10.5,1916.82457,0.19253
-35.0,-9.5,1861.38281,0.20172
-34.0,-9.5,1866.51685,-0.07011
-33.0,-9.5,1869.07135,-0.70769
-32.0,-9.5,1863.11998,-1.25266
-31.0,-9.5,1863.98529,0.14736
-30.0,-9.5,1871.17687,0.62251
-29.0,-9.5,1871.98476,0.05183
-28.0,-9.5,1878.9552,-0.15195
-27.0,-9.5,1883.20989,-1.39948
-26.0,-9.5,1876.87168,0.19525
-25.0,-9.5,1883.12628,0.20662
-24.0,-9.5,1876.41231,0.2181
-23.0,-9.5,1884.54932,-0.70595
-22.0,-9.5,1891.46844,-0.36598
-21.0,-9.5,1896.17568,-0.35073
-20.0,-9.5,1894.54587,0.0214
-19.0,-9.5,1889.31438,-0.06446
-18.0,-9.5,1887.94452,0.11225
-17.0,-9.5,1899.27708,0.08549
-16.0,-9.5,1906.33311,0.25987
-15.0,-9.5,1906.2513,-0.10615
-14.0,-9.5,1910.53825,0.07627
-13.0,-9.5,1910.81247,-0.03426
-12.0,-9.5,1912.04308,0.07243
-11.0,-9.5,1912.04085,0.04915
-10.0,-9.5,1912.26842,0.0105
-9.0,-9.5,1906.26976,0.24193
-8.0,-9.5,1909.14999,-0.00961
-7.0,-9.5,1915.1479,-0.13058
-6.0,-9.5,1910.79529,0.07235
-5.0,-9.5,1905.86037,-0.18201
-4.0,-9.5,1913.05512,0.05676
-3.0,-9.5,1913.87997,0.01029
-2.0,-9.5,1910.40306,0.01219
-1.0,-9.5,1911.46071,-0.02326
0.0,-9.5,1911.09011,-0.05518
1.0,-9.5,1913.80796,0.03147
2.0,-9.5,1911.47148,-0.94364
3.0,-9.5,1918.36964,0.57877
4.0,-9.5,1912.73289,0.44419
5.0,-9.5,1913.05929,0.18852
6.0,-9.5,1903.40718,0.66035
7.0,-9.5,1913.86415,0.13268
8.0,-9.5,1912.76739,0.06228
9.0,-9.5,1915.93285,0.11958
10.0,-9.5,1918.4903,0.06534
11.0,-9.5,1926.54003,0.09006
12.0,-9.5,1923.61768,0.04138
13.0,-9.5,1926.13368,0.02065
14.0,-9.5,1928.51928,0.02144
15.0,-9.5,1934.80176,0.01661
16.0,-9.5,1932.69666,0.00907
17.0,-9.5,1937.02411,0.01981
18.0,-9.5,1939.61434,0.00267
19.0,-9.5,1939.94198,-0.01787
20.0,-9.5,1939.19688,-0.01607
21.0,-9.5,1937.66237,0.00348
22.0,-9.5,1937.70213,0.01168
23.0,-9.5,1933.1155,0.00993
24.0,-9.5,1934.10051,0.00343
25.0,-9.5,1932.48153,-0.00013
26.0,-9.5,1929.43629,-0.00258
27.0,-9.5,1927.63811,0.00174
28.0,-9.5,1928.69542,0.00135
29.0,-9.5,1926.42212,-0.00357
30.0,-9.5,1921.26676,-0.00203
31.0,-9.5,1911.98029,-0.00483
32.0,-9.5,1910.275,0.01521
33.0,-9.5,1906.50235,0.01555
-35.0,-8.5,1854.94159,-0.41193
-34.0,-8.5,1865.5467,-0.74402
-33.0,-8.5,1857.65548,-1.89975
-32.0,-8.5,1863.9388,-0.70831
-31.0,-8.5,1863.54289,0.47113
-30.0,-8.5,1861.28255,-0.23819
-29.0,-8.5,1872.54393,1.17983
-28.0,-8.5,1862.62191,0.33114
-27.0,-8.5,1870.39589,0.60405
-26.0,-8.5,1870.89353,0.55811
-25.0,-8.5,1874.71081,0.20115
-24.0,-8.5,1879.22121,0.14653
-23.0,-8.5,1885.57828,-0.95894
-22.0,-8.5,1888.54513,0.38271
-21.0,-8.5,1890.47749,-0.01465
-20.0,-8.5,1892.71798,-0.08527
-19.0,-8.5,1895.25299,0.1561
-18.0,-8.5,1894.59229,0.03694
-17.0,-8.5,1898.4924,0.38635
-16.0,-8.5,1893.49008,-0.09722
-15.0,-8.5,1906.1291,0.42883
-14.0,-8.5,1910.16268,0.10039
-13.0,-8.5,1914.39086,0.03382
-12.0,-8.5,1916.9975,0.23969
-11.0,-8.5,1914.99269,0.15389
-10.0,-8.5,1913.68488,0.29718
-9.0,-8.5,1903.99092,0.05877
-8.0,-8.5,1899.10753,0.04666
-7.0,-8.5,1912.17242,-0.06006
-6.0,-8.5,1910.16698,0.28399
-5.0,-8.5,1901.69625,0.27051
-4.0,-8.5,1910.20357,-0.04237
-3.0,-8.5,1910.20246,-0.02844
-2.0,-8.5,1914.09359,0.00177
-1.0,-8.5,1912.09091,0.15206
0.0,-8.5,1912.19761,-0.1292
1.0,-8.5,1906.03946,0.07385
2.0,-8.5,1911.07657,-2.62792
3.0,-8.5,1918.37528,-0.10103
4.0,-8.5,1918.71002,-3.0941
5.0,-8.5,1888.48898,0.25576
6.0,-8.5,1898.36317,1.7852
7.0,-8.5,1913.36463,0.12247
8.0,-8.5,1919.53885,0.05583
9.0,-8.5,1924.78683,0.10858
10.0,-8.5,1919.08525,0.09633
11.0,-8.5,1930.76422,0.08723
12.0,-8.5,1931.15359,0.05561
13.0,-8.5,1929.09651,0.06626
14.0,-8.5,1929.3199,0.04271
15.0,-8.5,1935.73389,0.0235
16.0,-8.5,1936.00286,0.00242
17.0,-8.5,1938.64608,0.01659
18.0,-8.5,1939.63604,0.00806
19.0,-8.5,1939.18617,0.00114
20.0,-8.5,1937.08768,0.00666
21.0,-8.5,1936.35817,0.01568
22.0,-8.5,1933.93973,0.00953
23.0,-8.5,1928.8416,0.00407
24.0,-8.5,1932.06069,9e-05
25.0,-8.5,1931.26129,-0.00383
26.0,-8.5,1931.42441,-0.00526
27.0,-8.5,1930.4335,-0.00639
28.0,-8.5,1934.15975,-0.05608
29.0,-8.5,1925.07423,-0.00322
30.0,-8.5,1918.67793,-0.01371
31.0,-8.5,1920.58523,-0.0182
32.0,-8.5,1926.18336,-0.01006
33.0,-8.5,1919.38992,0.00987
-35.0,-7.5,1852.36931,0.35695
-34.0,-7.5,1863.21914,-0.11249
-33.0,-7.5,1854.54947,-0.55819
-32.0,-7.5,1869.40839,0.28467
-31.0,-7.5,1860.57049,0.47651
-30.0,-7.5,1856.31266,0.35926
-29.0,-7.5,1869.93942,0.99398
-28.0,-7.5,1875.815,0.28495
-27.0,-7.5,1875.02953,0.15625
-26.0,-7.5,1867.87622,0.05701
-25.0,-7.5,1875.13636,0.23207
-24.0,-7.5,1876.43846,0.05111
-23.0,-7.5,1889.72713,-0.27789
-22.0,-7.5,1896.09387,0.06661
-21.0,-7.5,1894.52079,0.11307
-20.0,-7.5,1892.68861,0.12419
-19.0,-7.5,1888.45502,0.10471
-18.0,-7.5,1888.71065,0.22661
-17.0,-7.5,1893.68383,0.17034
-16.0,-7.5,1896.28352,0.15405
-15.0,-7.5,1904.78468,0.19233
-14.0,-7.5,1910.66998,0.09807
-13.0,-7.5,1909.3851,0.05883
-12.0,-7.5,1913.17099,0.00894
-11.0,-7.5,1904.45019,0.12608
-10.0,-7.5,1902.59606,-0.10616
-9.0,-7.5,1895.61513,0.02235
-8.0,-7.5,1898.06975,-0.15906
-7.0,-7.5,1901.99576,0.38508
-6.0,-7.5,1903.54742,1.01404
-5.0,-7.5,1906.20812,0.0635
-4.0,-7.5,1909.27262,0.05797
-3.0,-7.5,1913.50659,0.03901
-2.0,-7.5,1914.31087,0.09111
-1.0,-7.5,1910.19946,0.55721
0.0,-7.5,1912.09915,-0.17697
1.0,-7.5,1909.30132,0.25635
2.0,-7.5,1913.40967,0.07832
3.0,-7.5,1918.51903,-0.06063
4.0,-7.5,1914.86059,-0.15719
5.0,-7.5,1900.5202,0.44078
6.0,-7.5,1905.61944,1.03179
7.0,-7.5,1925.29772,0.04216
8.0,-7.5,1924.13653,0.11883
9.0,-7.5,1922.62425,0.04746
10.0,-7.5,1925.31075,0.0735
11.0,-7.5,1929.88337,0.04467
12.0,-7.5,1931.41218,0.04169
13.0,-7.5,1934.83751,0.05555
14.0,-7.5,1933.65202,0.04155
15.0,-7.5,1934.16231,0.02258
16.0,-7.5,1931.51146,0.00729
17.0,-7.5,1931.66887,0.00663
18.0,-7.5,1935.97965,-0.00169
19.0,-7.5,1940.25577,-0.00677
20.0,-7.5,1937.50564,-0.00839
21.0,-7.5,1935.42742,0.00536
22.0,-7.5,1932.62753,0.00618
23.0,-7.5,1930.04854,0.00015
24.0,-7.5,1928.62256,-0.00303
25.0,-7.5,1931.54002,-0.00116
26.0,-7.5,1931.50756,-0.00554
27.0,-7.5,1930.63068,-0.0078
28.0,-7.5,1934.36755,-0.01497
29.0,-7.5,1928.33148,-0.01338
30.0,-7.5,1920.7233,-0.01096
31.0,-7.5,1910.34246,-0.01556
32.0,-7.5,1920.27856,-0.01146
33.0,-7.5,1921.41565,0.00153
-35.0,-6.5,1868.07203,-4.23035
-34.0,-6.5,1863.53299,-0.76121
-33.0,-6.5,1860.71255,0.06448
-32.0,-6.5,1863.48343,0.43268
-31.0,-6.5,1869.99049,0.41422
-30.0,-6.5,1865.9877,0.36933
-29.0,-6.5,1870.29248,0.27232
-28.0,-6.5,1871.94583,0.83059
-27.0,-6.5,1873.01959,0.163
-26.0,-6.5,1871.28493,0.05036
-25.0,-6.5,1878.75211,0.26383
-24.0,-6.5,1883.0254,0.11469
-23.0,-6.5,1887.62333,0.50576
-22.0,-6.5,1884.62421,0.42268
-21.0,-6.5,1893.16076,0.07089
-20.0,-6.5,1891.40318,0.15015
-19.0,-6.5,1890.93535,0.12915
-18.0,-6.5,1891.08309,0.01869
-17.0,-6.5,1893.38243,0.11722
-16.0,-6.5,1895.43793,0.28352
-15.0,-6.5,1900.14499,0.15997
-14.0,-6.5,1907.84576,-0.02448
-13.0,-6.5,1909.21095,0.13549
-12.0,-6.5,1908.77437,0.05297
-11.0,-6.5,1906.28432,-0.2195
-10.0,-6.5,1900.26509,0.27396
-9.0,-6.5,1894.53281,-0.42496
-8.0,-6.5,1893.58179,-0.00613
-7.0,-6.5,1902.84927,-0.09044
-6.0,-6.5,1910.01106,0.06644
-5.0,-6.5,1914.61934,-0.06759
-4.0,-6.5,1910.88299,0.09731
-3.0,-6.5,1912.14856,0.00771
-2.0,-6.5,1904.37353,0.00125
-1.0,-6.5,1908.43519,0.08573
0.0,-6.5,1908.6009,0.00753
1.0,-6.5,1910.15213,1.62683
2.0,-6.5,1907.41313,0.05527
3.0,-6.5,1911.83473,0.09766
4.0,-6.5,1920.51769,0.13485
5.0,-6.5,1906.84957,-0.08557
6.0,-6.5,1911.34145,-0.01889
7.0,-6.5,1918.57054,-0.09616
8.0,-6.5,1925.02584,0.03508
9.0,-6.5,1929.89732,0.07532
10.0,-6.5,1934.06092,0.03515
11.0,-6.5,1932.40183,0.03032
12.0,-6.5,1931.02772,0.03881
13.0,-6.5,1936.02734,0.03054
14.0,-6.5,1934.06338,0.01216
15.0,-6.5,1934.41716,0.00756
16.0,-6.5,1933.44577,-0.00257
17.0,-6.5,1934.66002,-0.00586
18.0,-6.5,1936.67763,-0.02305
19.0,-6.5,1936.35585,-0.03031
20.0,-6.5,1934.441,-0.03248
21.0,-6.5,1933.22038,-0.00958
22.0,-6.5,1931.07182,0.00013
23.0,-6.5,1931.45523,-0.00412
24.0,-6.5,1925.52348,-0.0039
25.0,-6.5,1930.4273,0.0009
26.0,-6.5,1930.35419,-0.00328
27.0,-6.5,1928.59214,-0.00238
28.0,-6.5,1932.13521,-0.00888
29.0,-6.5,1925.53955,-0.00581
30.0,-6.5,1922.25585,-0.00835
31.0,-6.5,1913.06807,-0.01761
32.0,-6.5,1910.86095,-0.01369
33.0,-6.5,1918.6345,-0.0063
-35.0,-5.5,1864.9349,-0.60222
-34.0,-5.5,1863.22187,-0.37864
-33.0,-5.5,1862.51175,-0.11861
-32.0,-5.5,1858.78227,0.43461
-31.0,-5.5,1868.6036,0.78032
-30.0,-5.5,1877.56442,-1.66304
-29.0,-5.5,1875.2717,-1.30224
-28.0,-5.5,1876.93318,0.30744
-27.0,-5.5,1874.50888,0.05944
-26.0,-5.5,1875.43827,0.23985
-25.0,-5.5,1879.85953,0.56375
-24.0,-5.5,1884.97298,0.52089
-23.0,-5.5,1884.32342,0.21428
-22.0,-5.5,1885.24787,0.12817
-21.0,-5.5,1888.60125,0.26353
-20.0,-5.5,1892.60481,0.07624
-19.0,-5.5,1894.4756,-0.03543
-18.0,-5.5,1888.06149,0.20849
-17.0,-5.5,1896.43915,0.05287
-16.0,-5.5,1892.51267,0.30296
-15.0,-5.5,1901.08695,0.06985
-14.0,-5.5,1914.58989,0.00745
-13.0,-5.5,1905.67265,0.10231
-12.0,-5.5,1895.01147,-0.16585
-11.0,-5.5,1906.76333,-0.21527
-10.0,-5.5,1911.51269,-0.35777
-9.0,-5.5,1908.58249,-0.35035
-8.0,-5.5,1894.90291,-0.25009
-7.0,-5.5,1903.03552,-0.09838
-6.0,-5.5,1913.52484,0.06663
-5.0,-5.5,1906.34009,-0.09926
-4.0,-5.5,1911.71635,0.02183
-3.0,-5.5,1909.46199,0.10576
-2.0,-5.5,1915.61565,-0.35371
-1.0,-5.5,1913.81317,0.05369
0.0,-5.5,1916.48262,0.0141
1.0,-5.5,1915.10266,0.11898
2.0,-5.5,1914.39758,0.27186
3.0,-5.5,1920.93852,-0.35248
4.0,-5.5,1921.74634,1.17364
5.0,-5.5,1902.99673,0.15573
6.0,-5.5,1902.33801,1.03866
7.0,-5.5,1914.16517,0.10444
8.0,-5.5,1920.97894,0.01924
9.0,-5.5,1930.79741,0.04205
10.0,-5.5,1935.65865,0.04672
11.0,-5.5,1932.18818,0.03764
12.0,-5.5,1933.44912,0.03809
13.0,-5.5,1937.8753,0.02883
14.0,-5.5,1938.91114,-0.00895
15.0,-5.5,1936.05679,-0.016
16.0,-5.5,1934.66501,0.00154
17.0,-5.5,1935.67622,-0.00058
18.0,-5.5,1937.5136,-0.01743
19.0,-5.5,1934.82811,-0.00705
20.0,-5.5,1934.0069,-0.02511
21.0,-5.5,1929.44959,0.00137
22.0,-5.5,1928.33533,0.00064
23.0,-5.5,1927.42601,-0.01252
24.0,-5.5,1929.89317,-0.00548
25.0,-5.5,1923.7967,0.00619
26.0,-5.5,1922.48758,0.00025
27.0,-5.5,1925.19596,0.00417
28.0,-5.5,1932.13703,-0.00238
29.0,-5.5,1927.25318,-0.01237
30.0,-5.5,1924.10928,-0.01803
31.0,-5.5,1917.18737,-0.01748
32.0,-5.5,1912.70687,-0.06034
33.0,-5.5,1910.99607,-0.00342
-35.0,-4.5,1868.45196,0.23799
-34.0,-4.5,1871.00685,-0.07302
-33.0,-4.5,1868.49089,-0.95528
-32.0,-4.5,1863.28812,-0.5458
-31.0,-4.5,1867.4308,0.5335
-30.0,-4.5,1881.64629,0.0963
-29.0,-4.5,1879.31079,-0.56982
-28.0,-4.5,1874.80273,0.66812
-27.0,-4.5,1869.09336,-0.07971
-26.0,-4.5,1875.35813,-0.16238
-25.0,-4.5,1878.17492,0.07806
-24.0,-4.5,1877.13818,0.09795
-23.0,-4.5,1884.45518,0.07829
-22.0,-4.5,1889.44326,0.05218
-21.0,-4.5,1886.98298,0.05662
-20.0,-4.5,1888.27284,0.08323
-19.0,-4.5,1889.52001,0.06969
-18.0,-4.5,1885.82025,-0.10157
-17.0,-4.5,1893.85475,-0.13163
-16.0,-4.5,1898.72021,-0.05798
-15.0,-4.5,1903.3727,-0.08398
-14.0,-4.5,1908.97981,0.03824
-13.0,-4.5,1903.68218,-0.50813
-12.0,-4.5,1890.37977,-1.43443
-11.0,-4.5,1883.02376,-0.00554
-10.0,-4.5,1912.51204,0.28251
-9.0,-4.5,1914.18766,0.20473
-8.0,-4.5,1918.78498,0.01723
-7.0,-4.5,1909.47223,0.11379
-6.0,-4.5,1911.41748,0.07693
-5.0,-4.5,1903.85202,-0.11794
-4.0,-4.5,1911.49054,0.01497
-3.0,-4.5,1908.51973,0.18682
-2.0,-4.5,1909.4664,0.09383
-1.0,-4.5,1911.63996,0.09056
0.0,-4.5,1923.29753,0.08791
1.0,-4.5,1922.54527,0.02063
2.0,-4.5,1916.34561,-0.16124
3.0,-4.5,1917.82205,0.63044
4.0,-4.5,1915.49547,0.41397
5.0,-4.5,1915.19811,0.07185
6.0,-4.5,1906.18008,0.99271
7.0,-4.5,1915.16367,0.14038
8.0,-4.5,1918.19264,-0.05202
9.0,-4.5,1923.68729,0.07947
10.0,-4.5,1926.29554,0.08512
11.0,-4.5,1929.73892,0.03482
12.0,-4.5,1932.24776,0.04447
13.0,-4.5,1935.15074,0.0227
14.0,-4.5,1933.13727,0.02754
15.0,-4.5,1932.2879,0.00953
16.0,-4.5,1933.64906,0.00639
17.0,-4.5,1934.84042,0.01377
18.0,-4.5,1936.76721,-0.0092
19.0,-4.5,1936.75047,-0.0108
20.0,-4.5,1934.03065,-0.01534
21.0,-4.5,1930.95994,0.01887
22.0,-4.5,1927.51228,0.0164
23.0,-4.5,1927.75413,0.00264
24.0,-4.5,1930.42393,0.00365
25.0,-4.5,1924.49142,0.01484
26.0,-4.5,1920.66888,0.00942
27.0,-4.5,1920.39873,0.00781
28.0,-4.5,1930.40822,0.00048
29.0,-4.5,1929.34397,-0.00592
30.0,-4.5,1926.9177,-0.01981
31.0,-4.5,1923.43575,-0.02222
32.0,-4.5,1921.37817,-0.02529
33.0,-4.5,1915.7817,-0.01535
-35.0,-3.5,1872.79088,0.22615
-34.0,-3.5,1873.95384,0.01295
-33.0,-3.5,1866.88614,-0.63229
-32.0,-3.5,1859.46064,-0.53322
-31.0,-3.5,1863.78359,0.31551
-30.0,-3.5,1870.85794,0.10756
-29.0,-3.5,1868.29461,0.24688
-28.0,-3.5,1867.47627,0.0234
-27.0,-3.5,1877.03585,1.96988
-26.0,-3.5,1879.58688,0.24736
-25.0,-3.5,1881.60359,0.06858
-24.0,-3.5,1878.21526,0.08051
-23.0,-3.5,1882.2408,0.0159
-22.0,-3.5,1884.50014,-0.20601
-21.0,-3.5,1885.1706,-0.27296
-20.0,-3.5,1892.19551,0.11516
-19.0,-3.5,1887.66557,0.09055
-18.0,-3.5,1893.23043,-0.29798
-17.0,-3.5,1895.85752,0.02544
-16.0,-3.5,1902.05652,-0.70235
-15.0,-3.5,1910.08436,-1.45137
-14.0,-3.5,1907.75396,-0.81823
-13.0,-3.5,1898.30077,0.42253
-12.0,-3.5,1904.50602,-0.4765
-11.0,-3.5,1906.92709,0.29624
-10.0,-3.5,1906.0135,0.32685
-9.0,-3.5,1905.9563,0.95439
-8.0,-3.5,1910.21027,0.00745
-7.0,-3.5,1912.64374,-0.19189
-6.0,-3.5,1911.36378,-0.54171
-5.0,-3.5,1915.32991,0.21003
-4.0,-3.5,1911.85433,-0.00527
-3.0,-3.5,1908.07839,0.12103
-2.0,-3.5,1908.19858,0.20009
-1.0,-3.5,1907.48064,-0.01948
0.0,-3.5,1909.53447,0.46669
1.0,-3.5,1917.53079,1.51035
2.0,-3.5,1927.41217,0.42748
3.0,-3.5,1928.25479,0.43921
4.0,-3.5,1923.62139,-0.29892
5.0,-3.5,1905.90883,1.15362
6.0,-3.5,1913.83996,-0.0071
7.0,-3.5,1916.49203,0.08704
8.0,-3.5,1916.93674,-0.00517
9.0,-3.5,1919.98042,0.1277
10.0,-3.5,1928.16657,0.09247
11.0,-3.5,1928.27145,0.03946
12.0,-3.5,1929.60438,0.03476
13.0,-3.5,1928.71333,0.02499
14.0,-3.5,1936.90071,-0.00682
15.0,-3.5,1936.70233,0.0012
16.0,-3.5,1937.60989,0.00468
17.0,-3.5,1934.8455,0.00289
18.0,-3.5,1933.02887,0.01296
19.0,-3.5,1934.12954,0.00845
20.0,-3.5,1933.45015,0.01345
21.0,-3.5,1930.49093,0.01949
22.0,-3.5,1924.30126,0.02273
23.0,-3.5,1928.55551,0.00779
24.0,-3.5,1930.70673,0.00549
25.0,-3.5,1925.56419,0.01355
26.0,-3.5,1925.41096,0.01614
27.0,-3.5,1923.60869,0.00958
28.0,-3.5,1927.21853,0.00575
29.0,-3.5,1926.3771,-0.00424
30.0,-3.5,1926.08518,-0.01212
31.0,-3.5,1927.52054,-0.01641
32.0,-3.5,1926.16358,-0.01528
33.0,-3.5,1921.74627,-0.00725
-35.0,-2.5,1848.87132,0.16387
-34.0,-2.5,1852.92916,-0.99734
-33.0,-2.5,1857.06272,-0.54038
-32.0,-2.5,1860.71178,0.81307
-31.0,-2.5,1865.63742,0.66166
-30.0,-2.5,1875.97332,0.84952
-29.0,-2.5,1871.77023,-0.17081
-28.0,-2.5,1874.26445,0.49589
-27.0,-2.5,1876.59605,0.02694
-26.0,-2.5,1884.00429,-0.08219
-25.0,-2.5,1879.23146,0.24887
-24.0,-2.5,1880.01822,0.09338
-23.0,-2.5,1890.11601,-0.36481
-22.0,-2.5,1885.84623,-0.39439
-21.0,-2.5,1886.50336,-0.3103
-20.0,-2.5,1884.70483,0.39065
-19.0,-2.5,1884.47683,0.30092
-18.0,-2.5,1898.89251,-0.20149
-17.0,-2.5,1893.90691,-0.80399
-16.0,-2.5,1893.54338,-1.03175
-15.0,-2.5,1893.59396,-0.84557
-14.0,-2.5,1899.54039,-0.01706
-13.0,-2.5,1901.22799,0.7027
-12.0,-2.5,1902.96126,-1.12736
-11.0,-2.5,1906.97289,-0.22944
-10.0,-2.5,1903.67438,0.2023
-9.0,-2.5,1912.28944,-0.30696
-8.0,-2.5,1910.69008,-0.11675
-7.0,-2.5,1905.33156,-0.02149
-6.0,-2.5,1906.93114,-0.00333
-5.0,-2.5,1908.27605,-0.04912
-4.0,-2.5,1904.8292,-0.00495
-3.0,-2.5,1906.76174,0.10566
-2.0,-2.5,1908.21769,-0.01483
-1.0,-2.5,1900.61771,-0.60128
0.0,-2.5,1904.73508,0.21199
1.0,-2.5,1901.63069,0.08914
2.0,-2.5,1912.28298,-0.26206
3.0,-2.5,1920.94317,0.61135
4.0,-2.5,1922.04816,0.7339
5.0,-2.5,1914.62226,0.43489
6.0,-2.5,1914.43904,0.06648
7.0,-2.5,1919.86263,0.12933
8.0,-2.5,1920.13286,0.139
9.0,-2.5,1928.48248,0.09095
10.0,-2.5,1929.62542,0.07602
11.0,-2.5,1932.04326,0.02139
12.0,-2.5,1931.72875,0.02186
13.0,-2.5,1930.56782,0.0204
14.0,-2.5,1933.27309,-0.00413
15.0,-2.5,1935.38303,-0.00139
16.0,-2.5,1935.63889,0.00749
17.0,-2.5,1932.46286,0.00411
18.0,-2.5,1933.52902,7e-05
19.0,-2.5,1933.82314,0.01873
20.0,-2.5,1933.95622,0.01911
21.0,-2.5,1929.42872,0.01392
22.0,-2.5,1929.59776,0.01621
23.0,-2.5,1929.24591,0.01205
24.0,-2.5,1931.32375,0.00908
25.0,-2.5,1930.48531,0.0134
26.0,-2.5,1931.19586,0.01965
27.0,-2.5,1932.46894,0.01429
28.0,-2.5,1929.12639,0.01003
29.0,-2.5,1926.21428,0.00132
30.0,-2.5,1923.59567,-0.00586
31.0,-2.5,1927.18955,-0.00484
32.0,-2.5,1923.91731,-0.00094
33.0,-2.5,1924.20037,-0.00332
-35.0,-1.5,1855.68567,-0.563
-34.0,-1.5,1856.20018,-0.23862
-33.0,-1.5,1858.62775,-0.19483
-32.0,-1.5,1863.10661,-0.09602
-31.0,-1.5,1865.28287,0.14889
-30.0,-1.5,1875.80859,0.32548
-29.0,-1.5,1868.29219,0.23319
-28.0,-1.5,1874.85385,-0.36534
-27.0,-1.5,1883.05653,-0.83905
-26.0,-1.5,1889.71379,-0.13852
-25.0,-1.5,1879.6203,0.20739
-24.0,-1.5,1882.21587,0.52359
-23.0,-1.5,1889.37291,-0.16432
-22.0,-1.5,1888.94162,-0.19242
-21.0,-1.5,1884.77052,-0.12766
-20.0,-1.5,1884.63449,0.05408
-19.0,-1.5,1895.34991,0.31162
-18.0,-1.5,1891.47859,-0.12599
-17.0,-1.5,1895.85195,-0.19789
-16.0,-1.5,1900.1496,-0.15102
-15.0,-1.5,1896.3081,-0.18471
-14.0,-1.5,1900.32012,-0.21189
-13.0,-1.5,1904.68479,-0.08263
-12.0,-1.5,1896.76706,0.22886
-11.0,-1.5,1903.32074,0.03821
-10.0,-1.5,1910.51332,-0.78714
-9.0,-1.5,1909.90839,0.10176
-8.0,-1.5,1909.536,0.0099
-7.0,-1.5,1915.27133,0.01816
-6.0,-1.5,1913.09476,0.07978
-5.0,-1.5,1904.52206,0.15763
-4.0,-1.5,1906.32153,-0.14097
-3.0,-1.5,1908.87032,-0.03671
-2.0,-1.5,1912.27084,0.01001
-1.0,-1.5,1905.78555,-0.58596
0.0,-1.5,1910.60532,0.0769
1.0,-1.5,1907.99809,0.04977
2.0,-1.5,1911.46606,-0.69225
3.0,-1.5,1920.08731,6.60675
4.0,-1.5,1924.89796,-0.07361
5.0,-1.5,1917.31142,1.55183
6.0,-1.5,1910.31875,-0.17637
7.0,-1.5,1928.51903,-0.0523
8.0,-1.5,1932.70757,0.09348
9.0,-1.5,1931.13569,0.10067
10.0,-1.5,1929.41602,0.11753
11.0,-1.5,1928.84909,0.0434
12.0,-1.5,1932.87493,0.0093
13.0,-1.5,1933.01203,0.02779
14.0,-1.5,1932.12091,0.00458
15.0,-1.5,1935.43076,0.0027
16.0,-1.5,1936.62762,0.01332
17.0,-1.5,1933.22188,-0.00215
18.0,-1.5,1934.1718,-0.00098
19.0,-1.5,1931.20148,-0.00195
20.0,-1.5,1930.13378,0.01189
21.0,-1.5,1927.98403,0.00671
22.0,-1.5,1929.20337,0.01231
23.0,-1.5,1934.64547,0.01185
24.0,-1.5,1933.4789,0.01575
25.0,-1.5,1935.15058,0.01454
26.0,-1.5,1935.40487,0.00954
27.0,-1.5,1935.12102,0.0068
28.0,-1.5,1933.06749,0.00715
29.0,-1.5,1928.32789,0.00066
30.0,-1.5,1932.30311,-0.00039
31.0,-1.5,1929.13697,0.00622
32.0,-1.5,1923.08341,0.00104
33.0,-1.5,1924.52949,-0.00409
-35.0,-0.5,1854.44605,0.36386
-34.0,-0.5,1856.74644,-0.36419
-33.0,-0.5,1868.28169,0.12162
-32.0,-0.5,1881.61568,0.20747
-31.0,-0.5,1865.15146,0.30279
-30.0,-0.5,1873.31155,1.04625
-29.0,-0.5,1872.20951,0.05599
-28.0,-0.5,1873.40928,0.21515
-27.0,-0.5,1875.9625,0.66342
-26.0,-0.5,1882.23715,0.43261
-25.0,-0.5,1880.41795,-0.04837
-24.0,-0.5,1886.85865,-0.37124
-23.0,-0.5,1889.93955,-0.03836
-22.0,-0.5,1882.30781,-0.23256
-21.0,-0.5,1883.94374,-0.36733
-20.0,-0.5,1879.51806,0.12509
-19.0,-0.5,1887.96739,0.05258
-18.0,-0.5,1883.27472,-0.83028
-17.0,-0.5,1888.7911,0.32737
-16.0,-0.5,1891.05901,0.1331
-15.0,-0.5,1897.76347,0.35066
-14.0,-0.5,1899.46546,0.03831
-13.0,-0.5,1894.83492,-0.05739
-12.0,-0.5,1902.17996,-0.44432
-11.0,-0.5,1908.76005,0.08876
-10.0,-0.5,1908.91256,0.18139
-9.0,-0.5,1911.5912,-0.01332
-8.0,-0.5,1910.78693,-0.16666
-7.0,-0.5,1912.96726,-0.01062
-6.0,-0.5,1907.08941,-0.0849
-5.0,-0.5,1910.24792,-0.12312
-4.0,-0.5,1911.03435,0.06641
-3.0,-0.5,1908.24783,0.03702
-2.0,-0.5,1910.59404,-0.26951
-1.0,-0.5,1901.05336,-0.25085
0.0,-0.5,1907.24876,0.12644
1.0,-0.5,1907.05062,0.09872
2.0,-0.5,1920.11593,-0.0039
3.0,-0.5,1912.97196,0.63165
4.0,-0.5,1918.73921,-0.36619
5.0,-0.5,1910.13653,0.87808
6.0,-0.5,1909.88244,0.12803
7.0,-0.5,1917.41681,0.21016
8.0,-0.5,1921.17354,0.15005
9.0,-0.5,1933.85446,0.07353
10.0,-0.5,1940.88529,0.05546
11.0,-0.5,1937.1258,0.03459
12.0,-0.5,1936.95459,0.00643
13.0,-0.5,1931.771,0.01819
14.0,-0.5,1931.5496,0.00655
15.0,-0.5,1932.95765,-0.00606
16.0,-0.5,1936.3845,-0.00066
17.0,-0.5,1937.57226,0.00222
18.0,-0.5,1930.95296,-0.001
19.0,-0.5,1928.55327,0.00113
20.0,-0.5,1922.58876,0.01672
21.0,-0.5,1924.40661,0.00967
22.0,-0.5,1925.68738,0.01298
23.0,-0.5,1931.09956,0.01654
24.0,-0.5,1933.3397,0.01738
25.0,-0.5,1933.88807,0.01151
26.0,-0.5,1935.48135,0.00625
27.0,-0.5,1931.86004,0.00787
28.0,-0.5,1931.36989,-0.00736
29.0,-0.5,1928.60814,0.00273
30.0,-0.5,1932.00659,0.00226
31.0,-0.5,1927.73694,0.00963
32.0,-0.5,1927.21785,0.00927
33.0,-0.5,1922.6796,-0.00478
-35.0,0.5,1851.69161,-0.37618
-34.0,0.5,1859.6658,-0.06302
-33.0,0.5,1871.60311,1.17864
-32.0,0.5,1872.67139,-2.16461
-31.0,0.5,1867.07045,-0.21917
-30.0,0.5,1859.03407,-0.17166
-29.0,0.5,1865.22459,0.14516
-28.0,0.5,1866.54289,-0.04553
-27.0,0.5,1875.06616,0.09373
-26.0,0.5,1875.14426,0.19576
-25.0,0.5,1881.00917,0.65412
-24.0,0.5,1878.91624,-0.19582
-23.0,0.5,1884.33965,0.36182
-22.0,0.5,1885.72579,-0.24265
-21.0,0.5,1878.94216,0.23177
-20.0,0.5,1882.08055,-0.31395
-19.0,0.5,1885.25884,-0.34089
-18.0,0.5,1887.96389,-0.24132
-17.0,0.5,1888.37081,-0.10219
-16.0,0.5,1889.51271,-0.50157
-15.0,0.5,1891.76894,-0.25535
-14.0,0.5,1898.68145,-0.21461
-13.0,0.5,1904.32947,-0.63939
-12.0,0.5,1906.21561,-0.69194
-11.0,0.5,1903.60027,0.05231
-10.0,0.5,1906.51595,-0.00323
-9.0,0.5,1909.92541,-0.16893
-8.0,0.5,1908.88113,-0.02542
-7.0,0.5,1911.91743,0.13952
-6.0,0.5,1911.00545,0.51469
-5.0,0.5,1908.88891,0.26971
-4.0,0.5,1906.143,0.06006
-3.0,0.5,1909.43385,0.1773
-2.0,0.5,1913.36893,0.52583
-1.0,0.5,1911.11469,-0.01
0.0,0.5,1912.04304,-0.209
1.0,0.5,1896.56553,0.13759
2.0,0.5,1904.59612,-0.11078
3.0,0.5,1899.992,4.57024
4.0,0.5,1912.76213,-0.0186
5.0,0.5,1920.08856,-0.06821
6.0,0.5,1920.52655,-0.57365
7.0,0.5,1908.57701,0.45511
8.0,0.5,1919.49972,0.25898
9.0,0.5,1929.44623,0.13848
10.0,0.5,1937.84411,0.03918
11.0,0.5,1934.46036,0.03711
12.0,0.5,1928.82245,0.02896
13.0,0.5,1934.38406,0.00914
14.0,0.5,1934.62747,0.00103
15.0,0.5,1933.65543,-0.00354
16.0,0.5,1930.0619,0.00481
17.0,0.5,1931.94017,0.00284
18.0,0.5,1929.97629,-0.00156
19.0,0.5,1928.53342,0.00072
20.0,0.5,1923.70832,0.01189
21.0,0.5,1926.75177,0.00637
22.0,0.5,1928.06816,0.00793
23.0,0.5,1931.37559,0.01385
24.0,0.5,1931.00726,0.0112
25.0,0.5,1929.45655,0.00522
26.0,0.5,1929.12603,0.01198
27.0,0.5,1929.04713,0.0066
28.0,0.5,1934.92221,-0.04179
29.0,0.5,1929.27329,-0.00342
30.0,0.5,1931.30348,0.00499
31.0,0.5,1927.34052,0.00842
32.0,0.5,1926.0551,0.00688
33.0,0.5,1924.49428,-0.00013
-35.0,1.5,1853.30784,1.79416
-34.0,1.5,1858.38498,0.81334
-33.0,1.5,1859.02485,0.33763
-32.0,1.5,1859.37993,-1.04916
-31.0,1.5,1854.92456,-0.87684
-30.0,1.5,1867.79056,0.17177
-29.0,1.5,1865.88451,-1.03441
-28.0,1.5,1869.18517,0.11967
-27.0,1.5,1874.32361,0.0935
-26.0,1.5,1878.74332,0.07058
-25.0,1.5,1881.03685,0.39832
-24.0,1.5,1877.15891,-0.0721
-23.0,1.5,1881.75729,0.1232
-22.0,1.5,1883.73758,0.00761
-21.0,1.5,1888.01572,-0.10106
-20.0,1.5,1886.49214,-0.25986
-19.0,1.5,1891.08637,-0.55433
-18.0,1.5,1889.35072,0.64509
-17.0,1.5,1889.58092,-0.22341
-16.0,1.5,1898.41969,-0.11683
-15.0,1.5,1892.36669,-0.11928
-14.0,1.5,1903.92322,-0.83397
-13.0,1.5,1905.23404,-1.90794
-12.0,1.5,1900.26371,-0.08152
-11.0,1.5,1901.05061,-0.45555
-10.0,1.5,1892.94786,0.12565
-9.0,1.5,1904.39954,-0.16446
-8.0,1.5,1907.79313,-0.17081
-7.0,1.5,1906.99535,-0.12596
-6.0,1.5,1908.26429,-0.02742
-5.0,1.5,1900.49167,0.0472
-4.0,1.5,1900.98494,0.24121
-3.0,1.5,1904.78887,0.01296
-2.0,1.5,1904.88847,0.38157
-1.0,1.5,1899.82344,0.68717
0.0,1.5,1900.34607,-0.34055
1.0,1.5,1892.77519,0.0013
2.0,1.5,1899.25571,-0.90289
3.0,1.5,1891.17431,1.36268
4.0,1.5,1902.62308,-0.39237
5.0,1.5,1909.00978,0.07953
6.0,1.5,1916.35298,0.00031
7.0,1.5,1931.02793,-0.49305
8.0,1.5,1935.17446,0.21915
9.0,1.5,1929.51315,0.05757
10.0,1.5,1931.20092,0.07074
11.0,1.5,1925.98956,0.07707
12.0,1.5,1930.60378,0.03023
13.0,1.5,1934.10113,0.0066
14.0,1.5,1937.68218,-0.00742
15.0,1.5,1934.48976,0.00305
16.0,1.5,1930.47542,0.01053
17.0,1.5,1933.58813,0.00367
18.0,1.5,1929.20836,-0.00145
19.0,1.5,1922.85968,-0.00526
20.0,1.5,1920.47602,-0.00961
21.0,1.5,1924.34435,0.00354
22.0,1.5,1928.42843,0.01219
23.0,1.5,1928.68097,0.01582
24.0,1.5,1925.87223,0.01382
25.0,1.5,1920.47146,0.00515
26.0,1.5,1923.77181,0.00716
27.0,1.5,1927.72991,0.00273
28.0,1.5,1924.28237,-0.00597
29.0,1.5,1931.49508,-0.00549
30.0,1.5,1930.43357,0.0063
31.0,1.5,1931.41546,0.00435
32.0,1.5,1927.62553,0.00762
33.0,1.5,1925.8566,0.01211
-35.0,2.5,1857.49567,-0.87899
-34.0,2.5,1852.09764,0.24865
-33.0,2.5,1860.40664,-0.32034
-32.0,2.5,1857.2726,-0.15582
-31.0,2.5,1868.53829,0.93313
-30.0,2.5,1870.32068,-0.67546
-29.0,2.5,1856.56083,-0.91539
-28.0,2.5,1862.14556,-0.52551
-27.0,2.5,1877.77,-0.41808
-26.0,2.5,1878.06556,-0.75623
-25.0,2.5,1871.97113,0.20783
-24.0,2.5,1877.33491,-0.16874
-23.0,2.5,1878.20732,0.12734
-22.0,2.5,1882.90999,-0.20048
-21.0,2.5,1885.79233,0.00042
-20.0,2.5,1888.00296,0.08691
-19.0,2.5,1888.17077,-0.18428
-18.0,2.5,1892.28669,-0.10852
-17.0,2.5,1893.18473,0.1945
-16.0,2.5,1887.10295,-1.16718
-15.0,2.5,1895.42088,-0.16216
-14.0,2.5,1904.52929,-0.06412
-13.0,2.5,1905.76063,-0.39286
-12.0,2.5,1901.2164,-0.07817
-11.0,2.5,1902.30418,-0.07161
-10.0,2.5,1896.42903,-0.04455
-9.0,2.5,1905.9873,7e-05
-8.0,2.5,1899.80352,-0.14843
-7.0,2.5,1902.62282,0.1085
-6.0,2.5,1899.51599,-0.02319
-5.0,2.5,1899.69379,0.02828
-4.0,2.5,1908.01618,-0.17841
-3.0,2.5,1913.49319,-0.07826
-2.0,2.5,1897.09363,-0.29664
-1.0,2.5,1900.3492,0.26269
0.0,2.5,1900.87001,-0.03857
1.0,2.5,1906.92771,-0.04028
2.0,2.5,1907.38907,0.08108
3.0,2.5,1913.86015,-1.16345
4.0,2.5,1915.5595,0.13495
5.0,2.5,1917.34444,-1.12806
6.0,2.5,1920.10782,-0.01107
7.0,2.5,1924.78549,-2.73985
8.0,2.5,1928.35059,0.20353
9.0,2.5,1928.25653,0.10142
10.0,2.5,1934.25877,0.03544
11.0,2.5,1934.36847,0.03851
12.0,2.5,1922.74636,0.04264
13.0,2.5,1938.73354,-0.01128
14.0,2.5,1936.95673,-0.00342
15.0,2.5,1934.45375,-0.00134
16.0,2.5,1932.5327,0.01181
17.0,2.5,1933.44162,0.00728
18.0,2.5,1933.68135,3e-05
19.0,2.5,1929.8445,-0.01152
20.0,2.5,1922.37288,-0.0146
21.0,2.5,1923.4045,0.00233
22.0,2.5,1926.2248,0.00461
23.0,2.5,1923.89905,0.0092
24.0,2.5,1922.8807,0.00899
25.0,2.5,1920.46777,0.00812
26.0,2.5,1923.71534,0.00637
27.0,2.5,1926.95633,0.00627
28.0,2.5,1925.38826,0.00983
29.0,2.5,1923.7934,0.00696
30.0,2.5,1929.39921,-0.00297
31.0,2.5,1931.04579,0.00343
32.0,2.5,1931.18785,0.00853
33.0,2.5,1929.00874,0.01195
-35.0,3.5,1848.76625,-0.42884
-34.0,3.5,1854.89887,-0.31706
-33.0,3.5,1862.36878,-0.0698
-32.0,3.5,1855.22506,0.04246
-31.0,3.5,1873.57944,-0.14385
-30.0,3.5,1871.88581,-0.14127
-29.0,3.5,1870.00461,0.40695
-28.0,3.5,1871.68066,-0.21548
-27.0,3.5,1878.6798,-0.17666
-26.0,3.5,1871.80469,-0.25054
-25.0,3.5,1878.05577,-0.05777
-24.0,3.5,1881.79817,0.25994
-23.0,3.5,1880.12119,-0.00083
-22.0,3.5,1880.72723,-0.14314
-21.0,3.5,1891.48024,-0.10252
-20.0,3.5,1892.43146,-0.40246
-19.0,3.5,1886.97714,-0.09144
-18.0,3.5,1889.16536,-0.21892
-17.0,3.5,1887.78733,0.01433
-16.0,3.5,1888.94681,-0.26021
-15.0,3.5,1893.19434,-0.36476
-14.0,3.5,1898.71999,0.03201
-13.0,3.5,1904.13937,-0.02568
-12.0,3.5,1904.50093,0.10029
-11.0,3.5,1903.1896,0.47435
-10.0,3.5,1891.10889,0.01136
-9.0,3.5,1893.8918,-0.00098
-8.0,3.5,1899.877,0.11145
-7.0,3.5,1905.62894,0.16869
-6.0,3.5,1902.38559,0.28145
-5.0,3.5,1895.71802,0.55067
-4.0,3.5,1904.07826,-0.02514
-3.0,3.5,1908.74866,0.099
-2.0,3.5,1911.7815,0.39105
-1.0,3.5,1905.87838,0.1347
0.0,3.5,1905.99631,-0.03409
1.0,3.5,1923.03829,-0.22137
2.0,3.5,1921.18971,0.26831
3.0,3.5,1924.5778,12.53795
4.0,3.5,1920.72887,0.0309
5.0,3.5,1914.62242,-0.14405
6.0,3.5,1923.74491,-0.14941
7.0,3.5,1926.33148,-1.20371
8.0,3.5,1935.58387,0.03036
9.0,3.5,1937.72407,0.07741
10.0,3.5,1935.37356,0.02938
11.0,3.5,1936.09613,0.02305
12.0,3.5,1939.22213,0.00889
13.0,3.5,1939.00643,0.00187
14.0,3.5,1937.6536,0.00237
15.0,3.5,1935.31189,0.00533
16.0,3.5,1931.75975,0.01611
17.0,3.5,1932.37912,0.01143
18.0,3.5,1933.12124,-0.00677
19.0,3.5,1932.85769,-0.01398
20.0,3.5,1928.67199,-0.00018
21.0,3.5,1927.48857,0.01337
22.0,3.5,1927.14716,0.0143
23.0,3.5,1926.72871,0.011
24.0,3.5,1923.08853,0.0047
25.0,3.5,1921.90741,0.00849
26.0,3.5,1920.27066,0.00452
27.0,3.5,1921.98062,0.00438
28.0,3.5,1925.08616,0.00106
29.0,3.5,1930.48065,-0.00423
30.0,3.5,1931.25931,-0.01154
31.0,3.5,1926.28101,-0.00193
32.0,3.5,1925.69443,0.00361
33.0,3.5,1928.77986,0.00251
-35.0,4.5,1849.7259,-0.49594
-34.0,4.5,1858.53367,0.1685
-33.0,4.5,1863.97673,0.43952
-32.0,4.5,1869.90771,0.30415
-31.0,4.5,1874.33547,0.07635
-30.0,4.5,1869.34854,-0.05532
-29.0,4.5,1865.45259,0.01049
-28.0,4.5,1868.11555,0.16089
-27.0,4.5,1873.02272,-0.59869
-26.0,4.5,1862.50546,-0.34811
-25.0,4.5,1871.68174,0.14235
-24.0,4.5,1880.34978,-0.21041
-23.0,4.5,1869.34778,0.0064
-22.0,4.5,1881.29999,0.35946
-21.0,4.5,1881.71415,-0.16492
-20.0,4.5,1885.71739,-0.40465
-19.0,4.5,1886.0218,-0.08708
-18.0,4.5,1889.43267,-0.42894
-17.0,4.5,1890.1374,0.01748
-16.0,4.5,1889.09534,-0.19412
-15.0,4.5,1901.60132,-0.07177
-14.0,4.5,1907.4431,0.06789
-13.0,4.5,1904.62861,0.33206
-12.0,4.5,1906.42376,0.50991
-11.0,4.5,1901.49615,-0.02479
-10.0,4.5,1900.3174,-0.17669
-9.0,4.5,1906.7758,-0.14934
-8.0,4.5,1915.00792,-0.39027
-7.0,4.5,1909.79033,-0.03872
-6.0,4.5,1894.71569,0.17313
-5.0,4.5,1905.09443,0.18206
-4.0,4.5,1904.21007,0.30261
-3.0,4.5,1905.32654,0.22404
-2.0,4.5,1901.52062,0.76843
-1.0,4.5,1905.88126,0.26105
0.0,4.5,1908.68784,0.10228
1.0,4.5,1913.53234,-0.3752
2.0,4.5,1928.28757,40.98389
3.0,4.5,1936.39158,0.09215
4.0,4.5,1925.55623,68.84066
5.0,4.5,1938.27374,2.36905
6.0,4.5,1912.30186,-1.41063
7.0,4.5,1917.96341,-5.69143
8.0,4.5,1934.03744,0.16474
9.0,4.5,1945.1262,-0.01789
10.0,4.5,1938.48537,0.03828
11.0,4.5,1941.24228,0.00884
12.0,4.5,1937.29903,0.00469
13.0,4.5,1934.98039,-0.0063
14.0,4.5,1934.92811,-0.00518
15.0,4.5,1932.92979,0.00986
16.0,4.5,1933.68287,0.01445
17.0,4.5,1935.89324,0.01895
18.0,4.5,1932.64114,0.01096
19.0,4.5,1931.51158,0.01669
20.0,4.5,1928.71663,0.01064
21.0,4.5,1928.57843,0.00162
22.0,4.5,1924.60281,0.01223
23.0,4.5,1919.11006,0.01607
24.0,4.5,1920.11732,0.01151
25.0,4.5,1921.35214,0.00781
26.0,4.5,1915.71733,0.00669
27.0,4.5,1925.17177,0.00289
28.0,4.5,1927.03085,0.00438
29.0,4.5,1928.96908,0.00793
30.0,4.5,1932.23554,0.00481
31.0,4.5,1930.17948,-8e-05
32.0,4.5,1930.23906,-0.0037
33.0,4.5,1931.73898,-0.00436
-35.0,5.5,1853.10128,-0.25087
-34.0,5.5,1864.25636,0.4048
-33.0,5.5,1867.5966,1.86835
-32.0,5.5,1860.24678,0.37312
-31.0,5.5,1863.35589,-0.24144
-30.0,5.5,1855.522,-0.03968
-29.0,5.5,1858.10153,-0.03927
-28.0,5.5,1859.94647,-0.02398
-27.0,5.5,1863.06088,0.08695
-26.0,5.5,1870.36093,-0.13223
-25.0,5.5,1870.34391,-0.17962
-24.0,5.5,1884.30114,-0.27586
-23.0,5.5,1880.72577,0.09416
-22.0,5.5,1880.61657,-0.33342
-21.0,5.5,1882.64463,-0.13983
-20.0,5.5,1878.41095,-0.38006
-19.0,5.5,1882.86474,0.01492
-18.0,5.5,1888.66347,-0.15267
-17.0,5.5,1898.27791,-0.17657
-16.0,5.5,1895.84714,-0.43394
-15.0,5.5,1897.00475,0.34303
-14.0,5.5,1895.42304,0.05782
-13.0,5.5,1899.15575,0.09667
-12.0,5.5,1899.34095,-0.35207
-11.0,5.5,1895.28821,-0.07138
-10.0,5.5,1900.53122,-0.03538
-9.0,5.5,1902.70877,-0.14642
-8.0,5.5,1897.01333,-0.07536
-7.0,5.5,1898.06702,0.00857
-6.0,5.5,1899.09856,-0.28691
-5.0,5.5,1905.69247,0.50212
-4.0,5.5,1909.7424,0.19052
-3.0,5.5,1903.80028,0.33302
-2.0,5.5,1894.75435,0.62568
-1.0,5.5,1899.59933,1.60279
0.0,5.5,1913.21913,0.12749
1.0,5.5,1917.53419,-10.94246
2.0,5.5,1922.652,4.79012
3.0,5.5,1926.35834,1.3756
4.0,5.5,1914.89195,0.24783
5.0,5.5,1891.98614,0.46592
6.0,5.5,1919.55607,-7.89399
7.0,5.5,1931.42684,-6.2029
8.0,5.5,1930.75185,0.09919
9.0,5.5,1945.20213,-0.03684
10.0,5.5,1943.29269,0.01873
11.0,5.5,1938.8769,0.0415
12.0,5.5,1931.08981,0.03483
13.0,5.5,1931.6012,-0.00788
14.0,5.5,1930.19987,-0.01309
15.0,5.5,1927.49362,0.0062
16.0,5.5,1929.17017,0.01145
17.0,5.5,1934.09817,0.00875
18.0,5.5,1935.46437,0.00739
19.0,5.5,1933.76059,0.01667
20.0,5.5,1931.36586,0.0113
21.0,5.5,1930.5682,0.00726
22.0,5.5,1925.23092,0.00151
23.0,5.5,1911.02054,-1e-05
24.0,5.5,1916.13411,0.00692
25.0,5.5,1922.42758,0.00231
26.0,5.5,1924.61022,0.00266
27.0,5.5,1923.36549,0.00041
28.0,5.5,1928.29036,0.00413
29.0,5.5,1931.05235,0.00376
30.0,5.5,1933.60218,0.00843
31.0,5.5,1933.05745,0.00746
32.0,5.5,1932.17562,0.00311
33.0,5.5,1932.61248,0.00351
-35.0,6.5,1851.30615,0.76551
-34.0,6.5,1870.14796,3.1801
-33.0,6.5,1874.15128,1.9365
-32.0,6.5,1866.73475,-0.21525
-31.0,6.5,1873.26852,0.22369
-30.0,6.5,1862.08446,-0.28862
-29.0,6.5,1862.72379,0.0772
-28.0,6.5,1863.7963,-0.56166
-27.0,6.5,1863.7375,-0.41581
-26.0,6.5,1866.44983,0.06245
-25.0,6.5,1872.87133,-0.14548
-24.0,6.5,1882.18489,-0.46331
-23.0,6.5,1879.34535,0.10558
-22.0,6.5,1877.8288,-0.22434
-21.0,6.5,1880.43668,-0.10837
-20.0,6.5,1878.67518,-0.27657
-19.0,6.5,1875.66957,-0.45744
-18.0,6.5,1882.65467,0.25441
-17.0,6.5,1890.19977,-0.0348
-16.0,6.5,1883.26884,0.02176
-15.0,6.5,1886.12092,0.44165
-14.0,6.5,1895.56425,0.20137
-13.0,6.5,1893.21285,-0.34946
-12.0,6.5,1897.23188,0.08093
-11.0,6.5,1890.97069,0.19777
-10.0,6.5,1904.17705,0.11679
-9.0,6.5,1894.00173,0.29682
-8.0,6.5,1898.21139,-0.27496
-7.0,6.5,1897.11862,0.15009
-6.0,6.5,1896.02818,0.02482
-5.0,6.5,1895.56348,0.1081
-4.0,6.5,1909.78709,-0.01792
-3.0,6.5,1897.02083,0.0607
-2.0,6.5,1895.00414,0.07038
-1.0,6.5,1893.5174,0.87131
0.0,6.5,1903.04431,0.37284
1.0,6.5,1909.90249,-0.79123
2.0,6.5,1921.68213,-2.93785
3.0,6.5,1914.76363,-2.34415
4.0,6.5,1912.83262,0.06134
5.0,6.5,1874.62803,-1.00754
6.0,6.5,1925.7122,-0.08976
7.0,6.5,1940.46262,0.06306
8.0,6.5,1942.06517,0.05
9.0,6.5,1951.49627,0.00532
10.0,6.5,1936.82344,0.05356
11.0,6.5,1925.85799,0.11289
12.0,6.5,1932.47937,0.03921
13.0,6.5,1930.81027,0.00357
14.0,6.5,1936.26177,-0.00715
15.0,6.5,1932.66903,0.00438
16.0,6.5,1929.42513,0.01594
17.0,6.5,1929.3087,0.00678
18.0,6.5,1931.02866,-0.00127
19.0,6.5,1933.48818,0.00837
20.0,6.5,1929.85087,0.00791
21.0,6.5,1928.6873,0.00373
22.0,6.5,1925.5734,0.00568
23.0,6.5,1917.65838,0.00443
24.0,6.5,1917.12321,0.00401
25.0,6.5,1922.69702,0.00539
26.0,6.5,1920.21006,-0.00083
27.0,6.5,1927.62713,-0.00065
28.0,6.5,1929.1028,0.00062
29.0,6.5,1931.64958,0.00292
30.0,6.5,1931.92285,0.00314
31.0,6.5,1932.32376,0.00936
32.0,6.5,1935.11366,0.01043
33.0,6.5,1938.76194,0.00266
-35.0,7.5,1845.20138,0.46398
-34.0,7.5,1863.63584,-0.00168
-33.0,7.5,1867.859,-0.68123
-32.0,7.5,1871.78247,1.01492
-31.0,7.5,1868.45629,-0.04565
-30.0,7.5,1860.78771,0.0106
-29.0,7.5,1855.75533,0.07773
-28.0,7.5,1866.12287,-0.58514
-27.0,7.5,1875.29496,-0.22833
-26.0,7.5,1867.21293,-0.12696
-25.0,7.5,1868.77512,-0.31129
-24.0,7.5,1860.30587,-1.12333
-23.0,7.5,1865.26087,0.11831
-22.0,7.5,1866.24236,-0.89556
-21.0,7.5,1871.52425,1.53956
-20.0,7.5,1878.54072,0.44866
-19.0,7.5,1883.06088,-0.23205
-18.0,7.5,1886.33498,0.32986
-17.0,7.5,1893.14036,-0.01271
-16.0,7.5,1897.70207,0.36392
-15.0,7.5,1895.63856,-1.04362
-14.0,7.5,1905.41318,-0.11108
-13.0,7.5,1890.38868,1.50464
-12.0,7.5,1889.99884,-1.18403
-11.0,7.5,1899.46426,-1.01811
-10.0,7.5,1896.70618,-0.11212
-9.0,7.5,1903.98375,-0.01191
-8.0,7.5,1898.86218,-0.07987
-7.0,7.5,1893.07926,-0.17195
-6.0,7.5,1900.60427,-0.01815
-5.0,7.5,1889.88075,-0.4279
-4.0,7.5,1883.5293,-7.69342
-3.0,7.5,1889.86597,2.50136
-2.0,7.5,1892.96431,0.52722
-1.0,7.5,1898.40291,0.39233
0.0,7.5,1902.72234,0.01087
1.0,7.5,1906.54286,-0.40253
2.0,7.5,1911.15506,-0.1821
3.0,7.5,1922.93503,-0.14022
4.0,7.5,1910.38965,0.21383
5.0,7.5,1896.08695,2.75807
6.0,7.5,1935.29516,0.7786
7.0,7.5,1935.73099,0.26011
8.0,7.5,1941.99681,0.03012
9.0,7.5,1948.9513,0.06307
10.0,7.5,1932.91859,0.09408
11.0,7.5,1940.27871,0.03299
12.0,7.5,1937.79891,0.01292
13.0,7.5,1935.87523,-0.00012
14.0,7.5,1935.73589,0.0015
15.0,7.5,1930.8016,0.00645
16.0,7.5,1928.62876,0.00694
17.0,7.5,1926.0225,0.0026
18.0,7.5,1926.51725,0.00052
19.0,7.5,1926.46212,-0.00131
20.0,7.5,1926.39129,0.00756
21.0,7.5,1928.99326,0.00375
22.0,7.5,1927.81814,0.00033
23.0,7.5,1924.16069,0.00448
24.0,7.5,1919.55649,0.00602
25.0,7.5,1920.90824,0.00333
26.0,7.5,1916.55926,0.00117
27.0,7.5,1931.89205,-0.00214
28.0,7.5,1930.776,-0.00126
29.0,7.5,1931.4358,0.00428
30.0,7.5,1934.06251,0.01248
31.0,7.5,1934.65448,0.0117
32.0,7.5,1936.78253,0.0088
33.0,7.5,1940.97008,-0.00341
-35.0,8.5,1853.95691,0.60073
-34.0,8.5,1856.89657,0.46221
-33.0,8.5,1867.85349,0.45511
-32.0,8.5,1866.14938,0.77068
-31.0,8.5,1861.51733,0.10915
-30.0,8.5,1876.77625,0.30333
-29.0,8.5,1875.17048,0.18088
-28.0,8.5,1875.35859,-0.18877
-27.0,8.5,1876.21551,0.14766
-26.0,8.5,1871.33084,0.40698
-25.0,8.5,1866.35397,-0.02161
-24.0,8.5,1868.67766,-1.17115
-23.0,8.5,1876.78129,-1.70943
-22.0,8.5,1875.78001,0.21912
-21.0,8.5,1879.45366,0.49733
-20.0,8.5,1875.17959,-0.02317
-19.0,8.5,1881.88994,-0.38088
-18.0,8.5,1889.81441,-0.02091
-17.0,8.5,1895.36803,-2.24619
-16.0,8.5,1905.60329,-5.28923
-15.0,8.5,1902.72431,0.92623
-14.0,8.5,1894.56745,0.22696
-13.0,8.5,1897.25324,0.2285
-12.0,8.5,1894.99165,-0.8383
-11.0,8.5,1893.46482,0.18872
-10.0,8.5,1899.58034,-0.03094
-9.0,8.5,1899.55908,0.18619
-8.0,8.5,1908.6233,-0.1461
-7.0,8.5,1910.08034,-0.02337
-6.0,8.5,1891.88632,0.00375
-5.0,8.5,1894.77006,-0.06973
-4.0,8.5,1889.74654,0.25085
-3.0,8.5,1892.09814,0.09476
-2.0,8.5,1913.58672,-0.37319
-1.0,8.5,1886.34038,0.52751
0.0,8.5,1903.83059,-0.01313
1.0,8.5,1903.54933,-0.59104
2.0,8.5,1909.11111,-0.98973
3.0,8.5,1901.77038,-1.89337
4.0,8.5,1892.41739,-0.29609
5.0,8.5,1904.62707,0.01187
6.0,8.5,1931.86952,-0.02956
7.0,8.5,1937.75076,0.10453
8.0,8.5,1942.02768,-0.0368
9.0,8.5,1942.64512,0.02784
10.0,8.5,1940.56585,0.04918
11.0,8.5,1943.15985,0.01704
12.0,8.5,1944.79656,-0.00308
13.0,8.5,1939.27901,0.00545
14.0,8.5,1934.33113,0.00057
15.0,8.5,1929.40097,-0.00143
16.0,8.5,1929.98256,-0.00776
17.0,8.5,1930.15153,0.00076
18.0,8.5,1922.47481,-0.01212
19.0,8.5,1922.57392,-0.01305
20.0,8.5,1928.19186,0.00827
21.0,8.5,1929.3792,0.00759
22.0,8.5,1927.1961,0.00139
23.0,8.5,1925.65669,0.00323
24.0,8.5,1927.19418,0.0025
25.0,8.5,1921.29874,0.0005
26.0,8.5,1917.49364,0.00307
27.0,8.5,1928.89259,0.00573
28.0,8.5,1930.65232,0.00687
29.0,8.5,1931.92299,-0.00129
30.0,8.5,1933.87914,0.00311
31.0,8.5,1934.0833,0.00823
32.0,8.5,1936.06506,0.00814
33.0,8.5,1936.78463,0.00795
-35.0,9.5,1862.09992,1.14237
-34.0,9.5,1863.65941,0.53895
-33.0,9.5,1865.45094,0.48416
-32.0,9.5,1858.91405,0.47126
-31.0,9.5,1861.77079,0.47447
-30.0,9.5,1871.25353,0.12166
-29.0,9.5,1861.69946,-0.05737
-28.0,9.5,1864.24938,-0.47759
-27.0,9.5,1867.56159,0.09532
-26.0,9.5,1865.61955,-0.06842
-25.0,9.5,1863.68575,-0.41716
-24.0,9.5,1866.94238,-0.2184
-23.0,9.5,1869.86292,0.01704
-22.0,9.5,1877.0623,-0.14879
-21.0,9.5,1879.8784,-0.04715
-20.0,9.5,1879.03633,-0.12653
-19.0,9.5,1877.65477,-0.1121
-18.0,9.5,1887.23407,0.23079
-17.0,9.5,1876.17663,-1.00948
-16.0,9.5,1896.01506,-0.28155
-15.0,9.5,1904.23272,-0.0076
-14.0,9.5,1893.86595,-0.01901
-13.0,9.5,1894.77727,-0.01985
-12.0,9.5,1900.24213,0.23317
-11.0,9.5,1896.85554,-0.0415
-10.0,9.5,1896.20425,0.03259
-9.0,9.5,1898.89726,0.02474
-8.0,9.5,1899.69927,-0.10958
-7.0,9.5,1904.40098,-0.05018
-6.0,9.5,1904.83097,0.047
-5.0,9.5,1908.10132,0.22276
-4.0,9.5,1900.54487,9.23155
-3.0,9.5,1894.80115,-15.93036
-2.0,9.5,1832.26371,0.34936
-1.0,9.5,1845.97981,1.3026
0.0,9.5,1869.58315,-0.24387
1.0,9.5,1880.51898,-0.32729
2.0,9.5,1914.92501,0.20437
3.0,9.5,1903.21153,-2.11178
4.0,9.5,1895.50064,0.20307
5.0,9.5,1905.58982,0.58727
6.0,9.5,1911.59952,0.06695
7.0,9.5,1940.77527,0.03987
8.0,9.5,1945.15557,0.01268
9.0,9.5,1947.05903,0.00786
10.0,9.5,1944.14943,-0.00537
11.0,9.5,1941.96751,-0.01347
12.0,9.5,1942.29845,-0.00692
13.0,9.5,1938.71449,0.01014
14.0,9.5,1933.41159,0.00056
15.0,9.5,1930.22275,-0.00661
16.0,9.5,1934.8883,-0.0028
17.0,9.5,1936.03507,0.00293
18.0,9.5,1932.44639,0.01262
19.0,9.5,1934.79379,-0.00181
20.0,9.5,1938.74655,0.00433
21.0,9.5,1935.30269,0.00869
22.0,9.5,1932.95469,0.00502
23.0,9.5,1931.54038,0.00647
24.0,9.5,1932.18453,0.00487
25.0,9.5,1921.56579,0.00258
26.0,9.5,1922.30871,5e-05
27.0,9.5,1926.9758,-0.00353
28.0,9.5,1929.44812,-0.00015
29.0,9.5,1928.65621,-7e-05
30.0,9.5,1931.56548,0.00529
31.0,9.5,1935.37553,0.00547
32.0,9.5,1932.91092,0.00577
33.0,9.5,1935.13656,0.01158
-35.0,10.5,1859.53832,3.30489
-34.0,10.5,1852.96876,0.52024
-33.0,10.5,1857.14021,-0.64261
-32.0,10.5,1852.15675,-0.48805
-31.0,10.5,1844.89204,0.54314
-30.0,10.5,1853.87765,0.12772
-29.0,10.5,1858.28762,0.12211
-28.0,10.5,1864.12841,0.07711
-27.0,10.5,1865.89136,0.12146
-26.0,10.5,1859.57553,-0.04757
-25.0,10.5,1862.08715,-0.19126
-24.0,10.5,1867.41047,0.22719
-23.0,10.5,1870.68018,0.11011
-22.0,10.5,1873.7671,0.0015
-21.0,10.5,1874.77503,-0.23996
-20.0,10.5,1877.91003,0.04953
-19.0,10.5,1883.01452,-0.30789
-18.0,10.5,1886.21931,0.13409
-17.0,10.5,1888.04495,0.78796
-16.0,10.5,1893.86337,-0.4806
-15.0,10.5,1888.15949,0.08222
-14.0,10.5,1896.39501,-0.13717
-13.0,10.5,1897.5446,-0.00551
-12.0,10.5,1901.57667,0.44722
-11.0,10.5,1900.11159,-0.09459
-10.0,10.5,1898.29812,-0.03998
-9.0,10.5,1898.16229,0.06746
-8.0,10.5,1907.42427,0.15041
-7.0,10.5,1915.72686,-0.0752
-6.0,10.5,1908.53417,-0.10618
-5.0,10.5,1905.1954,0.12094
-4.0,10.5,1898.52779,-0.12052
-3.0,10.5,1854.18903,0.31344
-2.0,10.5,1839.50629,-1.98584
-1.0,10.5,1861.86279,-0.11641
0.0,10.5,1884.58188,-1.06748
1.0,10.5,1888.27439,-1.29704
2.0,10.5,1898.82037,-0.19654
3.0,10.5,1907.87856,-0.84647
4.0,10.5,1888.15191,0.16418
5.0,10.5,1909.8167,-0.01117
6.0,10.5,1920.40629,0.00982
7.0,10.5,1919.84424,-0.07291
8.0,10.5,1940.63955,0.01803
9.0,10.5,1944.59588,-0.01745
10.0,10.5,1943.42637,0.00683
11.0,10.5,1945.51324,0.0042
12.0,10.5,1942.36237,0.00297
13.0,10.5,1937.67328,0.00613
14.0,10.5,1932.35624,0.00966
15.0,10.5,1928.83605,0.00831
16.0,10.5,1934.1228,0.00165
17.0,10.5,1941.11032,-0.01417
18.0,10.5,1942.07257,-0.01141
19.0,10.5,1940.96308,0.00477
20.0,10.5,1938.25427,0.00181
21.0,10.5,1935.59466,0.01114
22.0,10.5,1932.75733,0.00188
23.0,10.5,1927.54773,-0.00178
24.0,10.5,1920.13833,0.00462
25.0,10.5,1923.48146,0.00332
26.0,10.5,1929.60716,-0.00103
27.0,10.5,1931.60071,-0.0115
28.0,10.5,1930.0508,-0.00197
29.0,10.5,1929.50965,-0.00395
30.0,10.5,1931.95384,-0.00257
31.0,10.5,1931.41187,-0.00454
32.0,10.5,1930.47799,0.00628
33.0,10.5,1931.89911,0.0098
-35.0,11.5,1843.20843,-1.59308
-34.0,11.5,1852.3624,0.33315
-33.0,11.5,1856.91012,0.57227
-32.0,11.5,1854.75318,0.16415
-31.0,11.5,1842.46831,0.16597
-30.0,11.5,1850.63678,-0.13952
-29.0,11.5,1855.76605,0.21544
-28.0,11.5,1856.90733,0.0721
-27.0,11.5,1857.20935,0.1047
-26.0,11.5,1859.49927,0.2032
-25.0,11.5,1868.74208,0.21399
-24.0,11.5,1869.518,0.31693
-23.0,11.5,1871.52407,-0.17686
-22.0,11.5,1875.28415,0.03754
-21.0,11.5,1879.54086,0.0659
-20.0,11.5,1883.72264,0.2886
-19.0,11.5,1883.19328,0.05741
-18.0,11.5,1883.07937,-0.02745
-17.0,11.5,1884.52351,0.01922
-16.0,11.5,1891.86703,-0.03662
-15.0,11.5,1890.3839,0.20326
-14.0,11.5,1896.22722,-0.05204
-13.0,11.5,1897.11474,-0.1728
-12.0,11.5,1899.48859,0.04426
-11.0,11.5,1897.21201,-0.03271
-10.0,11.5,1903.87591,0.42235
-9.0,11.5,1894.95758,0.56461
-8.0,11.5,1903.65111,1.03269
-7.0,11.5,1901.71251,1.23705
-6.0,11.5,1897.16053,0.51304
-5.0,11.5,1866.10641,0.20206
-4.0,11.5,1859.7011,-0.05921
-3.0,11.5,1863.90116,0.27602
-2.0,11.5,1847.53602,18.78024
-1.0,11.5,1881.23329,22.13191
0.0,11.5,1892.2736,-0.12314
1.0,11.5,1894.17414,-1.20757
2.0,11.5,1883.30185,-0.18575
3.0,11.5,1903.05174,-0.40874
4.0,11.5,1913.68587,-0.0498
5.0,11.5,1904.30815,0.0744
6.0,11.5,1911.59752,0.04224
7.0,11.5,1922.69035,0.07715
8.0,11.5,1934.76614,0.05826
9.0,11.5,1946.67402,0.00696
10.0,11.5,1944.87764,0.00103
11.0,11.5,1942.99185,-0.00724
12.0,11.5,1942.27091,0.00581
13.0,11.5,1941.59387,0.00351
14.0,11.5,1934.72071,0.00433
15.0,11.5,1930.57948,0.01257
16.0,11.5,1932.48396,0.00411
17.0,11.5,1938.83073,-0.01545
18.0,11.5,1940.28152,-0.01134
19.0,11.5,1938.92766,0.01422
20.0,11.5,1935.92414,0.01576
21.0,11.5,1933.0183,0.01372
22.0,11.5,1929.69141,0.00478
23.0,11.5,1930.7698,0.00122
24.0,11.5,1930.37595,0.0034
25.0,11.5,1927.17326,0.00203
26.0,11.5,1926.20475,-0.00025
27.0,11.5,1932.71691,-0.00149
28.0,11.5,1934.75074,-0.00137
29.0,11.5,1933.95895,-0.00613
30.0,11.5,1940.0426,-0.03021
31.0,11.5,1938.57192,-0.06493
32.0,11.5,1932.67788,0.00826
33.0,11.5,1921.28353,0.00946
-35.0,12.5,1845.04064,0.4421
-34.0,12.5,1852.74419,0.29651
-33.0,12.5,1852.61919,0.10812
-32.0,12.5,1854.56722,-0.12172
-31.0,12.5,1850.80157,-0.25465
-30.0,12.5,1849.9124,0.26192
-29.0,12.5,1848.65825,0.36784
-28.0,12.5,1859.00715,0.60813
-27.0,12.5,1861.29157,0.19277
-26.0,12.5,1862.41105,-0.05272
-25.0,12.5,1864.40537,0.16223
-24.0,12.5,1861.36379,0.14803
-23.0,12.5,1866.00863,-0.0051
-22.0,12.5,1873.41851,0.45452
-21.0,12.5,1885.54411,0.06193
-20.0,12.5,1883.66054,0.00606
-19.0,12.5,1888.95911,0.04288
-18.0,12.5,1902.36522,0.00505
-17.0,12.5,1903.51239,0.00182
-16.0,12.5,1904.71342,0.00271
-15.0,12.5,1895.66763,0.00163
-14.0,12.5,1889.80548,0.01722
-13.0,12.5,1894.73704,-0.02361
-12.0,12.5,1901.5369,-0.11913
-11.0,12.5,1899.15718,0.03982
-10.0,12.5,1900.49698,0.22206
-9.0,12.5,1892.75518,0.14294
-8.0,12.5,1901.01297,0.10083
-7.0,12.5,1874.92627,0.09658
-6.0,12.5,1863.81119,0.03374
-5.0,12.5,1857.71883,0.44938
-4.0,12.5,1870.46663,0.09551
-3.0,12.5,1859.15311,0.28318
-2.0,12.5,1858.25371,0.84461
-1.0,12.5,1884.77003,0.09026
0.0,12.5,1893.42871,0.5185
1.0,12.5,1884.30962,-3.47535
2.0,12.5,1872.17628,-0.89325
3.0,12.5,1903.03104,-0.12308
4.0,12.5,1912.00628,-0.46792
5.0,12.5,1904.89123,0.14655
6.0,12.5,1912.75878,0.13874
7.0,12.5,1921.2651,0.03051
8.0,12.5,1924.75669,0.01668
9.0,12.5,1947.13253,-0.00551
10.0,12.5,1945.93473,0.00609
11.0,12.5,1935.52502,-0.01296
12.0,12.5,1940.03597,0.00347
13.0,12.5,1939.57389,-0.00394
14.0,12.5,1935.35181,0.00154
15.0,12.5,1932.27542,0.00618
16.0,12.5,1936.63268,0.00502
17.0,12.5,1938.1718,-0.00969
18.0,12.5,1937.52858,-0.01841
19.0,12.5,1934.99078,0.00835
20.0,12.5,1934.8033,0.01005
21.0,12.5,1928.9117,0.0128
22.0,12.5,1925.12462,0.01125
23.0,12.5,1933.01099,0.00678
24.0,12.5,1939.47529,-0.00984
25.0,12.5,1938.26098,-0.00996
26.0,12.5,1928.23535,-0.00358
27.0,12.5,1935.43532,-0.00198
28.0,12.5,1929.94242,-0.00148
29.0,12.5,1935.47297,-0.01778
30.0,12.5,1944.15052,-0.04834
31.0,12.5,1939.52087,-0.03457
32.0,12.5,1931.34032,0.00882
33.0,12.5,1914.88431,0.00444
-35.0,13.5,1843.24153,1.25013
-34.0,13.5,1848.14587,-0.21869
-33.0,13.5,1850.80482,0.26121
-32.0,13.5,1854.4631,-0.13679
-31.0,13.5,1858.46943,-0.05587
-30.0,13.5,1856.68763,0.29315
-29.0,13.5,1857.90117,0.2553
-28.0,13.5,1856.44443,0.13768
-27.0,13.5,1858.70468,0.02152
-26.0,13.5,1866.67073,0.10983
-25.0,13.5,1864.99523,0.28294
-24.0,13.5,1868.02515,0.00994
-23.0,13.5,1870.62318,-0.05555
-22.0,13.5,1870.32529,0.31645
-21.0,13.5,1884.62694,0.04719
-20.0,13.5,1890.98696,0.00735
-19.0,13.5,1894.75055,0.00849
-18.0,13.5,1892.45745,0.0113
-17.0,13.5,1888.88303,0.00938
-16.0,13.5,1888.19014,0.00568
-15.0,13.5,1893.7526,0.00224
-14.0,13.5,1891.37619,0.00492
-13.0,13.5,1896.63323,0.00783
-12.0,13.5,1884.03917,-0.08821
-11.0,13.5,1888.8211,-0.14638
-10.0,13.5,1880.63357,0.04876
-9.0,13.5,1886.72275,-4e-05
-8.0,13.5,1873.09156,0.02634
-7.0,13.5,1871.24,0.02067
-6.0,13.5,1870.15651,0.01331
-5.0,13.5,1865.85857,-0.00302
-4.0,13.5,1873.13098,0.00226
-3.0,13.5,1865.37139,-0.07787
-2.0,13.5,1853.49734,-0.01902
-1.0,13.5,1879.10967,0.12247
0.0,13.5,1883.90561,11.10177
1.0,13.5,1881.8403,-0.24516
2.0,13.5,1874.40626,-0.75631
3.0,13.5,1885.31335,-0.31688
4.0,13.5,1906.46958,-0.20233
5.0,13.5,1912.68506,0.05571
6.0,13.5,1911.08951,-0.06547
7.0,13.5,1922.60394,0.00466
8.0,13.5,1919.7199,-0.01458
9.0,13.5,1936.23416,-0.01785
10.0,13.5,1941.34445,0.00149
11.0,13.5,1932.92521,-0.00438
12.0,13.5,1937.90333,0.01337
13.0,13.5,1937.17951,-0.01086
14.0,13.5,1907.88099,0.00078
15.0,13.5,1930.02867,0.00765
16.0,13.5,1934.59064,0.00943
17.0,13.5,1935.41008,0.004
18.0,13.5,1937.8864,-0.00445
19.0,13.5,1934.97009,0.00657
20.0,13.5,1933.87267,0.01382
21.0,13.5,1931.72727,0.0156
22.0,13.5,1931.77081,0.01074
23.0,13.5,1930.34213,0.00602
24.0,13.5,1937.11098,-0.00247
25.0,13.5,1939.63453,-0.00393
26.0,13.5,1935.12917,0.00371
27.0,13.5,1934.4921,0.00466
28.0,13.5,1927.43822,0.00341
29.0,13.5,1938.47108,-0.02431
30.0,13.5,1942.92094,-0.0106
31.0,13.5,1935.93194,0.00242
32.0,13.5,1931.8433,0.0049
33.0,13.5,1918.26714,0.01369
-35.0,14.5,1816.4956,0.52395
-34.0,14.5,1833.87943,0.53991
-33.0,14.5,1849.82611,0.42632
-32.0,14.5,1851.29539,0.35448
-31.0,14.5,1849.96944,0.18051
-30.0,14.5,1851.37478,0.17021
-29.0,14.5,1856.25149,0.07099
-28.0,14.5,1854.89863,0.04923
-27.0,14.5,1855.4176,0.01492
-26.0,14.5,1855.46966,0.06263
-25.0,14.5,1859.67971,0.07098
-24.0,14.5,1882.76303,0.02118
-23.0,14.5,1882.4438,0.00907
-22.0,14.5,1895.01566,0.02242
-21.0,14.5,1892.34144,0.01155
-20.0,14.5,1891.51786,0.01714
-19.0,14.5,1889.1009,0.02296
-18.0,14.5,1889.8008,0.01356
-17.0,14.5,1889.67517,0.00969
-16.0,14.5,1886.30911,0.0016
-15.0,14.5,1890.46224,-0.00116
-14.0,14.5,1897.60257,0.00168
-13.0,14.5,1889.51664,0.00359
-12.0,14.5,1883.12773,0.00508
-11.0,14.5,1885.19781,-0.00029
-10.0,14.5,1877.32896,0.0038
-9.0,14.5,1871.57734,0.00104
-8.0,14.5,1870.62485,-0.00956
-7.0,14.5,1872.21712,0.00227
-6.0,14.5,1869.86355,0.00617
-5.0,14.5,1876.39463,0.01239
-4.0,14.5,1872.42351,0.03791
-3.0,14.5,1885.71316,0.00201
-2.0,14.5,1897.20487,0.14472
-1.0,14.5,1905.29929,-0.05237
0.0,14.5,1877.33485,4.13086
1.0,14.5,1888.45341,0.06043
2.0,14.5,1875.01014,-0.02661
3.0,14.5,1898.83653,0.03285
4.0,14.5,1908.53936,0.17773
5.0,14.5,1918.45273,0.01081
6.0,14.5,1917.3332,0.02014
7.0,14.5,1923.42748,0.00902
8.0,14.5,1922.28079,0.00442
9.0,14.5,1933.26467,-0.01013
10.0,14.5,1940.10534,-0.00939
11.0,14.5,1935.37989,-0.00456
12.0,14.5,1931.67124,-0.0134
13.0,14.5,1922.76232,-0.02012
14.0,14.5,1942.35682,0.00524
15.0,14.5,1930.19707,0.01196
16.0,14.5,1934.46793,0.00776
17.0,14.5,1935.35004,0.00323
18.0,14.5,1934.01785,-0.00938
19.0,14.5,1936.28272,0.00118
20.0,14.5,1932.69766,0.01266
21.0,14.5,1932.0925,0.01775
22.0,14.5,1929.64134,0.01721
23.0,14.5,1926.38419,0.01458
24.0,14.5,1929.15811,0.0106
25.0,14.5,1933.72502,0.00303
26.0,14.5,1930.08018,0.00583
27.0,14.5,1930.33787,0.00315
28.0,14.5,1927.19534,0.00225
29.0,14.5,1933.10377,-0.00479
30.0,14.5,1939.22664,-0.00723
31.0,14.5,1942.60223,-0.02707
32.0,14.5,1936.81452,0.00607
33.0,14.5,1909.20289,0.00503
-35.0,15.5,1846.98907,0.40951
-34.0,15.5,1842.87308,0.27309
-33.0,15.5,1842.38335,0.20997
-32.0,15.5,1849.68555,0.16749
-31.0,15.5,1846.70866,0.10196
-30.0,15.5,1849.31928,-0.03251
-29.0,15.5,1854.76742,0.09185
-28.0,15.5,1859.42438,0.03583
-27.0,15.5,1882.49781,0.00981
-26.0,15.5,1893.98516,0.01196
-25.0,15.5,1893.5382,0.00787
-24.0,15.5,1893.47823,0.00971
-23.0,15.5,1893.29174,0.01426
-22.0,15.5,1889.29067,0.01694
-21.0,15.5,1884.02372,0.01111
-20.0,15.5,1885.81394,0.011
-19.0,15.5,1887.40216,0.00918
-18.0,15.5,1896.04532,0.0101
-17.0,15.5,1896.41604,0.00296
-16.0,15.5,1885.0639,0.00034
-15.0,15.5,1888.23403,-0.00215
-14.0,15.5,1888.94656,-0.00058
-13.0,15.5,1888.35073,0.00014
-12.0,15.5,1887.4776,-0.00201
-11.0,15.5,1878.76723,0.00027
-10.0,15.5,1877.33973,-0.0004
-9.0,15.5,1877.56263,0.00943
-8.0,15.5,1879.17789,0.00468
-7.0,15.5,1875.50833,0.00424
-6.0,15.5,1876.63735,0.01941
-5.0,15.5,1884.90723,0.01434
-4.0,15.5,1895.46889,0.01833
-3.0,15.5,1891.0555,0.00845
-2.0,15.5,1883.07739,0.06652
-1.0,15.5,1877.21432,0.07557
0.0,15.5,1879.95383,0.20659
1.0,15.5,1887.34106,0.04394
2.0,15.5,1890.27593,0.16755
3.0,15.5,1898.36988,0.15311
4.0,15.5,1914.52947,-0.02298
5.0,15.5,1907.9345,-0.11346
6.0,15.5,1914.02008,0.0362
7.0,15.5,1918.67419,0.03193
8.0,15.5,1932.14197,0.00301
9.0,15.5,1939.15982,-0.00985
10.0,15.5,1933.91312,-0.00984
11.0,15.5,1929.7921,-0.01288
12.0,15.5,1936.89316,0.00435
13.0,15.5,1940.21795,0.00156
14.0,15.5,1939.65528,0.01716
15.0,15.5,1932.06808,0.01639
16.0,15.5,1933.74411,0.0155
17.0,15.5,1933.00026,0.02041
18.0,15.5,1931.20478,0.01671
19.0,15.5,1935.56559,0.00229
20.0,15.5,1934.10727,0.01424
21.0,15.5,1930.13096,0.01717
22.0,15.5,1929.64925,0.0181
23.0,15.5,1932.6388,0.01609
24.0,15.5,1926.12576,0.00814
25.0,15.5,1924.80801,0.00528
26.0,15.5,1930.47099,0.00391
27.0,15.5,1934.49355,0.00161
28.0,15.5,1929.60547,-0.00291
29.0,15.5,1929.32939,-0.03205
30.0,15.5,1937.54934,-0.01299
31.0,15.5,1939.12472,-0.00374
32.0,15.5,1907.64912,0.01169
33.0,15.5,1914.00753,0.01479
34.0,15.5,1914.07277,0.00946
35.0,15.5,1914.13938,0.01486
36.0,15.5,1915.11937,0.01371
37.0,15.5,1905.43166,0.00466
38.0,15.5,1885.76923,0.01682
-35.0,16.5,1845.29627,0.15486
-34.0,16.5,1841.51173,-0.31178
-33.0,16.5,1843.57965,-0.33877
-32.0,16.5,1844.03765,-0.34201
-31.0,16.5,1846.98887,-0.14279
-30.0,16.5,1846.5725,-0.00332
-29.0,16.5,1863.01239,0.04509
-28.0,16.5,1887.34012,0.00998
-27.0,16.5,1886.17614,0.01012
-26.0,16.5,1883.97983,0.00564
-25.0,16.5,1884.00314,0.00604
-24.0,16.5,1882.12207,0.01008
-23.0,16.5,1878.12393,0.01245
-22.0,16.5,1878.00286,0.00846
-21.0,16.5,1881.43624,0.00558
-20.0,16.5,1881.16954,0.00702
-19.0,16.5,1885.14695,0.01782
-18.0,16.5,1892.13344,0.00759
-17.0,16.5,1884.89388,0.00766
-16.0,16.5,1886.45503,-0.0015
-15.0,16.5,1882.92742,-0.0018
-14.0,16.5,1882.45735,0.00102
-13.0,16.5,1884.8746,0.00418
-12.0,16.5,1884.90829,0.00762
-11.0,16.5,1878.54354,0.00226
-10.0,16.5,1878.72958,0.00822
-9.0,16.5,1879.54296,0.01376
-8.0,16.5,1878.0378,0.00788
-7.0,16.5,1875.21323,0.00306
-6.0,16.5,1875.54306,0.02066
-5.0,16.5,1883.29247,0.01309
-4.0,16.5,1881.93533,-0.00177
-3.0,16.5,1873.62194,-0.00329
-2.0,16.5,1866.51305,-0.005
-1.0,16.5,1863.54594,0.03118
0.0,16.5,1857.06268,-0.09304
1.0,16.5,1864.7423,0.08354
2.0,16.5,1888.44916,0.12247
3.0,16.5,1885.46175,0.15943
4.0,16.5,1909.64237,0.0428
5.0,16.5,1908.02319,0.06722
6.0,16.5,1914.42742,0.08127
7.0,16.5,1915.27117,0.07379
8.0,16.5,1929.2688,0.03889
9.0,16.5,1934.73055,0.00272
10.0,16.5,1925.06846,-0.00213
11.0,16.5,1926.69255,-0.01353
12.0,16.5,1934.2422,0.00736
13.0,16.5,1938.35602,0.01329
14.0,16.5,1937.73297,0.02387
15.0,16.5,1932.66428,0.01927
16.0,16.5,1935.46327,0.01624
17.0,16.5,1931.06428,0.02323
18.0,16.5,1931.44645,0.0143
19.0,16.5,1932.50734,0.01402
20.0,16.5,1928.73487,0.01608
21.0,16.5,1916.08773,0.0055
22.0,16.5,1927.61794,0.01702
23.0,16.5,1934.33224,0.00882
24.0,16.5,1933.04875,0.00912
25.0,16.5,1928.16671,0.00747
26.0,16.5,1928.48805,0.00759
27.0,16.5,1924.23412,-0.01425
28.0,16.5,1925.53374,-0.02764
29.0,16.5,1934.98959,-0.01078
30.0,16.5,1941.68112,-0.02203
31.0,16.5,1931.68009,0.00594
32.0,16.5,1912.54156,0.03624
33.0,16.5,1913.43851,0.02121
34.0,16.5,1916.62986,0.00255
35.0,16.5,1918.93353,0.01094
36.0,16.5,1918.47258,0.01552
37.0,16.5,1916.53168,0.01206
38.0,16.5,1906.11536,0.01327
-35.0,17.5,1839.3749,-0.72378
-34.0,17.5,1838.14003,-0.85479
-33.0,17.5,1832.74682,-0.43913
-32.0,17.5,1838.92189,-0.06611
-31.0,17.5,1851.37997,0.00778
-30.0,17.5,1872.89391,0.01532
-29.0,17.5,1881.11657,0.01361
-28.0,17.5,1880.9594,0.01276
-27.0,17.5,1881.13935,0.00588
-26.0,17.5,1877.82086,0.00718
-25.0,17.5,1880.18498,0.00795
-24.0,17.5,1882.21937,0.01034
-23.0,17.5,1881.31755,0.01212
-22.0,17.5,1878.56588,0.00566
-21.0,17.5,1882.11929,0.0161
-20.0,17.5,1879.89527,0.00938
-19.0,17.5,1878.21239,0.00803
-18.0,17.5,1883.54398,0.012
-17.0,17.5,1883.35564,0.00643
-16.0,17.5,1886.43839,0.00011
-15.0,17.5,1886.09611,-0.00339
-14.0,17.5,1884.97069,0.00089
-13.0,17.5,1880.25786,0.00222
-12.0,17.5,1883.31672,0.00491
-11.0,17.5,1876.54626,0.00406
-10.0,17.5,1872.41291,0.00443
-9.0,17.5,1876.74857,0.01954
-8.0,17.5,1877.07711,0.01042
-7.0,17.5,1873.34865,0.01203
-6.0,17.5,1884.85141,0.01179
-5.0,17.5,1873.27682,0.00276
-4.0,17.5,1879.45326,0.00097
-3.0,17.5,1872.05686,0.00403
-2.0,17.5,1861.88506,0.00353
-1.0,17.5,1879.09031,0.10975
0.0,17.5,1871.64024,0.10394
1.0,17.5,1869.66176,0.0305
2.0,17.5,1888.96728,0.183
3.0,17.5,1887.49759,0.13384
4.0,17.5,1903.24522,0.1216
5.0,17.5,1905.9582,0.13751
6.0,17.5,1910.72208,0.08827
7.0,17.5,1911.88327,0.07517
8.0,17.5,1925.78064,0.02999
9.0,17.5,1933.67483,-0.00197
10.0,17.5,1923.59351,0.01424
11.0,17.5,1923.61265,0.0071
12.0,17.5,1929.91913,0.00929
13.0,17.5,1933.79748,0.02571
14.0,17.5,1937.86064,0.02472
15.0,17.5,1934.89236,0.02274
16.0,17.5,1934.55762,0.02355
17.0,17.5,1927.81357,0.02327
18.0,17.5,1927.72198,0.01925
19.0,17.5,1927.8746,0.01183
20.0,17.5,1915.71832,0.00476
21.0,17.5,1906.94809,0.0118
22.0,17.5,1923.75602,0.01599
23.0,17.5,1932.4883,0.01299
24.0,17.5,1932.55939,0.01295
25.0,17.5,1926.40696,0.0079
26.0,17.5,1918.19134,0.00802
27.0,17.5,1893.37007,0.01856
28.0,17.5,1912.80712,0.00323
29.0,17.5,1942.54736,-0.058
30.0,17.5,1954.83736,-0.04022
31.0,17.5,1924.38694,0.0096
32.0,17.5,1917.61005,0.02345
33.0,17.5,1917.83874,0.01053
34.0,17.5,1921.08984,0.0143
35.0,17.5,1923.25457,0.02044
36.0,17.5,1923.22557,0.01893
37.0,17.5,1917.96804,0.0123
38.0,17.5,1914.96493,0.01823
-35.0,18.5,1832.60903,-0.04514
-34.0,18.5,1831.67383,-0.04027
-33.0,18.5,1863.23018,0.00342
-32.0,18.5,1861.3855,0.0257
-31.0,18.5,1874.54855,0.00824
-30.0,18.5,1879.30266,0.0128
-29.0,18.5,1885.47219,0.00626
-28.0,18.5,1882.67415,0.00633
-27.0,18.5,1876.86852,0.01177
-26.0,18.5,1884.14672,0.00786
-25.0,18.5,1885.94804,0.00585
-24.0,18.5,1882.23583,0.01468
-23.0,18.5,1883.32912,0.00797
-22.0,18.5,1880.98041,0.00824
-21.0,18.5,1880.54484,0.01387
-20.0,18.5,1882.34637,0.01233
-19.0,18.5,1880.91598,0.01283
-18.0,18.5,1883.87735,0.01052
-17.0,18.5,1882.92511,0.00122
-16.0,18.5,1887.17201,0.00199
-15.0,18.5,1888.17409,0.00631
-14.0,18.5,1886.52685,0.00344
-13.0,18.5,1884.97671,0.00486
-12.0,18.5,1878.27771,0.00199
-11.0,18.5,1872.295,-0.00296
-10.0,18.5,1875.25437,0.00745
-9.0,18.5,1878.31408,0.00816
-8.0,18.5,1875.18427,0.00481
-7.0,18.5,1877.83355,0.01613
-6.0,18.5,1887.25118,0.0099
-5.0,18.5,1875.31368,0.00069
-4.0,18.5,1879.67799,0.00482
-3.0,18.5,1868.96905,0.00376
-2.0,18.5,1865.85032,-0.02173
-1.0,18.5,1881.52367,0.04025
0.0,18.5,1892.04673,-0.04176
1.0,18.5,1894.47338,-0.00312
2.0,18.5,1895.23883,-0.02627
3.0,18.5,1893.6749,-0.2857
4.0,18.5,1900.97259,0.12198
5.0,18.5,1905.43092,0.06997
6.0,18.5,1907.78226,0.04189
7.0,18.5,1908.93193,0.0576
8.0,18.5,1915.99663,0.0336
9.0,18.5,1928.11363,0.0255
10.0,18.5,1925.34196,0.02628
11.0,18.5,1925.33706,0.01016
12.0,18.5,1931.72193,0.00095
13.0,18.5,1931.14076,0.01316
14.0,18.5,1933.58737,0.02496
15.0,18.5,1934.159,0.0317
16.0,18.5,1936.90752,0.0251
17.0,18.5,1933.02683,0.02505
18.0,18.5,1930.303,0.0194
19.0,18.5,1923.79381,0.01755
20.0,18.5,1913.7537,0.01727
21.0,18.5,1910.31419,0.00562
22.0,18.5,1917.48797,0.018
23.0,18.5,1921.4146,0.0163
24.0,18.5,1930.10974,0.01287
25.0,18.5,1931.83557,0.01183
26.0,18.5,1933.17435,0.01025
27.0,18.5,1924.91351,0.01021
28.0,18.5,1934.98878,-0.01205
29.0,18.5,1943.10625,-0.04203
30.0,18.5,1942.39185,-0.09176
31.0,18.5,1904.17101,0.03253
32.0,18.5,1919.0731,0.02865
33.0,18.5,1925.17271,0.02487
34.0,18.5,1923.39146,0.02372
35.0,18.5,1921.65028,0.02172
36.0,18.5,1917.704,0.02044
37.0,18.5,1914.99993,0.02089
38.0,18.5,1915.85789,0.01382
-35.0,19.5,1848.39492,-0.03412
-34.0,19.5,1858.00695,-0.0012
-33.0,19.5,1861.62777,0.00731
-32.0,19.5,1869.67682,0.00573
-31.0,19.5,1867.68757,0.01006
-30.0,19.5,1877.35342,0.01071
-29.0,19.5,1880.42141,0.00867
-28.0,19.5,1879.67985,0.00505
-27.0,19.5,1880.28474,0.00855
-26.0,19.5,1884.39613,0.0112
-25.0,19.5,1883.26565,0.01467
-24.0,19.5,1881.38601,0.01514
-23.0,19.5,1882.50136,0.01233
-22.0,19.5,1880.18854,0.01121
-21.0,19.5,1880.89028,0.01173
-20.0,19.5,1882.89766,0.00946
-19.0,19.5,1883.2026,0.00888
-18.0,19.5,1884.43933,0.00957
-17.0,19.5,1881.38347,0.00794
-16.0,19.5,1885.85663,0.00539
-15.0,19.5,1887.62345,0.00719
-14.0,19.5,1886.22318,0.00342
-13.0,19.5,1883.72805,0.00262
-12.0,19.5,1882.54989,0.00205
-11.0,19.5,1880.26911,0.00656
-10.0,19.5,1879.27266,0.00064
-9.0,19.5,1885.39019,-0.00119
-8.0,19.5,1882.66842,-0.00247
-7.0,19.5,1883.23481,0.00601
-6.0,19.5,1887.55669,0.01562
-5.0,19.5,1876.08539,0.01949
-4.0,19.5,1866.64789,0.00222
-3.0,19.5,1858.85326,-0.01368
-2.0,19.5,1860.18554,0.05005
-1.0,19.5,1870.79863,0.03212
0.0,19.5,1895.80902,-0.07595
1.0,19.5,1889.39664,0.06775
2.0,19.5,1893.42144,-0.01099
3.0,19.5,1892.1327,0.07261
4.0,19.5,1903.9497,0.06582
5.0,19.5,1903.58875,0.03397
6.0,19.5,1904.78931,0.03327
7.0,19.5,1905.73172,0.04651
8.0,19.5,1907.08881,0.04124
9.0,19.5,1910.10029,0.06048
10.0,19.5,1920.9249,0.03446
11.0,19.5,1924.80723,0.00137
12.0,19.5,1927.99426,0.00878
13.0,19.5,1933.79187,0.01672
14.0,19.5,1933.20699,0.02087
15.0,19.5,1931.42771,0.0256
16.0,19.5,1934.47381,0.02146
17.0,19.5,1934.69545,0.01862
18.0,19.5,1931.86715,0.01962
19.0,19.5,1928.48417,0.02083
20.0,19.5,1929.24881,0.0208
21.0,19.5,1930.53195,0.01965
22.0,19.5,1930.24001,0.017
23.0,19.5,1926.19826,0.01719
24.0,19.5,1924.23172,0.01671
25.0,19.5,1935.48469,0.01127
26.0,19.5,1933.30887,0.00966
27.0,19.5,1939.43425,0.00529
28.0,19.5,1941.87565,0.0021
29.0,19.5,1939.74758,0.00585
30.0,19.5,1936.6182,-0.00898
31.0,19.5,1905.90884,0.02162
32.0,19.5,1914.58805,0.02474
33.0,19.5,1922.93923,0.02821
34.0,19.5,1920.95464,0.02151
35.0,19.5,1920.04997,0.01404
36.0,19.5,1918.90535,0.01037
37.0,19.5,1916.13879,0.01491
38.0,19.5,1917.49689,0.02784
-35.0,20.5,1847.01837,-0.16768
-34.0,20.5,1863.63751,0.00484
-33.0,20.5,1862.08535,0.00295
-32.0,20.5,1865.20641,0.00372
-31.0,20.5,1871.25685,0.00275
-30.0,20.5,1873.45815,0.0065
-29.0,20.5,1879.02636,0.0076
-28.0,20.5,1879.15533,0.00809
-27.0,20.5,1879.8894,0.01109
-26.0,20.5,1882.3786,0.01999
-25.0,20.5,1881.54275,0.02896
-24.0,20.5,1879.70058,0.02052
-23.0,20.5,1881.38942,0.01953
-22.0,20.5,1880.17841,0.01034
-21.0,20.5,1879.68197,0.01616
-20.0,20.5,1880.46237,0.00926
-19.0,20.5,1883.11494,0.00421
-18.0,20.5,1882.76152,0.0074
-17.0,20.5,1881.01729,0.00817
-16.0,20.5,1884.19142,0.00802
-15.0,20.5,1883.5008,0.00742
-14.0,20.5,1884.73839,0.00613
-13.0,20.5,1882.08629,0.00485
-12.0,20.5,1882.31807,0.00852
-11.0,20.5,1883.55044,0.01673
-10.0,20.5,1884.08051,0.00744
-9.0,20.5,1880.57188,0.00699
-8.0,20.5,1876.74709,-0.0004
-7.0,20.5,1873.91168,0.01843
-6.0,20.5,1876.74467,0.0251
-5.0,20.5,1869.61394,0.04857
-4.0,20.5,1865.01646,0.04977
-3.0,20.5,1875.62039,0.02862
-2.0,20.5,1869.21055,-0.00552
-1.0,20.5,1872.92567,-0.03943
0.0,20.5,1879.4709,0.03245
1.0,20.5,1892.19664,0.03224
2.0,20.5,1902.62067,0.07018
3.0,20.5,1894.81054,0.07145
4.0,20.5,1906.35835,0.04314
5.0,20.5,1903.75615,0.01919
6.0,20.5,1903.01377,0.02144
7.0,20.5,1902.66608,0.02974
8.0,20.5,1907.70594,-0.01519
9.0,20.5,1913.29957,0.05996
10.0,20.5,1915.80181,0.01581
11.0,20.5,1924.00157,0.00558
12.0,20.5,1925.89127,0.00929
13.0,20.5,1935.87433,0.01015
14.0,20.5,1935.69088,0.0121
15.0,20.5,1930.33012,0.02296
16.0,20.5,1931.30469,0.02694
17.0,20.5,1932.98998,0.02628
18.0,20.5,1931.72301,0.02304
19.0,20.5,1932.9707,0.01604
20.0,20.5,1938.63135,0.01622
21.0,20.5,1937.95629,0.01552
22.0,20.5,1938.57817,0.01871
23.0,20.5,1937.98618,0.01718
24.0,20.5,1932.80368,0.01496
25.0,20.5,1938.92209,0.00339
26.0,20.5,1935.97064,0.00631
27.0,20.5,1936.8373,0.00439
28.0,20.5,1938.23858,-0.02201
29.0,20.5,1937.30984,0.00356
30.0,20.5,1944.57663,-0.01726
31.0,20.5,1944.17469,-0.0201
32.0,20.5,1934.87111,0.00501
33.0,20.5,1921.91955,0.00744
34.0,20.5,1921.52981,0.01203
35.0,20.5,1920.44032,0.01678
36.0,20.5,1921.13809,0.01415
37.0,20.5,1918.47832,0.01881
38.0,20.5,1886.80894,0.0286
-35.0,21.5,1851.53401,-0.96126
-34.0,21.5,1862.13987,-0.00352
-33.0,21.5,1866.48232,0.00476
-32.0,21.5,1867.05235,0.00407
-31.0,21.5,1870.02192,0.00815
-30.0,21.5,1873.8886,0.00684
-29.0,21.5,1873.61527,0.01238
-28.0,21.5,1877.33088,0.01263
-27.0,21.5,1880.17028,0.00885
-26.0,21.5,1880.69743,0.00808
-25.0,21.5,1876.21636,0.00994
-24.0,21.5,1876.76246,0.0176
-23.0,21.5,1878.68598,0.01043
-22.0,21.5,1878.81039,0.0088
-21.0,21.5,1877.36945,0.01306
-20.0,21.5,1880.41781,0.00916
-19.0,21.5,1883.03642,0.00972
-18.0,21.5,1883.22876,0.00582
-17.0,21.5,1880.23851,0.00754
-16.0,21.5,1885.19959,0.00681
-15.0,21.5,1885.73771,0.00602
-14.0,21.5,1885.03985,0.00555
-13.0,21.5,1887.7623,0.00902
-12.0,21.5,1885.09729,0.01351
-11.0,21.5,1880.65048,0.01243
-10.0,21.5,1882.64914,0.00824
-9.0,21.5,1880.20687,0.00527
-8.0,21.5,1870.56278,0.02261
-7.0,21.5,1866.61834,0.0249
-6.0,21.5,1864.08737,0.0306
-5.0,21.5,1864.06176,0.06653
-4.0,21.5,1866.34366,0.07553
-3.0,21.5,1865.01009,0.12066
-2.0,21.5,1864.82788,-0.03285
-1.0,21.5,1868.04574,0.07761
0.0,21.5,1866.53003,0.14932
1.0,21.5,1886.31688,0.10352
2.0,21.5,1901.35959,0.06359
3.0,21.5,1897.64707,0.0737
4.0,21.5,1906.12805,0.05497
5.0,21.5,1906.20104,0.06337
6.0,21.5,1905.17091,0.01858
7.0,21.5,1903.47919,-0.00365
8.0,21.5,1907.70007,-0.01734
9.0,21.5,1914.08598,0.00718
10.0,21.5,1917.80811,0.00271
11.0,21.5,1921.07553,-0.00654
12.0,21.5,1932.64426,-0.00029
13.0,21.5,1936.40432,0.01295
14.0,21.5,1932.00912,0.01248
15.0,21.5,1927.94684,0.01935
16.0,21.5,1926.87592,0.02632
17.0,21.5,1927.20996,0.02504
18.0,21.5,1928.48834,0.02689
19.0,21.5,1930.92806,0.01879
20.0,21.5,1934.06785,0.01947
21.0,21.5,1934.69463,0.01802
22.0,21.5,1934.91134,0.01586
23.0,21.5,1930.62678,0.0125
24.0,21.5,1938.49335,0.01663
25.0,21.5,1938.60101,0.01714
26.0,21.5,1936.40503,0.01297
27.0,21.5,1931.48847,0.01056
28.0,21.5,1932.76167,0.00835
29.0,21.5,1935.56222,0.00992
30.0,21.5,1943.84394,-0.03295
31.0,21.5,1958.08719,-0.04929
32.0,21.5,1949.66832,-0.12198
33.0,21.5,1920.2342,0.01369
34.0,21.5,1925.15289,-0.00256
35.0,21.5,1922.06197,0.00434
36.0,21.5,1920.86325,0.0177
37.0,21.5,1903.82447,0.01854
38.0,21.5,1902.36386,0.02467
-35.0,22.5,1866.14392,0.36733
-34.0,22.5,1853.02122,-0.09519
-33.0,22.5,1864.60982,-0.23272
-32.0,22.5,1866.3456,0.00092
-31.0,22.5,1869.83656,0.00593
-30.0,22.5,1873.23985,0.00731
-29.0,22.5,1871.7051,0.00773
-28.0,22.5,1871.77835,0.00258
-27.0,22.5,1874.25122,-0.0025
-26.0,22.5,1878.83219,0.0042
-25.0,22.5,1876.31228,0.00859
-24.0,22.5,1876.4599,0.0157
-23.0,22.5,1875.53569,0.00373
-22.0,22.5,1876.00395,0.00784
-21.0,22.5,1876.18457,0.00858
-20.0,22.5,1882.11489,0.00169
-19.0,22.5,1878.4621,0.00476
-18.0,22.5,1882.9027,0.00316
-17.0,22.5,1883.35953,0.00198
-16.0,22.5,1888.73007,0.00076
-15.0,22.5,1892.35255,0.00527
-14.0,22.5,1892.44786,0.01301
-13.0,22.5,1886.95149,0.01245
-12.0,22.5,1880.88321,0.01077
-11.0,22.5,1874.24191,0.012
-10.0,22.5,1875.38658,0.0081
-9.0,22.5,1876.57902,0.01148
-8.0,22.5,1869.94549,0.02275
-7.0,22.5,1868.86952,0.0266
-6.0,22.5,1871.41227,0.0319
-5.0,22.5,1862.54851,0.0759
-4.0,22.5,1860.95339,0.07142
-3.0,22.5,1852.33026,0.27521
-2.0,22.5,1858.5604,-0.10557
-1.0,22.5,1871.88596,0.11219
0.0,22.5,1878.29782,0.09736
1.0,22.5,1892.41969,0.06687
2.0,22.5,1903.31432,0.00843
3.0,22.5,1899.02859,0.02253
4.0,22.5,1900.60461,-0.01652
5.0,22.5,1899.80663,0.04543
6.0,22.5,1903.88367,0.05943
7.0,22.5,1909.47966,0.0249
8.0,22.5,1911.38708,-0.03296
9.0,22.5,1913.82846,-0.00772
10.0,22.5,1920.57219,0.00065
11.0,22.5,1929.57364,0.00517
12.0,22.5,1936.57738,0.00281
13.0,22.5,1935.0418,0.0165
14.0,22.5,1932.67418,0.022
15.0,22.5,1930.96824,0.0242
16.0,22.5,1927.52181,0.0261
17.0,22.5,1920.59208,0.03018
18.0,22.5,1926.30866,0.02009
19.0,22.5,1928.71156,0.01383
20.0,22.5,1933.78167,0.01451
21.0,22.5,1934.29135,0.0166
22.0,22.5,1937.25136,0.01807
23.0,22.5,1938.85102,0.01809
24.0,22.5,1937.51105,0.01516
25.0,22.5,1937.35464,0.01182
26.0,22.5,1937.59502,0.01067
27.0,22.5,1936.88992,0.01148
28.0,22.5,1938.7049,0.00968
29.0,22.5,1942.13831,0.00857
30.0,22.5,1944.29483,-0.04518
31.0,22.5,1958.93592,0.00169
32.0,22.5,1955.98552,-0.16202
33.0,22.5,1918.02645,0.02028
34.0,22.5,1927.18407,0.02093
35.0,22.5,1926.62691,0.02171
36.0,22.5,1910.67765,0.01557
37.0,22.5,1882.28822,0.0177
38.0,22.5,1873.79068,0.02321
-35.0,23.5,1857.48954,-0.32592
-34.0,23.5,1857.13416,0.06152
-33.0,23.5,1868.65165,0.00507
-32.0,23.5,1865.9299,-0.0001
-31.0,23.5,1867.90825,0.00605
-30.0,23.5,1870.47499,0.00591
-29.0,23.5,1870.27531,0.00413
-28.0,23.5,1867.66423,0.00572
-27.0,23.5,1874.16672,0.00201
-26.0,23.5,1874.76667,0.00307
-25.0,23.5,1875.36672,0.00921
-24.0,23.5,1874.101,0.01012
-23.0,23.5,1874.47603,0.00746
-22.0,23.5,1876.25579,0.01345
-21.0,23.5,1875.74907,0.01255
-20.0,23.5,1879.05907,-0.00041
-19.0,23.5,1882.74311,-0.01145
-18.0,23.5,1885.82735,-0.00323
-17.0,23.5,1882.19381,0.00454
-16.0,23.5,1884.37014,0.01296
-15.0,23.5,1886.67217,0.01427
-14.0,23.5,1880.63238,0.0141
-13.0,23.5,1877.23519,0.01168
-12.0,23.5,1871.47945,0.0081
-11.0,23.5,1869.83448,0.00984
-10.0,23.5,1873.72769,0.00838
-9.0,23.5,1874.71162,0.00726
-8.0,23.5,1873.91178,0.01715
-7.0,23.5,1881.70921,0.02454
-6.0,23.5,1882.00352,0.0287
-5.0,23.5,1861.34398,0.06773
-4.0,23.5,1851.3511,0.0665
-3.0,23.5,1846.61382,0.00529
-2.0,23.5,1861.9827,0.04087
-1.0,23.5,1867.1121,0.15125
0.0,23.5,1880.01051,0.05918
1.0,23.5,1893.03217,-0.0068
2.0,23.5,1898.96053,-0.06123
3.0,23.5,1900.87633,-0.02418
4.0,23.5,1899.24214,0.0057
5.0,23.5,1904.38613,0.00731
6.0,23.5,1910.75198,0.05182
7.0,23.5,1914.88862,-0.00364
8.0,23.5,1915.97177,-0.01353
9.0,23.5,1918.32664,-0.0057
10.0,23.5,1923.55209,0.00334
11.0,23.5,1934.80829,0.0146
12.0,23.5,1932.99308,0.0179
13.0,23.5,1931.22412,0.02189
14.0,23.5,1927.90989,0.02073
15.0,23.5,1930.36645,0.02278
16.0,23.5,1933.0087,0.02334
17.0,23.5,1931.10684,0.02203
18.0,23.5,1931.54486,0.01668
19.0,23.5,1930.93156,0.01248
20.0,23.5,1930.75009,0.01159
21.0,23.5,1936.27676,0.01304
22.0,23.5,1937.40227,0.01594
23.0,23.5,1939.29982,0.01975
24.0,23.5,1938.81807,0.02087
25.0,23.5,1930.63999,0.01461
26.0,23.5,1928.87722,0.01481
27.0,23.5,1936.18463,0.00916
28.0,23.5,1937.70911,0.01293
29.0,23.5,1939.67048,0.00913
30.0,23.5,1941.68692,0.00018
31.0,23.5,1957.04214,-0.01624
32.0,23.5,1930.9438,-0.02265
33.0,23.5,1917.14229,0.02018
34.0,23.5,1927.88104,0.01799
35.0,23.5,1907.09104,0.02286
36.0,23.5,1901.0212,0.02918
37.0,23.5,1896.65212,0.02547
38.0,23.5,1895.88572,0.02717
-35.0,24.5,1861.42642,-0.70847
-34.0,24.5,1856.55879,-4e-05
-33.0,24.5,1867.93817,-0.00095
-32.0,24.5,1865.08369,-0.00854
-31.0,24.5,1866.99403,0.00309
-30.0,24.5,1866.70023,0.00714
-29.0,24.5,1868.65039,0.00542
-28.0,24.5,1867.62715,0.00825
-27.0,24.5,1869.17123,0.00443
-26.0,24.5,1871.44403,0.00646
-25.0,24.5,1873.58727,0.01008
-24.0,24.5,1875.26417,0.00586
-23.0,24.5,1874.58403,0.00508
-22.0,24.5,1875.95899,0.00582
-21.0,24.5,1880.38609,0.00635
-20.0,24.5,1878.81406,0.00401
-19.0,24.5,1878.87936,0.00234
-18.0,24.5,1884.02812,-0.00166
-17.0,24.5,1881.9931,0.00574
-16.0,24.5,1880.65941,0.01249
-15.0,24.5,1881.54466,0.01195
-14.0,24.5,1876.97367,0.01076
-13.0,24.5,1876.7368,0.01357
-12.0,24.5,1874.58928,0.00745
-11.0,24.5,1872.89641,0.00831
-10.0,24.5,1875.16925,0.00682
-9.0,24.5,1881.99045,0.01535
-8.0,24.5,1884.3527,0.02553
-7.0,24.5,1882.71727,0.02461
-6.0,24.5,1878.66739,0.02621
-5.0,24.5,1874.56051,0.05029
-4.0,24.5,1870.72336,0.06815
-3.0,24.5,1865.61688,0.08142
-2.0,24.5,1861.11263,0.12243
-1.0,24.5,1866.33798,0.06721
0.0,24.5,1873.62214,0.03541
1.0,24.5,1889.87904,0.04156
2.0,24.5,1898.30245,-0.0262
3.0,24.5,1898.27002,-0.00464
4.0,24.5,1906.71081,-0.06687
5.0,24.5,1909.37735,0.01619
6.0,24.5,1913.83089,-0.00409
7.0,24.5,1917.04685,-0.00035
8.0,24.5,1916.47515,0.00783
9.0,24.5,1919.18233,0.00074
10.0,24.5,1928.21633,0.00525
11.0,24.5,1939.02093,0.00672
12.0,24.5,1939.48101,0.01018
13.0,24.5,1930.41075,0.01079
14.0,24.5,1928.30997,0.01057
15.0,24.5,1930.87303,0.02085
16.0,24.5,1933.6125,0.02244
17.0,24.5,1936.88177,0.01914
18.0,24.5,1937.58091,0.0142
19.0,24.5,1937.17563,0.0159
20.0,24.5,1934.49934,0.01417
21.0,24.5,1933.4293,0.01544
22.0,24.5,1932.51449,0.01839
23.0,24.5,1936.93421,0.02247
24.0,24.5,1932.80109,0.01518
25.0,24.5,1934.05582,0.01415
26.0,24.5,1927.70339,0.01471
27.0,24.5,1934.49435,0.0154
28.0,24.5,1937.10486,0.01261
29.0,24.5,1940.6466,0.01184
30.0,24.5,1948.80857,-0.00203
31.0,24.5,1962.77104,0.06896
32.0,24.5,1929.26453,-0.009
33.0,24.5,1920.23735,0.01115
34.0,24.5,1928.72866,0.01816
35.0,24.5,1901.91639,0.02718
36.0,24.5,1916.52922,0.01952
37.0,24.5,1886.67176,0.03357
38.0,24.5,1874.93506,0.02583
-35.0,25.5,1860.72562,-0.98167
-34.0,25.5,1857.47674,-0.04885
-33.0,25.5,1864.65483,-0.00437
-32.0,25.5,1865.82869,-0.00647
-31.0,25.5,1866.5814,0.00683
-30.0,25.5,1866.88086,0.00851
-29.0,25.5,1869.60946,0.00659
-28.0,25.5,1870.95415,0.00855
-27.0,25.5,1874.12814,0.01225
-26.0,25.5,1872.9536,0.01396
-25.0,25.5,1871.29675,0.0106
-24.0,25.5,1873.27958,0.01096
-23.0,25.5,1877.44803,0.00917
-22.0,25.5,1877.42458,0.00989
-21.0,25.5,1883.87655,0.00424
-20.0,25.5,1881.51821,0.00104
-19.0,25.5,1879.84894,0.00491
-18.0,25.5,1881.18537,0.00329
-17.0,25.5,1881.92581,0.00406
-16.0,25.5,1880.37547,0.00541
-15.0,25.5,1882.75348,0.00546
-14.0,25.5,1881.40752,0.01008
-13.0,25.5,1877.81946,0.01077
-12.0,25.5,1876.05616,0.01729
-35.0,26.5,1856.41369,-0.07542
-34.0,26.5,1862.84625,-0.25549
-33.0,26.5,1864.78367,0.00337
-32.0,26.5,1864.91823,0.00029
-31.0,26.5,1861.96633,0.00442
-30.0,26.5,1863.98095,0.00668
-29.0,26.5,1867.89152,0.00802
-28.0,26.5,1875.75177,0.00762
-27.0,26.5,1872.93365,0.01329
-26.0,26.5,1869.10889,0.01314
-25.0,26.5,1865.24196,0.01075
-24.0,26.5,1871.37878,0.00999
-23.0,26.5,1874.68291,0.00855
-22.0,26.5,1875.31958,0.00289
-21.0,26.5,1876.36868,0.0069
-20.0,26.5,1881.83061,-0.00064
-19.0,26.5,1881.82874,-0.0061
-18.0,26.5,1882.25738,0.01037
-17.0,26.5,1890.81484,0.00573
-16.0,26.5,1889.72833,0.00642
-15.0,26.5,1883.21097,0.00849
-14.0,26.5,1878.26549,0.01002
-13.0,26.5,1874.21679,0.00938
-12.0,26.5,1875.78966,0.01435
-35.0,27.5,1842.56496,1.72505
-34.0,27.5,1863.34444,-0.0271
-33.0,27.5,1857.26883,0.04654
-32.0,27.5,1867.11691,0.00826
-31.0,27.5,1863.62078,0.00825
-30.0,27.5,1867.28531,0.00944
-29.0,27.5,1868.55432,0.01008
-28.0,27.5,1868.73154,0.01131
-27.0,27.5,1872.41215,0.01255
-26.0,27.5,1869.30302,0.01063
-25.0,27.5,1867.53303,0.01031
-24.0,27.5,1868.43935,0.01387
-23.0,27.5,1874.64703,0.00579
-22.0,27.5,1876.46454,0.00202
-21.0,27.5,1879.33286,0.00138
-20.0,27.5,1880.67369,0.00479
-19.0,27.5,1880.76757,0.00225
-18.0,27.5,1883.43825,0.00691
-17.0,27.5,1876.50669,0.00531
-16.0,27.5,1886.7988,0.00597
-15.0,27.5,1892.27541,0.00701
-14.0,27.5,1880.17059,0.00482
-13.0,27.5,1878.31016,0.01538
-12.0,27.5,1880.44527,0.01276
-35.0,28.5,1867.97604,1.76597
-34.0,28.5,1867.91105,0.23201
-33.0,28.5,1855.0957,0.11934
-32.0,28.5,1861.96067,0.01901
-31.0,28.5,1866.68582,0.00668
-30.0,28.5,1865.40117,-1.45552
-29.0,28.5,1868.35331,-0.70197
-28.0,28.5,1872.12432,0.01478
-27.0,28.5,1875.12717,0.01225
-26.0,28.5,1876.33651,0.00748
-25.0,28.5,1873.84198,0.00937
-24.0,28.5,1871.6949,0.00798
-23.0,28.5,1874.87027,0.00422
-22.0,28.5,1878.38827,0.00535
-21.0,28.5,1882.36711,0.00298
-20.0,28.5,1878.13149,0.00476
-19.0,28.5,1883.9524,0.00606
-18.0,28.5,1888.97034,0.00777
-17.0,28.5,1876.53133,0.00136
-16.0,28.5,1886.48723,0.00649
-15.0,28.5,1889.71912,0.00506
-14.0,28.5,1889.29766,0.00635
-13.0,28.5,1881.44618,0.01301
-12.0,28.5,1879.33761,0.01499
-35.0,29.5,1864.90337,1.36415
-34.0,29.5,1866.30981,0.43023
-33.0,29.5,1868.09074,0.32471
-32.0,29.5,1842.09895,0.07755
-31.0,29.5,1863.88547,0.01121
-30.0,29.5,1865.95317,0.0108
-29.0,29.5,1867.73659,0.01283
-28.0,29.5,1871.25447,0.01136
-27.0,29.5,1876.80174,0.01125
-26.0,29.5,1879.1175,0.00806
-25.0,29.5,1872.86213,0.00734
-24.0,29.5,1878.00622,0.12471
-23.0,29.5,1876.06973,0.00217
-22.0,29.5,1879.90732,0.00674
-21.0,29.5,1879.69458,0.00038
-20.0,29.5,1879.76048,0.00481
-19.0,29.5,1882.25612,0.0042
-18.0,29.5,1883.89043,0.00439
-17.0,29.5,1886.14045,0.00145
-16.0,29.5,1883.65497,0.00215
-15.0,29.5,1882.56093,0.0013
-14.0,29.5,1886.03758,0.01331
-13.0,29.5,1874.78258,0.00716
-12.0,29.5,1879.66394,0.00841
-35.0,30.5,1867.98907,0.95672
-34.0,30.5,1857.86616,0.47361
-33.0,30.5,1855.18158,0.46135
-32.0,30.5,1852.67817,0.11707
-31.0,30.5,1838.40031,0.14058
-30.0,30.5,1857.02755,0.00244
-29.0,30.5,1868.96722,-0.00669
-28.0,30.5,1870.99743,0.01204
-27.0,30.5,1871.34151,0.00786
-26.0,30.5,1873.17962,0.00666
-25.0,30.5,1869.04718,0.00311
-24.0,30.5,1873.80448,0.00052
-23.0,30.5,1876.10768,-0.00014
-22.0,30.5,1877.18611,0.00395
-21.0,30.5,1882.9776,0.0053
-20.0,30.5,1883.10379,0.00652
-19.0,30.5,1882.4423,0.00759
-18.0,30.5,1883.40021,0.01181
-17.0,30.5,1885.21461,0.00608
-16.0,30.5,1886.35351,0.00379
-15.0,30.5,1881.85849,2e-05
-14.0,30.5,1882.50568,0.00353
-13.0,30.5,1882.53379,0.01019
-12.0,30.5,1880.18179,0.01237
-35.0,31.5,1863.12644,-0.33232
-34.0,31.5,1852.93064,0.40563
-33.0,31.5,1854.38479,0.49122
-32.0,31.5,1859.02121,-0.01526
-31.0,31.5,1867.19789,0.21285
-30.0,31.5,1860.83835,0.16741
-29.0,31.5,1854.91183,0.9662
-28.0,31.5,1867.5899,0.01736
-27.0,31.5,1868.38213,0.00943
-26.0,31.5,1868.70474,0.004
-25.0,31.5,1871.88621,-0.0011
-24.0,31.5,1874.72306,-0.00292
-23.0,31.5,1873.83797,-0.00872
-22.0,31.5,1874.59364,0.00293
-21.0,31.5,1883.01072,0.00441
-20.0,31.5,1888.2361,0.00809
-19.0,31.5,1886.31522,0.0102
-18.0,31.5,1884.89469,0.01408
-17.0,31.5,1886.24146,0.01241
-16.0,31.5,1887.70504,-0.00193
-15.0,31.5,1887.7053,-0.00119
-14.0,31.5,1891.8674,0.00046
-13.0,31.5,1885.04167,0.00502
-12.0,31.5,1885.94863,0.00971
-35.0,32.5,1844.38191,-0.9164
-34.0,32.5,1849.12638,1.07345
-33.0,32.5,1856.21466,0.55144
-32.0,32.5,1862.87551,0.43035
-31.0,32.5,1865.49541,0.26403
-30.0,32.5,1872.22053,0.24199
-29.0,32.5,1862.81007,0.18981
-28.0,32.5,1843.02782,-0.00836
-27.0,32.5,1848.23819,0.01662
-26.0,32.5,1852.53547,0.00353
-25.0,32.5,1864.92199,0.00304
-24.0,32.5,1871.85995,-0.00422
-23.0,32.5,1872.87853,-0.00668
-22.0,32.5,1876.38734,-0.00999
-21.0,32.5,1880.73692,0.00445
-20.0,32.5,1886.67067,0.01612
-19.0,32.5,1886.81208,0.0093
-18.0,32.5,1886.22499,0.01286
-17.0,32.5,1888.35522,0.00521
-16.0,32.5,1882.91227,0.00418
-15.0,32.5,1879.55079,0.00769
-14.0,32.5,1892.52561,0.00709
-13.0,32.5,1886.70698,-0.00812
-12.0,32.5,1888.86143,0.00054
-35.0,33.5,1848.06434,0.13074
-34.0,33.5,1844.74439,1.88348
-33.0,33.5,1855.10533,0.56432
-32.0,33.5,1857.05262,0.32871
-31.0,33.5,1861.47414,0.21933
-30.0,33.5,1865.21736,0.10439
-29.0,33.5,1868.6149,-0.16512
-28.0,33.5,1872.39399,0.18567
-27.0,33.5,1844.83462,-0.08332
-26.0,33.5,1853.4405,-0.35261
-25.0,33.5,1867.24298,0.10404
-24.0,33.5,1871.29334,0.00114
-23.0,33.5,1875.0055,0.00097
-22.0,33.5,1875.36255,-0.00111
-21.0,33.5,1872.29109,-0.00267
-20.0,33.5,1868.40917,-0.00277
-19.0,33.5,1873.48079,-0.00136
-18.0,33.5,1873.22003,0.00199
-17.0,33.5,1878.03762,0.00771
-16.0,33.5,1887.10105,0.0055
-15.0,33.5,1881.42663,0.00413
-14.0,33.5,1896.48096,0.00451
-13.0,33.5,1898.22716,-0.00374
-12.0,33.5,1896.27575,-0.0007
-35.0,34.5,1841.04667,1.42521
-34.0,34.5,1858.30238,0.11082
-33.0,34.5,1856.50627,0.13146
-32.0,34.5,1857.2913,0.2817
-31.0,34.5,1856.57102,-0.09943
-30.0,34.5,1859.90631,-0.04322
-29.0,34.5,1864.939,0.31727
-28.0,34.5,1855.80603,14.33792
-27.0,34.5,1869.33916,1.60115
-26.0,34.5,1866.22587,0.30391
-25.0,34.5,1862.20493,0.54845
-24.0,34.5,1873.08101,0.01403
-23.0,34.5,1870.79541,0.01024
-22.0,34.5,1869.58266,0.00487
-21.0,34.5,1872.23562,0.00451
-20.0,34.5,1861.48962,0.0205
-19.0,34.5,1869.26672,0.00758
-18.0,34.5,1873.18145,-0.00321
-17.0,34.5,1878.67952,0.00351
-16.0,34.5,1882.03129,0.00725
-15.0,34.5,1891.27933,0.00338
-14.0,34.5,1866.98718,0.00892
-13.0,34.5,1838.26947,0.0025
-12.0,34.5,1833.52721,0.22472
-35.0,35.5,1849.85297,-0.08266
-34.0,35.5,1850.55835,-0.37348
-33.0,35.5,1851.47426,-0.10473
-32.0,35.5,1848.16625,0.23269
-31.0,35.5,1848.41678,-0.44735
-30.0,35.5,1860.85521,0.12965
-29.0,35.5,1869.48181,0.07984
-28.0,35.5,1875.5454,0.4032
-27.0,35.5,1867.49727,0.16425
-26.0,35.5,1871.78591,0.19153
-25.0,35.5,1863.45537,-0.03436
-24.0,35.5,1854.40743,-0.09186
-23.0,35.5,1848.72337,-0.34304
-22.0,35.5,1843.35188,0.05937
-21.0,35.5,1827.95528,0.1286
-20.0,35.5,1867.00732,-0.18307
-19.0,35.5,1860.75081,0.08086
-18.0,35.5,1869.33903,0.014
-17.0,35.5,1874.78314,0.00284
-16.0,35.5,1888.3128,-0.00051
-15.0,35.5,1874.22896,0.01241
-14.0,35.5,1877.17171,0.01273
-13.0,35.5,1883.54865,0.00654
-12.0,35.5,1877.88274,0.00348
-35.0,36.5,1854.18393,0.03997
-34.0,36.5,1850.34108,-0.19655
-33.0,36.5,1854.63112,0.37961
-32.0,36.5,1857.2963,0.14097
-31.0,36.5,1857.81782,0.07113
-30.0,36.5,1864.3054,0.01021
-29.0,36.5,1863.55641,1.07102
-28.0,36.5,1875.61452,0.58348
-27.0,36.5,1871.09907,-0.12876
-26.0,36.5,1876.78598,0.33858
-25.0,36.5,1874.43667,-0.1396
-24.0,36.5,1878.25657,-1.34886
-23.0,36.5,1873.87588,-0.32677
-22.0,36.5,1869.55177,0.95165
-21.0,36.5,1867.61796,0.08872
-20.0,36.5,1875.04452,0.45843
-19.0,36.5,1857.44562,-0.10969
-18.0,36.5,1863.22592,0.1476
-17.0,36.5,1869.92187,0.00954
-16.0,36.5,1882.47352,0.00041
-15.0,36.5,1881.03082,-0.01129
-14.0,36.5,1877.29372,-0.00112
-13.0,36.5,1877.00069,0.00993
-12.0,36.5,1883.68052,0.00178
-35.0,37.5,1863.56269,-0.37094
-34.0,37.5,1857.30523,-0.24627
-33.0,37.5,1854.6011,-0.23842
-32.0,37.5,1859.1513,-0.2014
-31.0,37.5,1857.13758,-0.01041
-30.0,37.5,1866.25558,0.30257
-29.0,37.5,1864.08689,0.3986
-28.0,37.5,1865.25033,0.48924
-27.0,37.5,1876.71259,0.27172
-26.0,37.5,1874.76371,-0.39155
-25.0,37.5,1875.9942,0.03574
-24.0,37.5,1870.39503,-0.00495
-23.0,37.5,1867.19456,0.00666
-22.0,37.5,1860.9611,-0.71606
-21.0,37.5,1864.05859,0.30313
-20.0,37.5,1872.72799,-0.19241
-19.0,37.5,1873.01903,-0.4918
-18.0,37.5,1863.5345,-0.21496
-17.0,37.5,1869.5422,0.00536
-16.0,37.5,1880.29428,-0.01018
-15.0,37.5,1882.83596,-0.02581
-14.0,37.5,1880.63743,-0.00116
-13.0,37.5,1880.16481,0.00429
-12.0,37.5,1884.23458,-0.0094
-35.0,38.5,1856.25062,0.58541
-34.0,38.5,1846.23705,-3.03158
-33.0,38.5,1855.49571,0.15232
-32.0,38.5,1866.42695,-0.47608
-31.0,38.5,1860.18722,-0.592
-30.0,38.5,1841.69708,-0.82785
-29.0,38.5,1865.88549,0.10836
-28.0,38.5,1866.20684,0.73848
-27.0,38.5,1874.23593,-2.17078
-26.0,38.5,1870.90008,-1.02592
-25.0,38.5,1864.63739,0.13743
-24.0,38.5,1866.15655,-0.09565
-23.0,38.5,1865.27328,0.17795
-22.0,38.5,1869.10869,-0.6534
-21.0,38.5,1876.5398,-0.32009
-20.0,38.5,1881.30336,0.11534
-19.0,38.5,1869.17613,0.33044
-18.0,38.5,1874.79696,-0.11419
-17.0,38.5,1872.35625,0.02309
-16.0,38.5,1872.05115,-0.02483
-15.0,38.5,1884.9928,0.00148
-14.0,38.5,1879.68266,-0.00791
-13.0,38.5,1879.67899,0.00123
-12.0,38.5,1881.65157,-0.01714
-35.0,39.5,1857.34106,0.877
-34.0,39.5,1855.18836,-0.80208
-33.0,39.5,1854.63084,-0.24052
-32.0,39.5,1856.96809,0.22765
-31.0,39.5,1855.30789,0.21033
-30.0,39.5,1847.83719,-0.2987
-29.0,39.5,1860.18754,-0.15685
-28.0,39.5,1861.45605,-0.01167
-27.0,39.5,1865.61732,-0.76249
-26.0,39.5,1864.80041,-1.17111
-25.0,39.5,1862.64651,-0.20766
-24.0,39.5,1868.26947,-0.14359
-23.0,39.5,1868.9245,0.2503
-22.0,39.5,1867.57607,0.29521
-21.0,39.5,1883.27176,0.68095
-20.0,39.5,1878.2306,0.68174
-19.0,39.5,1879.69656,0.01682
-18.0,39.5,1877.42463,-0.28982
-17.0,39.5,1873.77123,-0.03434
-16.0,39.5,1881.03072,-0.0045
-15.0,39.5,1884.91759,0.01359
-14.0,39.5,1885.38485,0.0158
-13.0,39.5,1882.98791,0.01185
-12.0,39.5,1880.65482,-0.00545
-35.0,40.5,1852.42552,0.3642
-34.0,40.5,1852.2076,0.73425
-33.0,40.5,1854.09581,0.5087
-32.0,40.5,1843.56741,0.35541
-31.0,40.5,1852.29605,0.10861
-30.0,40.5,1877.60998,-1.44455
-29.0,40.5,1863.69058,0.25443
-28.0,40.5,1859.94296,0.21827
-27.0,40.5,1865.94928,-0.26564
-26.0,40.5,1870.6431,-0.40704
-25.0,40.5,1873.52409,-0.3289
-24.0,40.5,1880.65675,-0.16147
-23.0,40.5,1881.50146,0.12682
-22.0,40.5,1870.65151,0.10727
-21.0,40.5,1873.55943,0.4344
-20.0,40.5,1865.18866,0.38306
-19.0,40.5,1878.35442,-0.15809
-18.0,40.5,1878.61171,0.18854
-17.0,40.5,1881.00129,-0.0361
-16.0,40.5,1866.68694,-0.00699
-15.0,40.5,1863.48063,0.04982
-14.0,40.5,1865.24252,0.12047
-13.0,40.5,1865.1543,-0.001
-12.0,40.5,1862.83331,0.14957
-35.0,41.5,1854.99435,0.70169
-34.0,41.5,1854.43179,0.13806
-33.0,41.5,1851.67686,0.02246
-32.0,41.5,1850.78182,-0.30558
-31.0,41.5,1856.15216,0.24537
-30.0,41.5,1864.11304,0.34436
-29.0,41.5,1858.39233,-0.15543
-28.0,41.5,1866.94191,-0.16801
-27.0,41.5,1881.31121,-1.08734
-26.0,41.5,1876.02951,-0.40494
-25.0,41.5,1877.70932,0.13687
-24.0,41.5,1876.72987,-0.05414
-23.0,41.5,1872.90562,1.09425
-22.0,41.5,1868.13926,1.03316
-21.0,41.5,1877.07744,0.11541
-20.0,41.5,1877.21506,0.03058
-19.0,41.5,1874.35006,-0.21079
-18.0,41.5,1870.31347,-0.16614
-17.0,41.5,1859.0574,-0.46081
-16.0,41.5,1872.55487,-0.19359
-15.0,41.5,1873.25451,0.11197
-14.0,41.5,1880.92777,-1.01987
-13.0,41.5,1885.48793,0.79781
-12.0,41.5,1879.54935,-0.54348
-35.0,42.5,1845.34821,0.02452
-34.0,42.5,1849.68203,-0.04696
-33.0,42.5,1849.06352,0.32245
-32.0,42.5,1851.48356,0.3584
-31.0,42.5,1850.15627,-0.21527
-30.0,42.5,1861.26317,0.30595
-29.0,42.5,1859.43666,0.22282
-28.0,42.5,1872.01761,-0.43003
-27.0,42.5,1878.84831,-0.21749
-26.0,42.5,1876.13032,-0.53116
-25.0,42.5,1876.01332,-0.40386
-24.0,42.5,1862.93527,-1.45044
-23.0,42.5,1868.21887,0.03083
-22.0,42.5,1860.76038,-0.2368
-21.0,42.5,1870.98283,0.11776
-20.0,42.5,1877.58329,0.07442
-19.0,42.5,1879.56012,0.18148
-18.0,42.5,1871.47065,-0.43569
-17.0,42.5,1878.95846,0.39041
-16.0,42.5,1878.38337,-0.11124
-15.0,42.5,1869.78216,-0.16928
-14.0,42.5,1889.7163,-0.0275
-13.0,42.5,1892.14237,-0.21981
-12.0,42.5,1891.00707,-1.8504
-35.0,43.5,1846.04552,-0.24186
-34.0,43.5,1851.99656,0.0614
-33.0,43.5,1851.14416,0.36651
-32.0,43.5,1855.28171,0.37128
-31.0,43.5,1852.51341,0.59468
-30.0,43.5,1850.48651,-0.52111
-29.0,43.5,1852.0519,0.57942
-28.0,43.5,1845.82267,-0.22922
-27.0,43.5,1860.66072,5.19813
-26.0,43.5,1865.66456,1.36563
-25.0,43.5,1857.10016,0.31703
-24.0,43.5,1865.13337,0.10288
-23.0,43.5,1866.79623,0.04806
-22.0,43.5,1869.37012,0.03662
-21.0,43.5,1868.46921,0.13455
-20.0,43.5,1869.29059,-0.43511
-19.0,43.5,1853.03359,0.05192
-18.0,43.5,1859.08035,-0.00853
-17.0,43.5,1878.13199,0.01714
-16.0,43.5,1866.84453,0.27045
-15.0,43.5,1873.84263,0.43099
-14.0,43.5,1883.53514,-0.23194
-13.0,43.5,1883.62062,-0.30512
-12.0,43.5,1829.179,-0.24688
-35.0,44.5,1860.92474,0.23419
-34.0,44.5,1861.39813,0.12159
-33.0,44.5,1860.36389,0.04404
-32.0,44.5,1855.07688,-0.02167
-31.0,44.5,1851.61499,-1.2969
-30.0,44.5,1859.35258,-0.4762
-29.0,44.5,1858.0805,0.24816
-28.0,44.5,1862.45345,0.02785
-27.0,44.5,1870.00478,0.1552
-26.0,44.5,1865.9672,-0.16666
-25.0,44.5,1878.79607,0.03525
-24.0,44.5,1887.09997,0.0251
-23.0,44.5,1887.12247,0.02998
-22.0,44.5,1879.88244,0.03103
-21.0,44.5,1879.837,0.02436
-20.0,44.5,1873.06097,0.05266
-19.0,44.5,1865.30115,-0.00169
-18.0,44.5,1879.89381,0.021
-17.0,44.5,1877.00382,0.00421
-16.0,44.5,1882.44629,0.07717
-15.0,44.5,1875.67457,0.43567
-14.0,44.5,1871.79149,0.04322
-13.0,44.5,1875.57685,-0.00734
-12.0,44.5,1843.03803,0.21853
-35.0,45.5,1854.54842,0.26795
-34.0,45.5,1860.26609,0.01566
-33.0,45.5,1858.17585,0.03497
-32.0,45.5,1858.16513,0.01691
-31.0,45.5,1852.7438,1.20331
-30.0,45.5,1851.12083,0.27281
-29.0,45.5,1864.09126,0.83477
-28.0,45.5,1866.01954,0.07611
-27.0,45.5,1870.30689,-0.20104
-26.0,45.5,1879.36312,-0.24895
-25.0,45.5,1881.80547,0.01997
-24.0,45.5,1887.13132,0.02245
-23.0,45.5,1886.56366,0.02839
-22.0,45.5,1882.91988,0.02764
-21.0,45.5,1889.42623,0.02263
-20.0,45.5,1886.56296,0.02113
-19.0,45.5,1884.26252,0.02198
-18.0,45.5,1882.62388,0.02059
-17.0,45.5,1882.8394,0.01913
-16.0,45.5,1883.20485,0.10018
-15.0,45.5,1890.6595,0.13773
-14.0,45.5,1880.88282,-0.12754
-13.0,45.5,1860.67798,0.14114
-12.0,45.5,1896.00396,-0.48052
-35.0,46.5,1863.33397,1.70447
-34.0,46.5,1862.8947,1.61428
-33.0,46.5,1856.07019,0.22456
-32.0,46.5,1855.21319,0.16864
-31.0,46.5,1853.72364,0.37388
-30.0,46.5,1857.06958,-0.81379
-29.0,46.5,1866.26486,-0.5048
-28.0,46.5,1866.42077,-0.21666
-27.0,46.5,1876.04999,-0.44133
-26.0,46.5,1884.96577,-0.21178
-25.0,46.5,1878.93253,-0.0741
-24.0,46.5,1882.82159,0.063
-23.0,46.5,1882.00893,0.05399
-22.0,46.5,1888.45537,0.01402
-21.0,46.5,1886.70378,0.02586
-20.0,46.5,1884.24095,0.01962
-19.0,46.5,1888.01249,0.01946
-18.0,46.5,1885.32958,0.02017
-17.0,46.5,1888.9572,0.02135
-16.0,46.5,1884.46399,0.02595
-15.0,46.5,1890.04328,0.25022
-14.0,46.5,1885.06086,0.26226
-13.0,46.5,1884.68019,0.15036
-12.0,46.5,1889.85972,0.05487
-35.0,47.5,1864.14538,-0.81589
-34.0,47.5,1856.6361,-0.36303
-33.0,47.5,1844.47389,-0.09522
-32.0,47.5,1852.73997,-2.02433
-31.0,47.5,1849.34322,0.06119
-30.0,47.5,1857.85056,-0.5627
-29.0,47.5,1868.68967,-0.16116
-28.0,47.5,1874.12813,-0.30382
-27.0,47.5,1877.27252,0.04528
-26.0,47.5,1881.61016,-0.35951
-25.0,47.5,1871.90594,-0.17443
-24.0,47.5,1851.16671,0.04871
-23.0,47.5,1864.92241,0.02474
-22.0,47.5,1871.75444,0.01824
-21.0,47.5,1876.95378,0.01439
-20.0,47.5,1885.24623,0.01069
-19.0,47.5,1889.97359,0.01128
-18.0,47.5,1886.92077,0.01387
-17.0,47.5,1887.099,0.01307
-16.0,47.5,1885.97042,0.02312
-15.0,47.5,1878.71053,-0.03252
-14.0,47.5,1870.80802,-0.19867
-13.0,47.5,1893.63187,-0.32258
-12.0,47.5,1888.14136,-0.31338
-35.0,48.5,1860.00702,-0.88188
-34.0,48.5,1850.76638,0.48851
-33.0,48.5,1852.52602,0.39034
-32.0,48.5,1849.8335,2.91817
-31.0,48.5,1854.21807,-0.13279
-30.0,48.5,1862.45988,0.24068
-29.0,48.5,1864.70492,-0.26193
-28.0,48.5,1866.83684,1.07763
-27.0,48.5,1869.28409,-0.02348
-26.0,48.5,1868.09811,-0.05101
-25.0,48.5,1863.81423,1.07187
-24.0,48.5,1868.41904,-0.85654
-23.0,48.5,1882.15449,-0.05588
-22.0,48.5,1854.28635,-0.14014
-21.0,48.5,1864.55411,-0.01916
-20.0,48.5,1864.21268,-0.00506
-19.0,48.5,1873.09147,0.01978
-18.0,48.5,1881.57797,0.02423
-17.0,48.5,1884.27547,0.02142
-16.0,48.5,1886.67265,0.01474
-15.0,48.5,1888.82202,0.0202
-14.0,48.5,1869.87982,0.04467
-13.0,48.5,1860.02472,-0.03931
-12.0,48.5,1882.07401,-0.12818
-35.0,49.5,1847.60407,-0.25682
-34.0,49.5,1848.47851,-0.14807
-33.0,49.5,1852.52398,0.39757
-32.0,49.5,1850.11545,-2.38829
-31.0,49.5,1863.45468,0.95282
-30.0,49.5,1860.7634,0.41807
-29.0,49.5,1861.00556,0.10057
-28.0,49.5,1862.6471,0.57594
-27.0,49.5,1868.02588,0.62229
-26.0,49.5,1871.49365,-1.99422
-25.0,49.5,1867.80134,2.69105
-24.0,49.5,1877.13538,0.32265
-23.0,49.5,1868.84951,-0.71258
-22.0,49.5,1877.22743,-0.36761
-21.0,49.5,1883.18776,-0.42343
-20.0,49.5,1880.57654,-0.08201
-19.0,49.5,1862.84014,-0.43162
-18.0,49.5,1860.6546,0.33474
-17.0,49.5,1843.9219,0.06605
-16.0,49.5,1847.48751,0.013
-15.0,49.5,1878.65616,-0.01253
-14.0,49.5,1883.95505,-0.53177
-13.0,49.5,1876.30645,0.03131
-12.0,49.5,1872.28766,0.05868
-35.0,50.5,1846.63513,0.01238
-34.0,50.5,1851.87298,-0.12446
-33.0,50.5,1863.07433,0.24162
-32.0,50.5,1868.59061,-0.89244
-31.0,50.5,1865.51295,-0.06337
-30.0,50.5,1861.47357,0.58586
-29.0,50.5,1861.57027,0.21028
-28.0,50.5,1859.41474,-0.38046
-27.0,50.5,1864.11143,-0.47748
-26.0,50.5,1871.47802,-1.48178
-25.0,50.5,1859.67926,-0.78247
-24.0,50.5,1877.59736,0.08475
-23.0,50.5,1880.27185,-0.65391
-22.0,50.5,1880.95938,-0.62833
-21.0,50.5,1878.45159,0.0742
-20.0,50.5,1878.16988,-0.57118
-19.0,50.5,1886.76772,0.14686
-18.0,50.5,1892.87282,0.2507
-17.0,50.5,1847.23085,-0.01381
-16.0,50.5,1856.06922,-0.07387
-15.0,50.5,1857.98054,0.16009
-14.0,50.5,1865.73344,0.36187
-13.0,50.5,1889.56709,0.04067
-12.0,50.5,1900.61038,0.06557
-35.0,51.5,1857.6764,0.40552
-34.0,51.5,1859.79323,0.37028
-33.0,51.5,1866.45595,1.25978
-32.0,51.5,1860.23726,-0.23301
-31.0,51.5,1859.26794,-0.17827
-30.0,51.5,1855.83852,0.2049
-29.0,51.5,1859.70624,0.07705
-28.0,51.5,1861.87668,-0.26841
-27.0,51.5,1864.232,-0.38356
-26.0,51.5,1864.85416,0.11799
-25.0,51.5,1871.02894,0.33534
-24.0,51.5,1873.11138,0.99541
-23.0,51.5,1863.41612,-0.08574
-22.0,51.5,1868.6085,-0.20186
-21.0,51.5,1873.22822,-0.4688
-20.0,51.5,1874.65401,-0.06355
-19.0,51.5,1881.47681,-0.05911
-18.0,51.5,1879.87437,-1.23297
-17.0,51.5,1883.42235,0.07733
-16.0,51.5,1882.28018,0.21286
-15.0,51.5,1881.86063,-0.46241
-14.0,51.5,1885.28469,0.0055
-13.0,51.5,1887.50435,-0.73783
-12.0,51.5,1888.74517,0.01208
